NIU,PERSO_JUR,REGIME_2022,PROFIL_2022,CENTRE_2022,CRI_2022,QUAL_NIU_2022,LOG_CA_2022,LOG_CA_EXP_2022,LOG_VAL_EXP_2022,LOG_VAL_IMP_2022,RATIO_EXP_CA_2022,RATIO_IMP_CA_2022,ECART_EXP_DOUANE_2022,RATIO_ECART_2022,EVOL_CA_2122,INTENSITE_EXP_2022,INTENSITE_IMP_2022,NIU_MAUVAIS,SCORE_FICH_2022,SCORE_DEV_2022,SCORE_RCA_2022,FRAUDE_2022
1,Personne morale,RSI,C,CDI,CRIC1,Bon,0.0,0.0,17.830585047287038,0.0,0.0,0.0,55427423.0,55427423.0,0.0,1,0,0,1,1,0,1
2,Personne morale,HRI,C,CDI,CRIC1,Bon,0.0,0.0,21.253729887469586,0.0,0.0,0.0,1699720881.0,1699720881.0,0.0,1,0,0,1,1,0,1
3,Personne morale,RSI,C,CDI,CRIC1,Bon,0.0,0.0,17.744156946163795,0.0,0.0,0.0,50838115.0,50838115.0,0.0,1,0,0,1,2,0,1
4,Personne morale,RSI,C,CDI,CRIC1,Bon,0.0,0.0,18.26435770960403,0.0,0.0,0.0,85528285.0,85528285.0,0.0,1,0,0,1,2,0,1
5,Personne morale,RSI,C,CDI,CRIC1,Bon,0.0,0.0,17.96677754044129,0.0,0.0,0.0,63514420.0,63514420.0,0.0,1,0,0,1,2,0,1
6,Personne morale,RSI,C,CDI,CRIC1,Bon,0.0,0.0,21.125801871503896,0.0,0.0,0.0,1495612817.0,1495612817.0,0.0,1,0,0,1,2,0,1
7,Personne physique,RSI,C,CDI,CRIE,Bon,0.0,0.0,18.71537815874562,0.0,0.0,0.0,134272000.0,134272000.0,0.0,1,0,0,2,1,0,1
8,Personne physique,IL,C,CDI,CRIE,Bon,0.0,0.0,19.5526665592488,0.0,0.0,0.0,310181000.0,310181000.0,0.0,1,0,0,2,1,0,1
9,Personne physique,RSI,C,CDI,CRIE,Bon,0.0,0.0,18.406074601710138,0.0,0.0,0.0,98550000.0,98550000.0,0.0,1,0,0,2,1,0,1
10,Personne physique,RSI,C,CDI,CRIEN,Bon,0.0,0.0,18.228890512410317,0.0,0.0,0.0,82548000.0,82548000.0,0.0,1,0,0,1,1,0,1
11,Personne morale,RSI,C,CDI,CRIEN,Bon,0.0,0.0,18.93888329714328,0.0,0.0,0.0,167900700.0,167900700.0,0.0,1,0,0,2,1,0,1
12,Personne physique,HRI,C,CDI,CRIEN,Bon,0.0,0.0,21.555476527338627,0.0,0.0,0.0,2298394165.0,2298394165.0,0.0,1,0,0,2,1,0,1
13,Personne morale,RSI,C,CDI,CRIL1,Bon,0.0,0.0,17.783122979220707,0.0,0.0,0.0,52858176.0,52858176.0,0.0,1,0,0,1,1,0,1
14,Personne physique,SALARIE,C,CDI,CRIL1,Bon,0.0,0.0,17.78617977768596,0.0,0.0,0.0,53020000.0,53020000.0,0.0,1,0,0,2,1,0,1
15,Personne morale,RSI,C,CDI,CRIL1,Bon,0.0,0.0,17.877862521162694,0.0,0.0,0.0,58110824.0,58110824.0,0.0,1,0,0,1,1,0,1
16,Personne physique,SALARIE,C,CDI,CRIL1,Bon,0.0,0.0,18.192524663377426,0.0,0.0,0.0,79600000.0,79600000.0,0.0,1,0,0,2,1,0,1
17,Personne physique,HRI,C,CDI,CRIL1,Bon,0.0,0.0,18.944969566763323,0.0,0.0,0.0,168925705.0,168925705.0,0.0,1,0,0,2,1,0,1
18,Personne physique,HRI,C,CDI,CRIL1,Bon,0.0,0.0,19.82061412187548,0.0,0.0,0.0,405492980.0,405492980.0,0.0,1,0,0,2,1,0,1
19,Personne morale,HRI,C,CDI,CRIL1,Bon,0.0,0.0,22.060824040101007,0.0,0.0,0.0,3809729552.0,3809729552.0,0.0,1,0,0,1,1,0,1
20,Personne physique,RSI,C,CDI,CRIL1,Bon,0.0,0.0,18.67742421052123,0.0,0.0,0.0,129271345.0,129271345.0,0.0,1,0,0,1,1,0,1
21,Personne morale,HRI,C,CDI,CRIL1,Bon,0.0,0.0,18.36659410971588,0.0,0.0,0.0,94735002.0,94735002.0,0.0,1,0,0,2,1,0,1
22,Personne morale,RSI,C,CDI,CRIL1,Bon,0.0,0.0,17.775346907771564,0.0,0.0,0.0,52448741.0,52448741.0,0.0,1,0,0,1,1,0,1
23,Personne physique,RSI,C,CDI,CRIL1,Bon,0.0,0.0,18.23656048245858,0.0,0.0,0.0,83183575.0,83183575.0,0.0,1,0,0,2,1,0,1
24,Personne physique,RSI,C,CDI,CRIL1,Bon,0.0,0.0,18.50685844936773,0.0,0.0,0.0,109000000.0,109000000.0,0.0,1,0,0,1,2,0,1
25,Personne physique,RSI,C,CDI,CRIL1,Bon,0.0,0.0,18.392281279718734,0.0,0.0,0.0,97200000.0,97200000.0,0.0,1,0,0,1,2,0,1
26,Personne morale,RSI,C,CDI,CRIL1,Bon,0.0,0.0,17.907352006676692,0.0,0.0,0.0,59850000.0,59850000.0,0.0,1,0,0,1,2,0,1
27,Personne physique,RSI,C,CDI,CRIL1,Bon,0.0,0.0,18.898602944643102,0.0,0.0,0.0,161272000.0,161272000.0,0.0,1,0,0,1,2,0,1
28,Personne morale,RSI,C,CDI,CRIL1,Bon,0.0,0.0,17.90729987499292,0.0,0.0,0.0,59846880.0,59846880.0,0.0,1,0,0,1,2,0,1
29,Personne morale,RSI,C,CDI,CRIL1,Bon,0.0,0.0,19.065407651674644,0.0,0.0,0.0,190546658.0,190546658.0,0.0,1,0,0,1,2,0,1
30,Personne morale,RSI,C,CDI,CRIL1,Bon,0.0,0.0,20.365961546439237,0.0,0.0,0.0,699559595.0,699559595.0,0.0,1,0,0,1,2,0,1
31,Personne morale,RSI,C,CDI,CRIL1,Bon,0.0,0.0,21.162408666482136,0.0,0.0,0.0,1551376853.0,1551376853.0,0.0,1,0,0,1,2,0,1
32,Personne physique,RSI,C,CDI,CRIL2,Bon,0.0,0.0,20.264089620735483,0.0,0.0,0.0,631803900.0,631803900.0,0.0,1,0,0,2,1,0,1
33,Personne morale,RSI,C,CDI,CRIL2,Bon,0.0,0.0,18.48852162815669,0.0,0.0,0.0,107019500.0,107019500.0,0.0,1,0,0,1,2,0,1
34,Personne physique,RSI,C,CDI,CRIL2,Bon,0.0,0.0,18.179527245280674,0.0,0.0,0.0,78572100.0,78572100.0,0.0,1,0,0,1,2,0,1
35,Personne morale,RSI,C,CDI,CRIL2,Bon,0.0,0.0,19.6859390650673,0.0,0.0,0.0,354400810.0,354400810.0,0.0,1,0,0,0,2,0,1
36,Personne morale,RSI,C,CDI,CRINO,Bon,0.0,0.0,18.187251197706104,0.0,0.0,0.0,79181337.0,79181337.0,0.0,1,0,0,1,2,0,1
37,Personne morale,RSI,C,CDI,CRISO,Bon,0.0,0.0,18.303810163132425,0.0,0.0,0.0,88970032.0,88970032.0,0.0,1,0,0,1,2,0,1
38,Personne morale,REEL,C,CIME,CRIA,Bon,0.0,0.0,19.00337280894623,0.0,0.0,0.0,179085303.0,179085303.0,0.0,1,0,0,0,2,0,1
39,Personne morale,REEL,C,CIME,CRIC1,Bon,0.0,0.0,19.19425979183802,0.0,0.0,0.0,216751000.0,216751000.0,0.0,1,0,0,0,1,0,1
40,Personne physique,REEL,C,CIME,CRIC1,Bon,0.0,0.0,19.641055927748965,0.0,0.0,0.0,338845878.0,338845878.0,0.0,1,0,0,0,1,0,1
41,Personne physique,REEL,C,CIME,CRIC1,Bon,0.0,0.0,21.192019029096443,0.0,0.0,0.0,1598000550.0,1598000550.0,0.0,1,0,0,1,1,0,1
42,Personne morale,REEL,C,CIME,CRIC1,Bon,0.0,0.0,19.071278824820844,0.0,0.0,0.0,191668681.0,191668681.0,0.0,1,0,0,0,2,0,1
43,Personne physique,REEL,C,CIME,CRIC1,Bon,0.0,0.0,17.986055563499324,0.0,0.0,0.0,64750731.0,64750731.0,0.0,1,0,0,0,2,0,1
44,Personne morale,REEL,C,CIME,CRIC2,Bon,0.0,0.0,21.300869390065095,0.0,0.0,0.0,1781763408.0,1781763408.0,0.0,1,0,0,0,2,0,1
45,Personne morale,REEL,C,CIME,CRIC2,Bon,0.0,0.0,20.97406999083726,0.0,0.0,0.0,1285058385.0,1285058385.0,0.0,1,0,0,0,2,0,1
46,Personne physique,REEL,C,CIME,CRIE,Bon,0.0,0.0,18.45812103655873,0.0,0.0,0.0,103815000.0,103815000.0,0.0,1,0,0,1,1,0,1
47,Personne morale,REEL,C,CIME,CRIE,Bon,0.0,0.0,18.585120478023338,0.0,0.0,0.0,117873252.0,117873252.0,-0.9999999341953782,1,0,0,0,2,0,1
48,Personne morale,REEL,C,CIME,CRIE,Bon,0.0,0.0,21.071398118123195,0.0,0.0,0.0,1416419602.0,1416419602.0,0.0,1,0,0,0,2,0,1
49,Personne morale,HRI,C,CIME,CRIEN,Bon,0.0,0.0,18.176377407569845,0.0,0.0,0.0,78325000.0,78325000.0,0.0,1,0,0,1,1,0,1
50,Personne physique,REEL,C,CIME,CRIEN,Bon,0.0,0.0,22.457785317124998,0.0,0.0,0.0,5666204425.0,5666204425.0,0.0,1,0,0,0,2,0,1
51,Personne morale,REEL,C,CIME,CRIL1,Bon,0.0,0.0,18.019768082715295,0.0,0.0,0.0,66970854.0,66970854.0,0.0,1,0,0,0,1,0,1
52,Personne morale,REEL,C,CIME,CRIL1,Bon,0.0,0.0,18.328690140253492,0.0,0.0,0.0,91211371.0,91211371.0,0.0,1,0,0,0,1,0,1
53,Personne morale,REEL,C,CIME,CRIL1,Bon,0.0,0.0,19.87348950100792,0.0,0.0,0.0,427510539.0,427510539.0,0.0,1,0,0,1,1,0,1
54,Personne morale,HRI,C,CIME,CRIL1,Bon,0.0,0.0,18.006766774521292,0.0,0.0,0.0,66105781.0,66105781.0,0.0,1,0,0,1,1,0,1
55,Personne physique,REEL,C,CIME,CRIL1,Bon,0.0,0.0,18.938517388970926,0.0,0.0,0.0,167839275.0,167839275.0,0.0,1,0,0,2,1,0,1
56,Personne morale,REEL,C,CIME,CRIL1,Bon,0.0,0.0,18.0709785339048,0.0,0.0,0.0,70489796.0,70489796.0,0.0,1,0,0,0,2,0,1
57,Personne physique,REEL,C,CIME,CRIL1,Bon,0.0,0.0,19.421303767603405,0.0,0.0,0.0,271997590.0,271997590.0,0.0,1,0,0,0,2,0,1
58,Personne morale,REEL,C,CIME,CRIL1,Bon,0.0,0.0,18.304257966475202,0.0,0.0,0.0,89009882.0,89009882.0,0.0,1,0,0,0,2,0,1
59,Personne morale,REEL,C,CIME,CRIL1,Bon,0.0,0.0,17.892262523971457,0.0,0.0,0.0,58953674.0,58953674.0,0.0,1,0,0,0,2,0,1
60,Personne morale,REEL,C,CIME,CRIL1,Bon,0.0,0.0,18.617605486631284,0.0,0.0,0.0,121765239.0,121765239.0,0.0,1,0,0,0,2,0,1
61,Personne morale,REEL,C,CIME,CRIL1,Bon,0.0,0.0,18.36575983561718,0.0,0.0,0.0,94656000.0,94656000.0,0.0,1,0,0,0,2,0,1
62,Personne morale,REEL,C,CIME,CRIL1,Bon,0.0,0.0,19.29237867658321,0.0,0.0,0.0,239096710.0,239096710.0,0.0,1,0,0,0,2,0,1
63,Personne morale,REEL,C,CIME,CRIL1,Bon,0.0,0.0,20.771386351236117,0.0,0.0,0.0,1049297102.0,1049297102.0,0.0,1,0,0,0,2,0,1
64,Personne morale,REEL,C,CIME,CRIL1,Bon,0.0,0.0,18.52275791231992,0.0,0.0,0.0,110746892.0,110746892.0,0.0,1,0,0,0,2,0,1
65,Personne physique,REEL,C,CIME,CRIL1,Bon,0.0,0.0,19.2127678768962,0.0,0.0,0.0,220800000.0,220800000.0,0.0,1,0,0,0,2,0,1
66,Personne morale,REEL,C,CIME,CRIL2,Bon,0.0,0.0,19.768581139668854,0.0,0.0,0.0,384933495.0,384933495.0,0.0,1,0,0,0,2,0,1
67,Personne morale,REEL,C,CIME,CRIL2,Bon,0.0,0.0,19.03047196198352,0.0,0.0,0.0,184004718.0,184004718.0,0.0,1,0,0,0,2,0,1
68,Personne morale,REEL,C,CIME,CRIL2,Bon,0.0,0.0,17.82978376904706,0.0,0.0,0.0,55383028.0,55383028.0,0.0,1,0,0,0,2,0,1
69,Personne morale,REEL,C,CIME,CRILEXT,Bon,0.0,0.0,18.2556976161043,0.0,0.0,0.0,84790800.0,84790800.0,0.0,1,0,0,0,2,0,1
70,Personne morale,REEL,C,CIME,CRILEXT,Bon,0.0,0.0,18.148609597775557,0.0,0.0,0.0,76180005.0,76180005.0,0.0,1,0,0,0,2,0,1
71,Personne morale,REEL,C,CIME,CRIO,Bon,0.0,0.0,18.2731857640663,0.0,0.0,0.0,86286676.0,86286676.0,0.0,1,0,0,0,1,0,1
72,Personne morale,REEL,C,CIME,CRISO,Bon,0.0,0.0,18.285071285071595,0.0,0.0,0.0,87318357.0,87318357.0,0.0,1,0,0,0,1,0,1
73,Personne morale,REEL,C,CIME,CRISO,Bon,0.0,0.0,17.896973828092992,0.0,0.0,0.0,59232078.0,59232078.0,0.0,1,0,0,0,2,0,1
74,Personne morale,REEL,C,CIME,CRISO,Bon,0.0,0.0,18.214358923139446,0.0,0.0,0.0,81357120.0,81357120.0,0.0,1,0,0,0,2,0,1
75,Personne morale,OBNL,C,CSI,CRIC2,Bon,0.0,0.0,21.970451164712152,0.0,0.0,0.0,3480532598.0,3480532598.0,0.0,1,0,0,0,1,0,1
76,Personne morale,HRI,C,CSI,CRIC2,Bon,0.0,0.0,20.480895567443532,0.0,0.0,0.0,784765548.0,784765548.0,0.0,1,0,0,1,1,0,1
77,Personne morale,REEL,C,CSI,CRIC2,Bon,0.0,0.0,21.142246731910436,0.0,0.0,0.0,1520411306.0,1520411306.0,0.0,1,0,0,1,1,0,1
78,Personne morale,REEL,C,CSI,CRIL2,Bon,0.0,0.0,20.716706611181483,0.0,0.0,0.0,993462238.0,993462238.0,0.0,1,0,0,1,2,0,1
79,Personne morale,REEL,C,CSI,CRIL2,Bon,0.0,0.0,20.303968161477492,0.0,0.0,0.0,657508441.0,657508441.0,0.0,1,0,0,0,2,0,1
80,Personne morale,REEL,C,CSI,CRIL2,Bon,0.0,0.0,19.460307071008415,0.0,0.0,0.0,282816000.0,282816000.0,0.0,1,0,0,0,2,0,1
81,Personne morale,REEL,C,DGE,DGE,Bon,0.0,0.0,21.74214590570689,0.0,0.0,0.0,2770090714.0,2770090714.0,0.0,1,0,0,0,1,0,1
82,Personne morale,REEL,C,DGE,DGE,Bon,0.0,0.0,23.899372602159346,0.0,0.0,0.0,23953315899.0,23953315899.0,0.0,1,0,0,0,1,0,1
83,Personne morale,REEL,C,DGE,DGE,Bon,0.0,0.0,24.8613462796366,0.0,0.0,0.0,62682383464.0,62682383464.0,0.0,1,0,0,0,1,0,1
84,Personne morale,REEL,C,DGE,DGE,Bon,0.0,0.0,25.78570247636015,0.0,0.0,0.0,157974975790.0,157974975790.0,0.0,1,0,0,0,2,0,1
85,Personne morale,REEL,C,DGE,DGE,Bon,0.0,0.0,21.42104371426135,0.0,0.0,0.0,2009282869.0,2009282869.0,0.0,1,0,0,0,2,0,1
86,Personne morale,REEL,C,DGE,DGE,Bon,0.0,0.0,17.919493521206373,0.0,0.0,0.0,60581099.0,60581099.0,0.0,1,0,0,0,2,0,1
87,Personne morale,REEL,C,DGE,DGE,Bon,0.0,0.0,22.644343029688635,0.0,0.0,0.0,6828309914.0,6828309914.0,0.0,1,0,0,0,2,0,1
88,Personne morale,REEL,C,DGE,DGE,Bon,0.0,0.0,23.04263009854125,0.0,0.0,0.0,10169207294.0,10169207294.0,0.0,1,0,0,0,2,0,1
89,Personne morale,REEL,C,DGE,DGE,Bon,0.0,0.0,19.977326498210967,0.0,0.0,0.0,474288572.0,474288572.0,0.0,1,0,0,0,2,0,1
90,Personne morale,REEL,C,DGE,DGE,Bon,0.0,0.0,21.626373703027394,0.0,0.0,0.0,2467259118.0,2467259118.0,0.0,1,0,0,0,2,0,1
91,Personne morale,REEL,C,DGE,DGE,Bon,0.0,0.0,25.949026251694235,0.0,0.0,0.0,186002555849.0,186002555849.0,0.0,1,0,0,0,2,0,1
92,Personne morale,REEL,C,DGE,DGE,Bon,0.0,0.0,18.347289402649714,0.0,0.0,0.0,92923710.0,92923710.0,0.0,1,0,0,0,2,0,1
93,Personne physique,RSI,C,CDI,CRIL1,Bon,0.0,0.0,0.0,19.36272109446717,0.0,256521000.0,0.0,0.0,0.0,0,1,0,2,0,0,0
94,Personne physique,SALARIE,C,CDI,CRIL1,Bon,0.0,0.0,0.0,19.06644135209695,0.0,190743728.0,0.0,0.0,0.0,0,1,0,2,0,0,0
95,Personne physique,SALARIE,C,CDI,CRIL2,Bon,0.0,0.0,0.0,19.088510121656228,0.0,195000000.0,0.0,0.0,0.0,0,1,0,2,0,0,0
96,Personne physique,HRI,C,CDI,CRISO,Bon,0.0,0.0,0.0,18.756828535089692,0.0,139954584.0,0.0,0.0,0.0,0,1,0,2,0,0,0
97,Personne physique,RSI,C,CDI,CRISO,Bon,0.0,0.0,0.0,18.734770442882972,0.0,136901252.0,0.0,0.0,0.0,0,1,0,2,0,0,0
98,Personne physique,IL,C,CDI,CRIA,Bon,0.0,0.0,0.0,18.535133056682145,0.0,112125916.0,0.0,0.0,0.0,0,1,0,2,0,0,0
99,Personne morale,RSI,C,CDI,CRIA,Bon,0.0,0.0,0.0,19.419586805008215,0.0,271530981.0,0.0,0.0,0.0,0,1,0,0,1,0,1
100,Personne physique,SALARIE,C,CDI,CRIC1,Bon,0.0,0.0,0.0,19.651253529951486,0.0,342318972.0,0.0,0.0,0.0,0,1,0,1,0,0,0
101,Personne morale,RSI,C,CDI,CRIC1,Bon,0.0,0.0,0.0,19.074791475581335,0.0,192343130.0,0.0,0.0,0.0,0,1,0,2,0,0,0
102,Personne morale,RSI,C,CDI,CRIC1,Bon,0.0,0.0,0.0,23.38100323321002,0.0,14263978827.0,0.0,0.0,0.0,0,1,0,2,0,0,0
103,Personne physique,RSI,C,CDI,CRIC1,Bon,0.0,0.0,0.0,18.675634936912626,0.0,129040250.0,0.0,0.0,0.0,0,1,0,2,0,0,0
104,Personne morale,HRI,C,CDI,CRIC1,Bon,0.0,0.0,0.0,19.444431876381998,0.0,278361691.0,0.0,0.0,0.0,0,1,0,2,0,0,0
105,Personne morale,HRI,C,CDI,CRIC1,Bon,0.0,0.0,0.0,18.784693533928078,0.0,143909261.0,0.0,0.0,0.0,0,1,0,1,0,0,0
106,Personne morale,HRI,C,CDI,CRIC1,Bon,0.0,0.0,0.0,19.581488379417983,0.0,319251061.0,0.0,0.0,0.0,0,1,0,1,0,0,0
107,Personne morale,HRI,C,CDI,CRIC1,Bon,0.0,0.0,0.0,20.160437721758058,0.0,569595900.0,0.0,0.0,0.0,0,1,0,1,0,0,0
108,Personne morale,RSI,C,CDI,CRIC1,Bon,0.0,0.0,0.0,19.891262318227998,0.0,435176527.0,0.0,0.0,0.0,0,1,0,0,0,0,0
109,Personne morale,RSI,C,CDI,CRIC1,Bon,0.0,0.0,0.0,18.776602191083665,0.0,142749540.0,0.0,0.0,0.0,0,1,0,1,0,0,0
110,Personne morale,RSI,C,CDI,CRIC1,Bon,0.0,0.0,0.0,19.427504360689174,0.0,273689376.0,0.0,0.0,0.0,0,1,0,1,0,0,0
111,Personne physique,RSI,C,CDI,CRIC1,Bon,0.0,0.0,0.0,18.858462814715676,0.0,154926723.0,0.0,0.0,0.0,0,1,0,1,0,0,0
112,Personne morale,RSI,C,CDI,CRIC1,Bon,0.0,0.0,0.0,20.637952626709634,0.0,918224641.0,0.0,0.0,0.0,0,1,0,1,0,0,0
113,Personne morale,RSI,C,CDI,CRIC1,Bon,0.0,0.0,0.0,21.07231881455828,0.0,1417724295.0,0.0,0.0,0.0,0,1,0,1,0,0,0
114,Personne morale,RSI,C,CDI,CRIC1,Bon,0.0,0.0,0.0,18.672574110171915,0.0,128645884.0,0.0,0.0,0.0,0,1,0,0,0,0,0
115,Personne morale,RSI,C,CDI,CRIC1,Bon,0.0,0.0,0.0,18.895651168225278,0.0,160796663.0,0.0,0.0,0.0,0,1,0,0,1,0,1
116,Personne morale,RSI,C,CDI,CRIC1,Bon,0.0,0.0,0.0,20.36585622749276,0.0,699485922.0,0.0,0.0,0.0,0,1,0,0,1,0,1
117,Personne morale,RSI,C,CDI,CRIC1,Bon,0.0,0.0,0.0,21.3917622157419,0.0,1951301095.0,0.0,0.0,0.0,0,1,0,0,1,0,1
118,Personne morale,RSI,C,CDI,CRIC1,Bon,0.0,0.0,0.0,21.05755735323881,0.0,1396950317.0,0.0,0.0,0.0,0,1,0,0,1,0,1
119,Personne morale,OBNL,C,CIME,CRIC2,Bon,0.0,0.0,0.0,18.533580319347735,0.0,111951949.0,0.0,0.0,0.0,0,1,0,0,0,0,0
120,Personne morale,HRI,C,CDI,CRIC2,Bon,0.0,0.0,0.0,19.727966161214066,0.0,369612663.0,0.0,0.0,0.0,0,1,0,1,0,0,0
121,Personne morale,HRI,C,CDI,CRIC2,Bon,0.0,0.0,0.0,18.475037339139444,0.0,105586104.0,0.0,0.0,0.0,0,1,0,1,0,0,0
122,Personne morale,HRI,C,CDI,CRIC2,Bon,0.0,0.0,0.0,19.06437653803358,0.0,190350284.0,0.0,0.0,0.0,0,1,0,1,0,0,0
123,Personne morale,HRI,C,CDI,CRIC2,Bon,0.0,0.0,0.0,19.321391670494027,0.0,246135232.0,0.0,0.0,0.0,0,1,0,2,0,0,0
124,Personne morale,HRI,C,CDI,CRIC2,Bon,0.0,0.0,0.0,20.681089756273494,0.0,958700956.0,0.0,0.0,0.0,0,1,0,1,0,0,0
125,Personne morale,HRI,C,CDI,CRIC2,Bon,0.0,0.0,0.0,18.893688275711966,0.0,160481346.0,0.0,0.0,0.0,0,1,0,1,0,0,0
126,Personne morale,HRI,C,CDI,CRIC2,Bon,0.0,0.0,0.0,22.52400436929518,0.0,6054116974.0,0.0,0.0,0.0,0,1,0,1,0,0,0
127,Personne morale,HRI,C,CDI,CRIC2,Bon,0.0,0.0,0.0,21.47816574630018,0.0,2127398579.0,0.0,0.0,0.0,0,1,0,1,0,0,0
128,Personne morale,HRI,C,CDI,CRIC2,Bon,0.0,0.0,0.0,18.719062749898406,0.0,134767650.0,0.0,0.0,0.0,0,1,0,1,0,0,0
129,Personne morale,HRI,C,CDI,CRIC2,Bon,0.0,0.0,0.0,20.178650856934734,0.0,580065076.0,0.0,0.0,0.0,0,1,0,1,0,0,0
130,Personne morale,HRI,C,CDI,CRIC2,Bon,0.0,0.0,0.0,21.208892634572567,0.0,1625193356.0,0.0,0.0,0.0,0,1,0,1,0,0,0
131,Personne morale,HRI,C,CDI,CRIC2,Bon,0.0,0.0,0.0,18.56416164069704,0.0,115428475.0,0.0,0.0,0.0,0,1,0,2,0,0,0
132,Personne morale,HRI,C,CDI,CRIC2,Bon,0.0,0.0,0.0,19.54902771259851,0.0,309054350.0,0.0,0.0,0.0,0,1,0,1,0,0,0
133,Personne morale,HRI,C,CDI,CRIC2,Bon,0.0,0.0,0.0,20.797284064287474,0.0,1076826432.0,0.0,0.0,0.0,0,1,0,1,0,0,0
134,Personne morale,HRI,C,CDI,CRIC2,Bon,0.0,0.0,0.0,21.12213962394628,0.0,1490145530.0,0.0,0.0,0.0,0,1,0,1,0,0,0
135,Personne morale,HRI,C,CDI,CRIC2,Bon,0.0,0.0,0.0,20.468311289893308,0.0,774951720.0,0.0,0.0,0.0,0,1,0,1,0,0,0
136,Personne morale,HRI,C,CDI,CRIC2,Bon,0.0,0.0,0.0,21.27078935519464,0.0,1728965958.0,0.0,0.0,0.0,0,1,0,1,0,0,0
137,Personne morale,OBNL,C,CIME,CRIC2,Bon,0.0,0.0,0.0,19.29432855776416,0.0,239563375.0,0.0,0.0,0.0,0,1,0,0,0,0,0
138,Personne morale,OBNL,C,CIME,CRIC2,Bon,0.0,0.0,0.0,18.848499386423693,0.0,153390786.0,0.0,0.0,0.0,0,1,0,0,0,0,0
139,Personne morale,OBNL,C,CIME,CRIC2,Bon,0.0,0.0,0.0,18.62257405171941,0.0,122371743.0,0.0,0.0,0.0,0,1,0,0,0,0,0
140,Personne morale,OBNL,C,CIME,CRIC2,Bon,0.0,0.0,0.0,20.71456937913578,0.0,991341246.0,0.0,0.0,0.0,0,1,0,0,0,0,0
141,Personne morale,HRI,C,CDI,CRIC2,Bon,0.0,0.0,0.0,20.309538804943514,0.0,661181407.0,0.0,0.0,0.0,0,1,0,1,0,0,0
142,Personne morale,HRI,C,CDI,CRIC2,Bon,0.0,0.0,0.0,20.59227328502238,0.0,877224307.0,0.0,0.0,0.0,0,1,0,1,0,0,0
143,Personne morale,HRI,C,CDI,CRIC2,Bon,0.0,0.0,0.0,19.340111979279158,0.0,250786359.0,0.0,0.0,0.0,0,1,0,1,0,0,0
144,Personne morale,HRI,C,CDI,CRIC2,Bon,0.0,0.0,0.0,23.77916136938768,0.0,21240198298.0,0.0,0.0,0.0,0,1,0,1,0,0,0
145,Personne morale,HRI,C,CDI,CRIC2,Bon,0.0,0.0,0.0,19.937319693037065,0.0,455688350.0,0.0,0.0,0.0,0,1,0,1,0,0,0
146,Personne morale,HRI,C,CDI,CRIC2,Bon,0.0,0.0,0.0,20.33669705291865,0.0,679383992.0,0.0,0.0,0.0,0,1,0,1,0,0,0
147,Personne morale,HRI,C,CDI,CRIC2,Bon,0.0,0.0,0.0,18.604510363048533,0.0,120181103.0,0.0,0.0,0.0,0,1,0,1,0,0,0
148,Personne morale,RSI,C,CDI,CRIC2,Bon,0.0,0.0,0.0,19.209112399440812,0.0,219994344.0,0.0,0.0,0.0,0,1,0,1,0,0,0
149,Personne morale,RSI,C,CDI,CRIC2,Bon,0.0,0.0,0.0,20.514852806812446,0.0,811871639.0,0.0,0.0,0.0,0,1,0,0,0,0,0
150,Personne morale,RSI,C,CDI,CRIC2,Bon,0.0,0.0,0.0,19.211326952494236,0.0,220482073.0,0.0,0.0,0.0,0,1,0,1,0,0,0
151,Personne morale,RSI,C,CDI,CRIC2,Bon,0.0,0.0,0.0,21.567510361644885,0.0,2326219748.0,0.0,0.0,0.0,0,1,0,0,0,0,0
152,Personne morale,RSI,C,CDI,CRIC2,Bon,0.0,0.0,0.0,19.835540848860454,0.0,411591062.0,0.0,0.0,0.0,0,1,0,0,0,0,0
153,Personne morale,RSI,C,CDI,CRIC2,Bon,0.0,0.0,0.0,18.505938558516373,0.0,108899778.0,0.0,0.0,0.0,0,1,0,1,0,0,0
154,Personne physique,RSI,C,CDI,CRIC2,Bon,0.0,0.0,0.0,19.691673672378062,0.0,356438998.0,0.0,0.0,0.0,0,1,0,0,0,0,0
155,Personne morale,HRI,C,CDI,CRIC2,Bon,0.0,0.0,0.0,19.537630256672237,0.0,305551914.0,0.0,0.0,0.0,0,1,0,1,0,0,0
156,Personne morale,RSI,C,CDI,CRIC2,Bon,0.0,0.0,0.0,19.917594932770854,0.0,446788073.0,0.0,0.0,0.0,0,1,0,2,0,0,0
157,Personne morale,RSI,C,CDI,CRIC2,Bon,0.0,0.0,0.0,24.13196243218408,0.0,30225822092.0,0.0,0.0,0.0,0,1,0,2,0,0,0
158,Personne morale,RSI,C,CDI,CRIC2,Bon,0.0,0.0,0.0,19.830353390898853,0.0,409461479.0,0.0,0.0,0.0,0,1,0,2,0,0,0
159,Personne morale,RSI,C,CDI,CRIC2,Bon,0.0,0.0,0.0,20.805535281139463,0.0,1085748318.0,0.0,0.0,0.0,0,1,0,1,0,0,0
160,Personne morale,RSI,C,CDI,CRIC2,Bon,0.0,0.0,0.0,20.49127207782171,0.0,792951071.0,0.0,0.0,0.0,0,1,0,1,0,0,0
161,Personne morale,RSI,C,CDI,CRIC2,Bon,0.0,0.0,0.0,21.813613487046776,0.0,2975308258.0,0.0,0.0,0.0,0,1,0,1,1,0,1
162,Personne morale,RSI,C,CDI,CRIC2,Bon,0.0,0.0,0.0,23.16353762177636,0.0,11476159364.0,0.0,0.0,0.0,0,1,0,1,1,0,1
163,Personne morale,RSI,C,CDI,CRIC2,Bon,0.0,0.0,0.0,20.652697285799444,0.0,931863856.0,0.0,0.0,0.0,0,1,0,1,1,0,1
164,Personne morale,RSI,C,CDI,CRIC2,Bon,0.0,0.0,0.0,19.89822753150128,0.0,438218205.0,0.0,0.0,0.0,0,1,0,1,1,0,1
165,Personne morale,RSI,C,CDI,CRIC2,Bon,0.0,0.0,0.0,21.62597559709584,0.0,2466277083.0,0.0,0.0,0.0,0,1,0,1,1,0,1
166,Personne morale,RSI,C,CDI,CRIC2,Bon,0.0,0.0,0.0,19.287847384909757,0.0,238015744.0,0.0,0.0,0.0,0,1,0,0,1,0,1
167,Personne morale,RSI,C,CDI,CRIC2,Bon,0.0,0.0,0.0,20.34598974772371,0.0,685726725.0,0.0,0.0,0.0,0,1,0,0,1,0,1
168,Personne morale,RSI,C,CDI,CRIC2,Bon,0.0,0.0,0.0,18.884552021204033,0.0,159021825.0,0.0,0.0,0.0,0,1,0,0,1,0,1
169,Personne morale,HRI,C,CDI,CRIC2,Bon,0.0,0.0,0.0,18.425875169534056,0.0,100520793.0,0.0,0.0,0.0,0,1,0,1,1,0,1
170,Personne morale,HRI,PC,CDI,CRIC2,Bon,0.0,0.0,0.0,0.0,0.0,0.0,0.0,0.0,0.0,0,0,0,1,1,0,1
171,Personne morale,HRI,C,CDI,CRIC2,Bon,0.0,0.0,0.0,20.82096730806057,0.0,1102633567.0,0.0,0.0,0.0,0,1,0,1,1,0,1
172,Personne morale,RSI,C,CDI,CRIC2,Bon,0.0,0.0,0.0,18.803055169028923,0.0,146576079.0,0.0,0.0,0.0,0,1,0,0,1,0,1
173,Personne morale,RSI,C,CDI,CRIC2,Bon,0.0,0.0,0.0,18.446411324984137,0.0,102606446.0,0.0,0.0,0.0,0,1,0,0,1,0,1
174,Personne morale,HRI,C,CDI,CRIC2,Bon,0.0,0.0,0.0,19.188151801571177,0.0,215431122.0,0.0,0.0,0.0,0,1,0,1,1,0,1
175,Personne morale,HRI,C,CDI,CRIC2,Bon,0.0,0.0,0.0,19.790642468239525,0.0,393520006.0,0.0,0.0,0.0,0,1,0,1,1,0,1
176,Personne morale,OBNL,C,CIME,CRICEXT,Bon,0.0,0.0,0.0,19.23852385539858,0.0,226560789.0,0.0,0.0,0.0,0,1,0,1,0,0,0
177,Personne morale,RSI,C,CDI,CRICEXT,Bon,0.0,0.0,0.0,21.058351026347946,0.0,1398059479.0,0.0,0.0,0.0,0,1,0,1,0,0,0
178,Personne morale,RSI,C,CDI,CRICEXT,Bon,0.0,0.0,0.0,20.18588839454543,0.0,584278548.0,0.0,0.0,0.0,0,1,0,1,1,0,1
179,Personne morale,RSI,C,CDI,CRICEXT,Bon,0.0,0.0,0.0,20.082777003765106,0.0,527034728.0,0.0,0.0,0.0,0,1,0,0,1,0,1
180,Personne physique,IL,C,CDI,CRIE,Bon,0.0,0.0,0.0,18.495302829641357,0.0,107747687.0,0.0,0.0,0.0,0,1,0,1,0,0,0
181,Personne physique,IL,C,CDI,CRIE,Bon,0.0,0.0,0.0,18.64645794416676,0.0,125329639.0,0.0,0.0,0.0,0,1,0,1,0,0,0
182,Personne physique,IL,C,CDI,CRIE,Bon,0.0,0.0,0.0,19.851454012926826,0.0,418193169.0,0.0,0.0,0.0,0,1,0,1,1,0,1
183,Personne morale,RSI,C,CDI,CRIE,Bon,0.0,0.0,0.0,21.747126174561146,0.0,2783920921.0,0.0,0.0,0.0,0,1,0,0,1,0,1
184,Personne morale,HRI,C,CDI,CRIEN,Bon,0.0,0.0,0.0,19.504715873553405,0.0,295658571.0,0.0,0.0,0.0,0,1,0,1,0,0,0
185,Personne morale,RSI,C,CDI,CRIEN,Bon,0.0,0.0,0.0,18.55937920799137,0.0,114877764.0,0.0,0.0,0.0,0,1,0,0,0,0,0
186,Personne physique,IL,C,CDI,CRIEN,Bon,0.0,0.0,0.0,20.54511726552509,0.0,836818086.0,0.0,0.0,0.0,0,1,0,1,0,0,0
187,Personne physique,IL,C,CDI,CRIEN,Bon,0.0,0.0,0.0,20.141540598227262,0.0,558933240.0,0.0,0.0,0.0,0,1,0,1,0,0,0
188,Personne physique,RSI,C,CDI,CRIEN,Bon,0.0,0.0,0.0,18.80625831275943,0.0,147046336.0,0.0,0.0,0.0,0,1,0,1,0,0,0
189,Personne physique,RSI,C,CDI,CRIEN,Bon,0.0,0.0,0.0,19.295629825475224,0.0,239875314.0,0.0,0.0,0.0,0,1,0,1,0,0,0
190,Personne morale,RSI,C,CDI,CRIEN,Bon,0.0,0.0,0.0,19.755850451727163,0.0,380064088.0,0.0,0.0,0.0,0,1,0,1,0,0,0
191,Personne morale,RSI,C,CDI,CRIEN,Bon,0.0,0.0,0.0,20.12279541906237,0.0,548553525.0,0.0,0.0,0.0,0,1,0,1,0,0,0
192,Personne physique,RSI,C,CDI,CRIEN,Bon,0.0,0.0,0.0,20.54520165784533,0.0,836888710.0,0.0,0.0,0.0,0,1,0,2,0,0,0
193,Personne morale,RSI,C,CDI,CRIEN,Bon,0.0,0.0,0.0,22.064074187663696,0.0,3822131879.0,0.0,0.0,0.0,0,1,0,0,1,0,1
194,Personne physique,HRI,C,CDI,CRIL1,Bon,0.0,0.0,0.0,18.431601188251697,0.0,101098028.0,0.0,0.0,0.0,0,1,0,2,0,0,0
195,Personne physique,SALARIE,C,CDI,CRIL1,Bon,0.0,0.0,0.0,18.438283070007248,0.0,101775815.0,0.0,0.0,0.0,0,1,0,2,0,0,0
196,Personne physique,SALARIE,C,CDI,CRIL1,Bon,0.0,0.0,0.0,18.45836804164024,0.0,103840646.0,0.0,0.0,0.0,0,1,0,2,0,0,0
197,Personne physique,RSI,C,CDI,CRIL1,Bon,0.0,0.0,0.0,18.452294491599012,0.0,103211876.0,0.0,0.0,0.0,0,1,0,2,0,0,0
198,Personne morale,RSI,C,CDI,CRIL1,Bon,0.0,0.0,0.0,23.307969032881996,0.0,13259353075.0,0.0,0.0,0.0,0,1,0,1,0,0,0
199,Personne physique,IL,C,CDI,CRIL1,Bon,0.0,0.0,0.0,18.536891789123334,0.0,112323289.0,0.0,0.0,0.0,0,1,0,1,0,0,0
200,Personne physique,IL,C,CDI,CRIL1,Bon,0.0,0.0,0.0,19.405409383216046,0.0,267708532.0,0.0,0.0,0.0,0,1,0,1,0,0,0
201,Personne physique,RSI,C,CDI,CRIL1,Bon,0.0,0.0,0.0,19.493548213821924,0.0,292375125.0,0.0,0.0,0.0,0,1,0,2,0,0,0
202,Personne physique,SALARIE,C,CDI,CRIL1,Bon,0.0,0.0,0.0,19.284868763422256,0.0,237307840.0,0.0,0.0,0.0,0,1,0,1,0,0,0
203,Personne physique,SALARIE,C,CDI,CRIL1,Bon,0.0,0.0,0.0,19.347203260137256,0.0,252571076.0,0.0,0.0,0.0,0,1,0,1,0,0,0
204,Personne morale,RSI,C,CDI,CRIL1,Bon,0.0,0.0,0.0,19.879930121220426,0.0,430272858.0,0.0,0.0,0.0,0,1,0,1,0,0,0
205,Personne morale,RSI,C,CDI,CRIL1,Bon,0.0,0.0,0.0,18.458549370371284,0.0,103859477.0,0.0,0.0,0.0,0,1,0,1,0,0,0
206,Personne physique,SALARIE,C,CDI,CRIL1,Bon,0.0,0.0,0.0,19.21075013157496,0.0,220354931.0,0.0,0.0,0.0,0,1,0,2,0,0,0
207,Personne physique,HRI,C,CDI,CRIL1,Bon,0.0,0.0,0.0,18.571286754570373,0.0,116253853.0,0.0,0.0,0.0,0,1,0,2,0,0,0
208,Personne physique,HRI,C,CDI,CRIL1,Bon,0.0,0.0,0.0,18.716140685209172,0.0,134374425.0,0.0,0.0,0.0,0,1,0,2,0,0,0
209,Personne physique,HRI,C,CDI,CRIL1,Bon,0.0,0.0,0.0,18.45665234792396,0.0,103662640.0,0.0,0.0,0.0,0,1,0,2,0,0,0
210,Personne physique,HRI,C,CDI,CRIL1,Bon,0.0,0.0,0.0,18.74385799258549,0.0,138151019.0,0.0,0.0,0.0,0,1,0,2,0,0,0
211,Personne physique,HRI,C,CDI,CRIL1,Bon,0.0,0.0,0.0,19.013105237481806,0.0,180836747.0,0.0,0.0,0.0,0,1,0,2,0,0,0
212,Personne physique,HRI,C,CDI,CRIL1,Bon,0.0,0.0,0.0,18.770575318048344,0.0,141891794.0,0.0,0.0,0.0,0,1,0,2,0,0,0
213,Personne physique,HRI,C,CDI,CRIL1,Bon,0.0,0.0,0.0,18.86322278177179,0.0,155665927.0,0.0,0.0,0.0,0,1,0,2,0,0,0
214,Personne physique,HRI,C,CDI,CRIL1,Bon,0.0,0.0,0.0,18.75149736051919,0.0,139210447.0,0.0,0.0,0.0,0,1,0,2,0,0,0
215,Personne physique,HRI,C,CDI,CRIL1,Bon,0.0,0.0,0.0,18.43745088575179,0.0,101691154.0,0.0,0.0,0.0,0,1,0,2,0,0,0
216,Personne physique,IL,C,CDI,CRIL1,Bon,0.0,0.0,0.0,19.28931855355232,0.0,238366163.0,0.0,0.0,0.0,0,1,0,1,0,0,0
217,Personne morale,OBNL,C,CIME,CRIL1,Bon,0.0,0.0,0.0,19.008083779722682,0.0,179930959.0,0.0,0.0,0.0,0,1,0,0,0,0,0
218,Personne morale,RSI,C,CDI,CRIL1,Bon,0.0,0.0,0.0,19.366780052697028,0.0,257564324.0,0.0,0.0,0.0,0,1,0,0,0,0,0
219,Personne morale,RSI,C,CDI,CRIL1,Bon,0.0,0.0,0.0,18.886204283817698,0.0,159284788.0,0.0,0.0,0.0,0,1,0,0,0,0,0
220,Personne morale,RSI,C,CDI,CRIL1,Bon,0.0,0.0,0.0,18.80189548100029,0.0,146406195.0,0.0,0.0,0.0,0,1,0,0,0,0,0
221,Personne morale,RSI,C,CDI,CRIL1,Bon,0.0,0.0,0.0,23.36173097753807,0.0,13991711807.0,0.0,0.0,0.0,0,1,0,0,0,0,0
222,Personne morale,RSI,C,CDI,CRIL1,Bon,0.0,0.0,0.0,18.946460471663553,0.0,169177745.0,0.0,0.0,0.0,0,1,0,0,0,0,0
223,Personne morale,RSI,C,CDI,CRIL1,Bon,0.0,0.0,0.0,18.44052851728827,0.0,102004604.0,0.0,0.0,0.0,0,1,0,0,0,0,0
224,Personne morale,RSI,C,CDI,CRIL1,Bon,0.0,0.0,0.0,18.662743206710704,0.0,127387375.0,0.0,0.0,0.0,0,1,0,1,0,0,0
225,Personne morale,RSI,C,CDI,CRIL1,Bon,0.0,0.0,0.0,20.151505552994557,0.0,564530828.0,0.0,0.0,0.0,0,1,0,1,0,0,0
226,Personne morale,RSI,C,CDI,CRIL1,Bon,0.0,0.0,0.0,19.192780490504962,0.0,216430597.0,0.0,0.0,0.0,0,1,0,1,0,0,0
227,Personne physique,IL,C,CDI,CRIL1,Bon,0.0,0.0,0.0,18.66445508150524,0.0,127605633.0,0.0,0.0,0.0,0,1,0,1,0,0,0
228,Personne physique,RSI,C,CDI,CRIL1,Bon,0.0,0.0,0.0,19.507401740620335,0.0,296453738.0,0.0,0.0,0.0,0,1,0,0,0,0,0
229,Personne physique,RSI,C,CDI,CRIL1,Bon,0.0,0.0,0.0,20.760274288506366,0.0,1037701790.0,0.0,0.0,0.0,0,1,0,0,0,0,0
230,Personne physique,RSI,C,CDI,CRIL1,Bon,0.0,0.0,0.0,20.9031194274821,0.0,1197042091.0,0.0,0.0,0.0,0,1,0,0,0,0,0
231,Personne physique,RSI,C,CDI,CRIL1,Bon,0.0,0.0,0.0,18.789344071196822,0.0,144580075.0,0.0,0.0,0.0,0,1,0,1,0,0,0
232,Personne physique,RSI,C,CDI,CRIL1,Bon,0.0,0.0,0.0,18.995018481655233,0.0,177595398.0,0.0,0.0,0.0,0,1,0,0,0,0,0
233,Personne physique,RSI,C,CDI,CRIL1,Bon,0.0,0.0,0.0,20.14202585328594,0.0,559204531.0,0.0,0.0,0.0,0,1,0,1,0,0,0
234,Personne physique,RSI,C,CDI,CRIL1,Bon,0.0,0.0,0.0,20.98010460006303,0.0,1292836656.0,0.0,0.0,0.0,0,1,0,1,0,0,0
235,Personne physique,RSI,C,CDI,CRIL1,Bon,0.0,0.0,0.0,21.190331692031286,0.0,1595306458.0,0.0,0.0,0.0,0,1,0,2,0,0,0
236,Personne physique,RSI,C,CDI,CRIL1,Bon,0.0,0.0,0.0,19.761798599142935,0.0,382331502.0,0.0,0.0,0.0,0,1,0,2,0,0,0
237,Personne physique,RSI,C,CDI,CRIL1,Bon,0.0,0.0,0.0,19.02156627621028,0.0,182373305.0,0.0,0.0,0.0,0,1,0,2,0,0,0
238,Personne physique,RSI,C,CDI,CRIL1,Bon,0.0,0.0,0.0,19.562168530059644,0.0,313142378.0,0.0,0.0,0.0,0,1,0,2,0,0,0
239,Personne physique,RSI,PC,CDI,CRIL1,Bon,0.0,0.0,0.0,0.0,0.0,0.0,0.0,0.0,0.0,0,0,0,2,0,0,0
240,Personne physique,RSI,C,CDI,CRIL1,Bon,0.0,0.0,0.0,20.065049469524126,0.0,517774029.0,0.0,0.0,0.0,0,1,0,2,0,0,0
241,Personne physique,RSI,C,CDI,CRIL1,Bon,0.0,0.0,0.0,19.081889995391485,0.0,193713339.0,0.0,0.0,0.0,0,1,0,2,0,0,0
242,Personne physique,RSI,C,CDI,CRIL1,Bon,0.0,0.0,0.0,20.576505091335402,0.0,863500548.0,0.0,0.0,0.0,0,1,0,2,0,0,0
243,Personne physique,RSI,C,CDI,CRIL1,Bon,0.0,0.0,0.0,19.12783482821804,0.0,202821091.0,0.0,0.0,0.0,0,1,0,2,0,0,0
244,Personne physique,RSI,C,CDI,CRIL1,Bon,0.0,0.0,0.0,19.684921470249616,0.0,354040357.0,0.0,0.0,0.0,0,1,0,2,0,0,0
245,Personne physique,RSI,C,CDI,CRIL1,Bon,0.0,0.0,0.0,20.47118397254744,0.0,777181111.0,0.0,0.0,0.0,0,1,0,1,0,0,0
246,Personne physique,SALARIE,C,CDI,CRIL1,Bon,0.0,0.0,0.0,20.25836097566264,0.0,628194867.0,0.0,0.0,0.0,0,1,0,1,0,0,0
247,Personne physique,SALARIE,C,CDI,CRIL1,Bon,0.0,0.0,0.0,18.697879007827037,0.0,131942793.0,0.0,0.0,0.0,0,1,0,1,0,0,0
248,Personne physique,SALARIE,C,CDI,CRIL1,Bon,0.0,0.0,0.0,19.98185362900857,0.0,476440606.0,0.0,0.0,0.0,0,1,0,1,0,0,0
249,Personne physique,SALARIE,C,CDI,CRIL1,Bon,0.0,0.0,0.0,18.802890572012657,0.0,146551955.0,0.0,0.0,0.0,0,1,0,1,0,0,0
250,Personne physique,SALARIE,C,CDI,CRIL1,Bon,0.0,0.0,0.0,18.92145603792546,0.0,165000000.0,0.0,0.0,0.0,0,1,0,1,0,0,0
251,Personne physique,SALARIE,C,CDI,CRIL1,Bon,0.0,0.0,0.0,19.61003545365629,0.0,328496076.0,0.0,0.0,0.0,0,1,0,1,0,0,0
252,Personne physique,SALARIE,C,CDI,CRIL1,Bon,0.0,0.0,0.0,20.06557663393609,0.0,518047053.0,0.0,0.0,0.0,0,1,0,1,0,0,0
253,Personne physique,SALARIE,C,CDI,CRIL1,Bon,0.0,0.0,0.0,18.845380821537464,0.0,152913172.0,0.0,0.0,0.0,0,1,0,1,0,0,0
254,Personne physique,SALARIE,C,CDI,CRIL1,Bon,0.0,0.0,0.0,20.457686132287424,0.0,766761325.0,0.0,0.0,0.0,0,1,0,1,0,0,0
255,Personne physique,SALARIE,C,CDI,CRIL1,Bon,0.0,0.0,0.0,19.02287238498426,0.0,182611660.0,0.0,0.0,0.0,0,1,0,1,0,0,0
256,Personne physique,SALARIE,C,CDI,CRIL1,Bon,0.0,0.0,0.0,18.611457124446975,0.0,121018879.0,0.0,0.0,0.0,0,1,0,1,0,0,0
257,Personne physique,SALARIE,C,CDI,CRIL1,Bon,0.0,0.0,0.0,20.319256472229483,0.0,667637868.0,0.0,0.0,0.0,0,1,0,1,0,0,0
258,Personne physique,SALARIE,C,CDI,CRIL1,Bon,0.0,0.0,0.0,19.367485910626172,0.0,257746192.0,0.0,0.0,0.0,0,1,0,1,0,0,0
259,Personne physique,SALARIE,C,CDI,CRIL1,Bon,0.0,0.0,0.0,18.941230690855487,0.0,168295292.0,0.0,0.0,0.0,0,1,0,1,0,0,0
260,Personne physique,SALARIE,C,CDI,CRIL1,Bon,0.0,0.0,0.0,18.57536306529037,0.0,116728707.0,0.0,0.0,0.0,0,1,0,1,0,0,0
261,Personne physique,SALARIE,C,CDI,CRIL1,Bon,0.0,0.0,0.0,18.712012127062682,0.0,133820796.0,0.0,0.0,0.0,0,1,0,1,0,0,0
262,Personne physique,SALARIE,C,CDI,CRIL1,Bon,0.0,0.0,0.0,19.40130106763988,0.0,266610957.0,0.0,0.0,0.0,0,1,0,1,0,0,0
263,Personne physique,SALARIE,C,CDI,CRIL1,Bon,0.0,0.0,0.0,18.792402025876562,0.0,145022871.0,0.0,0.0,0.0,0,1,0,1,0,0,0
264,Personne physique,SALARIE,C,CDI,CRIL1,Bon,0.0,0.0,0.0,19.20521987443354,0.0,219139675.0,0.0,0.0,0.0,0,1,0,1,0,0,0
265,Personne physique,SALARIE,C,CDI,CRIL1,Bon,0.0,0.0,0.0,19.05239603944656,0.0,188083399.0,0.0,0.0,0.0,0,1,0,1,0,0,0
266,Personne physique,SALARIE,C,CDI,CRIL1,Bon,0.0,0.0,0.0,19.163231262556973,0.0,210128805.0,0.0,0.0,0.0,0,1,0,1,0,0,0
267,Personne physique,SALARIE,C,CDI,CRIL1,Bon,0.0,0.0,0.0,19.412074981700634,0.0,269498930.0,0.0,0.0,0.0,0,1,0,1,0,0,0
268,Personne physique,SALARIE,C,CDI,CRIL1,Bon,0.0,0.0,0.0,19.96720243460939,0.0,469511069.0,0.0,0.0,0.0,0,1,0,1,0,0,0
269,Personne physique,SALARIE,C,CDI,CRIL1,Bon,0.0,0.0,0.0,18.845259496964804,0.0,152894621.0,0.0,0.0,0.0,0,1,0,1,0,0,0
270,Personne physique,SALARIE,C,CDI,CRIL1,Bon,0.0,0.0,0.0,18.850425768121287,0.0,153686560.0,0.0,0.0,0.0,0,1,0,1,0,0,0
271,Personne physique,SALARIE,C,CDI,CRIL1,Bon,0.0,0.0,0.0,19.23585261384542,0.0,225956398.0,0.0,0.0,0.0,0,1,0,1,0,0,0
272,Personne physique,SALARIE,C,CDI,CRIL1,Bon,0.0,0.0,0.0,19.49370973640585,0.0,292422354.0,0.0,0.0,0.0,0,1,0,1,0,0,0
273,Personne physique,SALARIE,C,CDI,CRIL1,Bon,0.0,0.0,0.0,19.938419756653847,0.0,456189912.0,0.0,0.0,0.0,0,1,0,1,0,0,0
274,Personne physique,SALARIE,C,CDI,CRIL1,Bon,0.0,0.0,0.0,19.09924425284438,0.0,197104430.0,0.0,0.0,0.0,0,1,0,1,0,0,0
275,Personne morale,RSI,C,CDI,CRIL1,Bon,0.0,0.0,0.0,19.24437659386217,0.0,227890678.0,0.0,0.0,0.0,0,1,0,1,0,0,0
276,Personne morale,RSI,C,CDI,CRIL1,Bon,0.0,0.0,0.0,20.312662540428033,0.0,663249992.0,0.0,0.0,0.0,0,1,0,2,0,0,0
277,Personne morale,RSI,C,CDI,CRIL1,Bon,0.0,0.0,0.0,18.70953749370054,0.0,133490048.0,0.0,0.0,0.0,0,1,0,1,0,0,0
278,Personne morale,RSI,C,CDI,CRIL1,Bon,0.0,0.0,0.0,19.321300740734614,0.0,246112852.0,0.0,0.0,0.0,0,1,0,1,0,0,0
279,Personne morale,RSI,C,CDI,CRIL1,Bon,0.0,0.0,0.0,18.630841007967422,0.0,123387578.0,0.0,0.0,0.0,0,1,0,1,0,0,0
280,Personne morale,RSI,C,CDI,CRIL1,Bon,0.0,0.0,0.0,19.751726633483784,0.0,378500000.0,0.0,0.0,0.0,0,1,0,1,0,0,0
281,Personne morale,RSI,C,CDI,CRIL1,Bon,0.0,0.0,0.0,19.086796669929278,0.0,194666163.0,0.0,0.0,0.0,0,1,0,1,0,0,0
282,Personne morale,RSI,C,CDI,CRIL1,Bon,0.0,0.0,0.0,18.43434701363032,0.0,101376007.0,0.0,0.0,0.0,0,1,0,1,0,0,0
283,Personne morale,RSI,C,CDI,CRIL1,Bon,0.0,0.0,0.0,18.931377211378035,0.0,166645141.0,0.0,0.0,0.0,0,1,0,1,0,0,0
284,Personne morale,RSI,C,CDI,CRIL1,Bon,0.0,0.0,0.0,21.129775918213227,0.0,1501568278.0,0.0,0.0,0.0,0,1,0,1,0,0,0
285,Personne morale,RSI,C,CDI,CRIL1,Bon,0.0,0.0,0.0,20.59347457957371,0.0,878278745.0,0.0,0.0,0.0,0,1,0,1,0,0,0
286,Personne morale,RSI,C,CDI,CRIL1,Bon,0.0,0.0,0.0,19.42957646170919,0.0,274257076.0,0.0,0.0,0.0,0,1,0,1,0,0,0
287,Personne morale,RSI,C,CDI,CRIL1,Bon,0.0,0.0,0.0,19.691190275109964,0.0,356266738.0,0.0,0.0,0.0,0,1,0,1,0,0,0
288,Personne morale,RSI,C,CDI,CRIL1,Bon,0.0,0.0,0.0,19.058713026564877,0.0,189275280.0,0.0,0.0,0.0,0,1,0,1,0,0,0
289,Personne morale,RSI,C,CDI,CRIL1,Bon,0.0,0.0,0.0,18.755069103666674,0.0,139708560.0,0.0,0.0,0.0,0,1,0,1,0,0,0
290,Personne morale,RSI,C,CDI,CRIL1,Bon,0.0,0.0,0.0,19.91494281653944,0.0,445604709.0,0.0,0.0,0.0,0,1,0,1,0,0,0
291,Personne morale,RSI,C,CDI,CRIL1,Bon,0.0,0.0,0.0,19.159768460917906,0.0,209402429.0,0.0,0.0,0.0,0,1,0,2,0,0,0
292,Personne morale,RSI,C,CDI,CRIL1,Bon,0.0,0.0,0.0,19.856828246937805,0.0,420446687.0,0.0,0.0,0.0,0,1,0,2,0,0,0
293,Personne physique,RSI,C,CDI,CRIL1,Bon,0.0,0.0,0.0,18.95832463949362,0.0,171196852.0,0.0,0.0,0.0,0,1,0,2,0,0,0
294,Personne physique,RSI,C,CDI,CRIL1,Bon,0.0,0.0,0.0,18.97408820864014,0.0,173916908.0,0.0,0.0,0.0,0,1,0,1,0,0,0
295,Personne physique,RSI,C,CDI,CRIL1,Bon,0.0,0.0,0.0,18.451190559856446,0.0,103098000.0,0.0,0.0,0.0,0,1,0,1,0,0,0
296,Personne physique,RSI,C,CDI,CRIL1,Bon,0.0,0.0,0.0,19.676842544155477,0.0,351191614.0,0.0,0.0,0.0,0,1,0,1,0,0,0
297,Personne physique,RSI,C,CDI,CRIL1,Bon,0.0,0.0,0.0,19.481833894715376,0.0,288970132.0,0.0,0.0,0.0,0,1,0,2,0,0,0
298,Personne physique,RSI,C,CDI,CRIL1,Bon,0.0,0.0,0.0,18.778806429057063,0.0,143064541.0,0.0,0.0,0.0,0,1,0,2,0,0,0
299,Personne physique,RSI,C,CDI,CRIL1,Bon,0.0,0.0,0.0,18.559671641322623,0.0,114911363.0,0.0,0.0,0.0,0,1,0,2,0,0,0
300,Personne physique,RSI,C,CDI,CRIL1,Bon,0.0,0.0,0.0,18.58747550653293,0.0,118151174.0,0.0,0.0,0.0,0,1,0,2,0,0,0
301,Personne physique,SALARIE,C,CDI,CRIL1,Bon,0.0,0.0,0.0,18.789362856458006,0.0,144582791.0,0.0,0.0,0.0,0,1,0,1,0,0,0
302,Personne physique,SALARIE,C,CDI,CRIL1,Bon,0.0,0.0,0.0,19.387762410452535,0.0,263025727.0,0.0,0.0,0.0,0,1,0,2,0,0,0
303,Personne physique,SALARIE,C,CDI,CRIL1,Bon,0.0,0.0,0.0,18.441038697418577,0.0,102056658.0,0.0,0.0,0.0,0,1,0,2,0,0,0
304,Personne physique,SALARIE,C,CDI,CRIL1,Bon,0.0,0.0,0.0,19.195680717607736,0.0,217059206.0,0.0,0.0,0.0,0,1,0,2,0,0,0
305,Personne physique,SALARIE,C,CDI,CRIL1,Bon,0.0,0.0,0.0,19.33192828830727,0.0,248742376.0,0.0,0.0,0.0,0,1,0,2,0,0,0
306,Personne physique,SALARIE,C,CDI,CRIL1,Bon,0.0,0.0,0.0,18.53386407048101,0.0,111983720.0,0.0,0.0,0.0,0,1,0,2,0,0,0
307,Personne physique,SALARIE,C,CDI,CRIL1,Bon,0.0,0.0,0.0,18.59495463833768,0.0,119038155.0,0.0,0.0,0.0,0,1,0,2,0,0,0
308,Personne physique,SALARIE,C,CDI,CRIL1,Bon,0.0,0.0,0.0,18.5574787329368,0.0,114659649.0,0.0,0.0,0.0,0,1,0,2,0,0,0
309,Personne physique,SALARIE,C,CDI,CRIL1,Bon,0.0,0.0,0.0,18.626178504006404,0.0,122813622.0,0.0,0.0,0.0,0,1,0,2,0,0,0
310,Personne physique,RSI,C,CDI,CRIL1,Bon,0.0,0.0,0.0,18.716197383378884,0.0,134382044.0,0.0,0.0,0.0,0,1,0,2,0,0,0
311,Personne physique,RSI,C,CDI,CRIL1,Bon,0.0,0.0,0.0,19.475256662247205,0.0,287075745.0,0.0,0.0,0.0,0,1,0,2,0,0,0
312,Personne physique,RSI,C,CDI,CRIL1,Bon,0.0,0.0,0.0,19.424675306015086,0.0,272916188.0,0.0,0.0,0.0,0,1,0,2,0,0,0
313,Personne physique,RSI,C,CDI,CRIL1,Bon,0.0,0.0,0.0,18.5159909328476,0.0,110000000.0,0.0,0.0,0.0,0,1,0,2,0,0,0
314,Personne morale,HRI,C,CDI,CRIL1,Bon,0.0,0.0,0.0,23.340692572879625,0.0,13700423378.0,0.0,0.0,0.0,0,1,0,2,0,0,0
315,Personne physique,RSI,C,CDI,CRIL1,Bon,0.0,0.0,0.0,19.81790690214964,0.0,404396706.0,0.0,0.0,0.0,0,1,0,1,1,0,1
316,Personne physique,RSI,C,CDI,CRIL1,Bon,0.0,0.0,0.0,20.818916326111662,0.0,1100374403.0,0.0,0.0,0.0,0,1,0,1,1,0,1
317,Personne morale,RSI,C,CDI,CRIL1,Bon,0.0,0.0,0.0,19.23281145262252,0.0,225270272.0,0.0,0.0,0.0,0,1,0,1,1,0,1
318,Personne morale,RSI,C,CDI,CRIL1,Bon,0.0,0.0,0.0,18.449787861675542,0.0,102953486.0,0.0,0.0,0.0,0,1,0,1,1,0,1
319,Personne physique,RSI,C,CDI,CRIL1,Bon,0.0,0.0,0.0,19.07582308828101,0.0,192541656.0,0.0,0.0,0.0,0,1,0,1,1,0,1
320,Personne morale,RSI,C,CDI,CRIL1,Bon,0.0,0.0,0.0,18.780703352204885,0.0,143336181.0,0.0,0.0,0.0,0,1,0,1,1,0,1
321,Personne morale,RSI,C,CDI,CRIL1,Bon,0.0,0.0,0.0,18.62207773559758,0.0,122311023.0,0.0,0.0,0.0,0,1,0,1,1,0,1
322,Personne physique,RSI,C,CDI,CRIL1,Bon,0.0,0.0,0.0,18.68749457899713,0.0,130579732.0,0.0,0.0,0.0,0,1,0,1,1,0,1
323,Personne physique,RSI,C,CDI,CRIL1,Bon,0.0,0.0,0.0,18.43073525749714,0.0,101010522.0,0.0,0.0,0.0,0,1,0,0,1,0,1
324,Personne morale,RSI,C,CDI,CRIL1,Bon,0.0,0.0,0.0,19.708125729195586,0.0,362351657.0,0.0,0.0,0.0,0,1,0,1,1,0,1
325,Personne physique,RSI,C,CDI,CRIL1,Bon,0.0,0.0,0.0,18.637325439375065,0.0,124190276.0,0.0,0.0,0.0,0,1,0,1,1,0,1
326,Personne physique,RSI,C,CDI,CRIL1,Bon,0.0,0.0,0.0,18.792984495338477,0.0,145107367.0,0.0,0.0,0.0,0,1,0,1,1,0,1
327,Personne morale,RSI,C,CDI,CRIL1,Bon,0.0,0.0,0.0,19.639545006088202,0.0,338334295.0,0.0,0.0,0.0,0,1,0,1,1,0,1
328,Personne morale,RSI,C,CDI,CRIL1,Bon,0.0,0.0,0.0,18.5140855733653,0.0,109790610.0,0.0,0.0,0.0,0,1,0,1,1,0,1
329,Personne morale,RSI,C,CDI,CRIL1,Bon,0.0,0.0,0.0,18.791317326049278,0.0,144865650.0,0.0,0.0,0.0,0,1,0,1,1,0,1
330,Personne physique,RSI,C,CDI,CRIL1,Bon,0.0,0.0,0.0,18.904537924338552,0.0,162231992.0,0.0,0.0,0.0,0,1,0,1,1,0,1
331,Personne morale,RSI,C,CDI,CRIL1,Bon,0.0,0.0,0.0,19.169471696583553,0.0,211444200.0,0.0,0.0,0.0,0,1,0,1,1,0,1
332,Personne morale,RSI,C,CDI,CRIL1,Bon,0.0,0.0,0.0,18.621349964867974,0.0,122222041.0,0.0,0.0,0.0,0,1,0,1,1,0,1
333,Personne morale,RSI,C,CDI,CRIL1,Bon,0.0,0.0,0.0,19.567579387359565,0.0,314841339.0,0.0,0.0,0.0,0,1,0,1,1,0,1
334,Personne morale,RSI,C,CDI,CRIL1,Bon,0.0,0.0,0.0,20.16986484211575,0.0,574990939.0,0.0,0.0,0.0,0,1,0,0,1,0,1
335,Personne morale,RSI,C,CDI,CRIL1,Bon,0.0,0.0,0.0,21.109849443471816,0.0,1471943455.0,0.0,0.0,0.0,0,1,0,1,1,0,1
336,Personne physique,RSI,C,CDI,CRIL1,Bon,0.0,0.0,0.0,20.466403507338654,0.0,773474690.0,0.0,0.0,0.0,0,1,0,1,1,0,1
337,Personne physique,RSI,C,CDI,CRIL1,Bon,0.0,0.0,0.0,18.637370152020775,0.0,124195829.0,0.0,0.0,0.0,0,1,0,1,1,0,1
338,Personne morale,RSI,C,CDI,CRIL1,Bon,0.0,0.0,0.0,19.050594284979642,0.0,187744824.0,0.0,0.0,0.0,0,1,0,1,1,0,1
339,Personne physique,RSI,C,CDI,CRIL1,Bon,0.0,0.0,0.0,19.280463911784942,0.0,236264833.0,0.0,0.0,0.0,0,1,0,1,1,0,1
340,Personne physique,RSI,C,CDI,CRIL1,Bon,0.0,0.0,0.0,21.139857565985444,0.0,1516783127.0,0.0,0.0,0.0,0,1,0,0,1,0,1
341,Personne morale,RSI,C,CDI,CRIL1,Bon,0.0,0.0,0.0,20.195173368867252,0.0,589728823.0,0.0,0.0,0.0,0,1,0,1,1,0,1
342,Personne morale,RSI,C,CDI,CRIL1,Bon,0.0,0.0,0.0,18.664721664290774,0.0,127639655.0,0.0,0.0,0.0,0,1,0,1,1,0,1
343,Personne morale,RSI,C,CDI,CRIL1,Bon,0.0,0.0,0.0,18.713120562857608,0.0,133969210.0,0.0,0.0,0.0,0,1,0,1,1,0,1
344,Personne morale,RSI,C,CDI,CRIL1,Bon,0.0,0.0,0.0,18.544355730150183,0.0,113164800.0,0.0,0.0,0.0,0,1,0,0,1,0,1
345,Personne morale,RSI,C,CDI,CRIL1,Bon,0.0,0.0,0.0,22.373964930900037,0.0,5210621267.0,0.0,0.0,0.0,0,1,0,0,1,0,1
346,Personne morale,RSI,C,CDI,CRIL1,Bon,0.0,0.0,0.0,19.316895903284177,0.0,245031149.0,0.0,0.0,0.0,0,1,0,0,1,0,1
347,Personne morale,RSI,C,CDI,CRIL1,Bon,0.0,0.0,0.0,19.344272546030204,0.0,251831946.0,0.0,0.0,0.0,0,1,0,0,1,0,1
348,Personne morale,RSI,C,CDI,CRIL1,Bon,0.0,0.0,0.0,18.795686651448673,0.0,145500000.0,0.0,0.0,0.0,0,1,0,0,1,0,1
349,Personne morale,OBNL,C,CIME,CRIL1,Bon,0.0,0.0,0.0,19.599459704917773,0.0,325040290.0,0.0,0.0,0.0,0,1,0,0,1,0,1
350,Personne morale,OBNL,C,CIME,CRIL1,Bon,0.0,0.0,0.0,19.688626201530337,0.0,355354414.0,0.0,0.0,0.0,0,1,0,0,1,0,1
351,Personne physique,RSI,C,CDI,CRIL2,Bon,0.0,0.0,0.0,19.108184042732113,0.0,198874402.0,0.0,0.0,0.0,0,1,0,2,0,0,0
352,Personne physique,IL,C,CDI,CRIL2,Bon,0.0,0.0,0.0,18.61916300198575,0.0,121955038.0,0.0,0.0,0.0,0,1,0,1,0,0,0
353,Personne physique,IL,C,CDI,CRIL2,Bon,0.0,0.0,0.0,18.498539548644835,0.0,108097001.0,0.0,0.0,0.0,0,1,0,1,0,0,0
354,Personne physique,HRI,C,CDI,CRIL2,Bon,0.0,0.0,0.0,18.532711140418446,0.0,111854685.0,0.0,0.0,0.0,0,1,0,2,0,0,0
355,Personne physique,HRI,C,CDI,CRIL2,Bon,0.0,0.0,0.0,18.66159620322372,0.0,127241345.0,0.0,0.0,0.0,0,1,0,2,0,0,0
356,Personne morale,RSI,C,CDI,CRIL2,Bon,0.0,0.0,0.0,19.954981856709622,0.0,463808289.0,0.0,0.0,0.0,0,1,0,0,0,0,0
357,Personne morale,RSI,C,CDI,CRIL2,Bon,0.0,0.0,0.0,19.033576595912276,0.0,184576873.0,0.0,0.0,0.0,0,1,0,0,0,0,0
358,Personne morale,RSI,C,CDI,CRIL2,Bon,0.0,0.0,0.0,20.294252650880658,0.0,651151342.0,0.0,0.0,0.0,0,1,0,0,0,0,0
359,Personne morale,RSI,C,CDI,CRIL2,Bon,0.0,0.0,0.0,18.9184515289234,0.0,164505000.0,0.0,0.0,0.0,0,1,0,1,0,0,0
360,Personne morale,RSI,C,CDI,CRIL2,Bon,0.0,0.0,0.0,23.095899266627995,0.0,10725600239.0,0.0,0.0,0.0,0,1,0,1,0,0,0
361,Personne physique,IL,C,CDI,CRIL2,Bon,0.0,0.0,0.0,19.816616138097782,0.0,403875062.0,0.0,0.0,0.0,0,1,0,1,0,0,0
362,Personne physique,IL,C,CDI,CRIL2,Bon,0.0,0.0,0.0,19.616433140115664,0.0,330604428.0,0.0,0.0,0.0,0,1,0,1,0,0,0
363,Personne physique,RSI,C,CDI,CRIL2,Bon,0.0,0.0,0.0,19.159179966058215,0.0,209279233.0,0.0,0.0,0.0,0,1,0,1,0,0,0
364,Personne physique,RSI,C,CDI,CRIL2,Bon,0.0,0.0,0.0,20.0295145239352,0.0,499698024.0,0.0,0.0,0.0,0,1,0,1,0,0,0
365,Personne physique,RSI,C,CDI,CRIL2,Bon,0.0,0.0,0.0,18.797257931794007,0.0,145728801.0,0.0,0.0,0.0,0,1,0,2,0,0,0
366,Personne physique,SALARIE,C,CDI,CRIL2,Bon,0.0,0.0,0.0,21.436399270589348,0.0,2040374630.0,0.0,0.0,0.0,0,1,0,1,0,0,0
367,Personne morale,RSI,C,CDI,CRIL2,Bon,0.0,0.0,0.0,18.56650390605266,0.0,115699156.0,0.0,0.0,0.0,0,1,0,2,0,0,0
368,Personne physique,RSI,C,CDI,CRIL2,Bon,0.0,0.0,0.0,18.871992131695375,0.0,157037019.0,0.0,0.0,0.0,0,1,0,1,0,0,0
369,Personne physique,RSI,C,CDI,CRIL2,Bon,0.0,0.0,0.0,18.46482021515663,0.0,104512810.0,0.0,0.0,0.0,0,1,0,1,0,0,0
370,Personne physique,RSI,C,CDI,CRIL2,Bon,0.0,0.0,0.0,18.704653703642222,0.0,132839700.0,0.0,0.0,0.0,0,1,0,2,0,0,0
371,Personne physique,SALARIE,C,CDI,CRIL2,Bon,0.0,0.0,0.0,19.74346517741765,0.0,375385920.0,0.0,0.0,0.0,0,1,0,1,0,0,0
372,Personne physique,RSI,C,CDI,CRIL2,Bon,0.0,0.0,0.0,20.67088967647095,0.0,948971833.0,0.0,0.0,0.0,0,1,0,2,0,0,0
373,Personne morale,RSI,C,CDI,CRIL2,Bon,0.0,0.0,0.0,18.531837948300208,0.0,111757057.0,0.0,0.0,0.0,0,1,0,1,1,0,1
374,Personne morale,RSI,C,CDI,CRIL2,Bon,0.0,0.0,0.0,19.272508446239392,0.0,234392693.0,0.0,0.0,0.0,0,1,0,0,1,0,1
375,Personne morale,RSI,C,CDI,CRIL2,Bon,0.0,0.0,0.0,19.99505714463093,0.0,482773010.0,0.0,0.0,0.0,0,1,0,1,1,0,1
376,Personne morale,RSI,C,CDI,CRIL2,Bon,0.0,0.0,0.0,19.275096076363752,0.0,235000000.0,0.0,0.0,0.0,0,1,0,1,1,0,1
377,Personne morale,RSI,C,CDI,CRIL2,Bon,0.0,0.0,0.0,19.91816540074226,0.0,447043024.0,0.0,0.0,0.0,0,1,0,1,1,0,1
378,Personne morale,RSI,C,CDI,CRIL2,Bon,0.0,0.0,0.0,20.129417981686544,0.0,552198411.0,0.0,0.0,0.0,0,1,0,0,1,0,1
379,Personne morale,RSI,C,CDI,CRIL2,Bon,0.0,0.0,0.0,18.730470300182624,0.0,136313821.0,0.0,0.0,0.0,0,1,0,0,1,0,1
380,Personne morale,RSI,C,CDI,CRIL2,Bon,0.0,0.0,0.0,21.781590895374023,0.0,2881540532.0,0.0,0.0,0.0,0,1,0,1,1,0,1
381,Personne morale,RSI,C,CDI,CRIL2,Bon,0.0,0.0,0.0,18.51143511635325,0.0,109500000.0,0.0,0.0,0.0,0,1,0,0,1,0,1
382,Personne morale,RSI,C,CDI,CRIL2,Bon,0.0,0.0,0.0,21.47221430525603,0.0,2114775093.0,0.0,0.0,0.0,0,1,0,0,1,0,1
383,Personne morale,RSI,C,CDI,CRIL2,Bon,0.0,0.0,0.0,18.54342399957464,0.0,113059410.0,0.0,0.0,0.0,0,1,0,0,1,0,1
384,Personne morale,RSI,C,CDI,CRIL2,Bon,0.0,0.0,0.0,18.84205936445226,0.0,152406120.0,0.0,0.0,0.0,0,1,0,0,1,0,1
385,Personne morale,RSI,C,CDI,CRIL2,Bon,0.0,0.0,0.0,18.74337408611494,0.0,138084183.0,0.0,0.0,0.0,0,1,0,0,1,0,1
386,Personne morale,RSI,C,CDI,CRIL2,Bon,0.0,0.0,0.0,18.960684536363075,0.0,171601336.0,0.0,0.0,0.0,0,1,0,0,1,0,1
387,Personne morale,RSI,C,CDI,CRIL2,Bon,0.0,0.0,0.0,19.287869450433433,0.0,238020996.0,0.0,0.0,0.0,0,1,0,0,1,0,1
388,Personne morale,RSI,C,CDI,CRIL2,Bon,0.0,0.0,0.0,20.423973857586603,0.0,741342920.0,0.0,0.0,0.0,0,1,0,0,1,0,1
389,Personne morale,RSI,C,CDI,CRIL2,Bon,0.0,0.0,0.0,18.960082156863717,0.0,171497998.0,0.0,0.0,0.0,0,1,0,1,1,0,1
390,Personne morale,RSI,C,CDI,CRIL2,Bon,0.0,0.0,0.0,21.48254975004219,0.0,2136745576.0,0.0,0.0,0.0,0,1,0,0,1,0,1
391,Personne morale,RSI,C,CDI,CRIL2,Bon,0.0,0.0,0.0,18.529521301234936,0.0,111498455.0,0.0,0.0,0.0,0,1,0,0,1,0,1
392,Personne morale,RSI,C,CDI,CRIL2,Bon,0.0,0.0,0.0,22.28325709227674,0.0,4758779630.0,0.0,0.0,0.0,0,1,0,0,1,0,1
393,Personne morale,RSI,C,CDI,CRIL2,Bon,0.0,0.0,0.0,18.513793092111353,0.0,109758503.0,0.0,0.0,0.0,0,1,0,0,1,0,1
394,Personne morale,RSI,C,CDI,CRIL2,Bon,0.0,0.0,0.0,20.002816982353426,0.0,486533823.0,0.0,0.0,0.0,0,1,0,0,1,0,1
395,Personne morale,RSI,C,CDI,CRIL2,Bon,0.0,0.0,0.0,22.32868791650668,0.0,4979961098.0,0.0,0.0,0.0,0,1,0,1,1,0,1
396,Personne morale,RSI,C,CDI,CRIL2,Bon,0.0,0.0,0.0,20.986812744892262,0.0,1301538345.0,0.0,0.0,0.0,0,1,0,0,1,0,1
397,Personne physique,HRI,C,CDI,CRILEXT,Bon,0.0,0.0,0.0,18.54024715733384,0.0,112700808.0,0.0,0.0,0.0,0,1,0,2,0,0,0
398,Personne physique,HRI,C,CDI,CRILEXT,Bon,0.0,0.0,0.0,18.518460281472706,0.0,110271964.0,0.0,0.0,0.0,0,1,0,2,0,0,0
399,Personne physique,IL,C,CDI,CRILEXT,Bon,0.0,0.0,0.0,19.028104314358565,0.0,183569575.0,0.0,0.0,0.0,0,1,0,1,0,0,0
400,Personne morale,RSI,C,CDI,CRILEXT,Bon,0.0,0.0,0.0,21.6599477307394,0.0,2551501204.0,0.0,0.0,0.0,0,1,0,0,0,0,0
401,Personne morale,RSI,C,CDI,CRILEXT,Bon,0.0,0.0,0.0,21.711473959888266,0.0,2686416428.0,0.0,0.0,0.0,0,1,0,0,0,0,0
402,Personne morale,RSI,C,CDI,CRILEXT,Bon,0.0,0.0,0.0,21.027267640948438,0.0,1355271500.0,0.0,0.0,0.0,0,1,0,1,0,0,0
403,Personne physique,IL,C,CDI,CRILEXT,Bon,0.0,0.0,0.0,20.035178012234216,0.0,502536087.0,0.0,0.0,0.0,0,1,0,1,0,0,0
404,Personne physique,IL,C,CDI,CRILEXT,Bon,0.0,0.0,0.0,19.07875992210776,0.0,193107950.0,0.0,0.0,0.0,0,1,0,1,0,0,0
405,Personne physique,IL,C,CDI,CRILEXT,Bon,0.0,0.0,0.0,18.941935797646618,0.0,168414000.0,0.0,0.0,0.0,0,1,0,1,0,0,0
406,Personne physique,SALARIE,C,CDI,CRILEXT,Bon,0.0,0.0,0.0,19.748480641762622,0.0,377273384.0,0.0,0.0,0.0,0,1,0,1,0,0,0
407,Personne physique,SALARIE,C,CDI,CRILEXT,Bon,0.0,0.0,0.0,19.21498066689581,0.0,221289125.0,0.0,0.0,0.0,0,1,0,1,0,0,0
408,Personne physique,SALARIE,C,CDI,CRILEXT,Bon,0.0,0.0,0.0,18.585858947943358,0.0,117960330.0,0.0,0.0,0.0,0,1,0,1,0,0,0
409,Personne physique,SALARIE,C,CDI,CRILEXT,Bon,0.0,0.0,0.0,19.460392836876395,0.0,282840257.0,0.0,0.0,0.0,0,1,0,1,0,0,0
410,Personne physique,SALARIE,C,CDI,CRILEXT,Bon,0.0,0.0,0.0,20.01770505344815,0.0,493831563.0,0.0,0.0,0.0,0,1,0,1,0,0,0
411,Personne morale,RSI,C,CDI,CRILEXT,Bon,0.0,0.0,0.0,21.116934509898993,0.0,1482409304.0,0.0,0.0,0.0,0,1,0,1,0,0,0
412,Personne morale,RSI,C,CDI,CRILEXT,Bon,0.0,0.0,0.0,21.97101645658304,0.0,3482500671.0,0.0,0.0,0.0,0,1,0,2,0,0,0
413,Personne physique,RSI,C,CDI,CRILEXT,Bon,0.0,0.0,0.0,18.621472832046134,0.0,122237059.0,0.0,0.0,0.0,0,1,0,2,0,0,0
414,Personne physique,SALARIE,C,CDI,CRILEXT,Bon,0.0,0.0,0.0,19.321754709856307,0.0,246224605.0,0.0,0.0,0.0,0,1,0,1,0,0,0
415,Personne physique,SALARIE,C,CDI,CRILEXT,Bon,0.0,0.0,0.0,18.568569392408445,0.0,115938378.0,0.0,0.0,0.0,0,1,0,2,0,0,0
416,Personne physique,SALARIE,C,CDI,CRILEXT,Bon,0.0,0.0,0.0,18.677152961274594,0.0,129236285.0,0.0,0.0,0.0,0,1,0,2,0,0,0
417,Personne morale,RSI,C,CDI,CRILEXT,Bon,0.0,0.0,0.0,21.514872854655543,0.0,2206940169.0,0.0,0.0,0.0,0,1,0,0,1,0,1
418,Personne morale,RSI,C,CDI,CRILEXT,Bon,0.0,0.0,0.0,18.76003501637291,0.0,140404066.0,0.0,0.0,0.0,0,1,0,1,1,0,1
419,Personne physique,RSI,C,CDI,CRILEXT,Bon,0.0,0.0,0.0,18.446345410774175,0.0,102599683.0,0.0,0.0,0.0,0,1,0,1,1,0,1
420,Personne morale,RSI,C,CDI,CRILEXT,Bon,0.0,0.0,0.0,18.440448782415064,0.0,101996471.0,0.0,0.0,0.0,0,1,0,1,1,0,1
421,Personne morale,RSI,C,CDI,CRILEXT,Bon,0.0,0.0,0.0,18.617291398591703,0.0,121727000.0,0.0,0.0,0.0,0,1,0,0,1,0,1
422,Personne morale,RSI,C,CDI,CRILEXT,Bon,0.0,0.0,0.0,20.85959820853927,0.0,1146062748.0,0.0,0.0,0.0,0,1,0,0,1,0,1
423,Personne morale,RSI,C,CDI,CRILEXT,Bon,0.0,0.0,0.0,19.44542361867615,0.0,278637891.0,0.0,0.0,0.0,0,1,0,0,1,0,1
424,Personne morale,RSI,C,CDI,CRILEXT,Bon,0.0,0.0,0.0,19.109029244240865,0.0,199042562.0,0.0,0.0,0.0,0,1,0,0,1,0,1
425,Personne physique,RSI,C,CDI,CRIN,Bon,0.0,0.0,0.0,18.572554235811218,0.0,116401296.0,0.0,0.0,0.0,0,1,0,2,0,0,0
426,Personne physique,SALARIE,C,CDI,CRIN,Bon,0.0,0.0,0.0,21.502794547100418,0.0,2180444401.0,0.0,0.0,0.0,0,1,0,1,0,0,0
427,Personne physique,RSI,C,CDI,CRIN,Bon,0.0,0.0,0.0,20.984396698777807,0.0,1298397564.0,0.0,0.0,0.0,0,1,0,2,0,0,0
428,Personne morale,RSI,C,CDI,CRIN,Bon,0.0,0.0,0.0,20.347834770077593,0.0,686993074.0,0.0,0.0,0.0,0,1,0,0,0,0,0
429,Personne physique,HRI,C,CDI,CRINO,Bon,0.0,0.0,0.0,18.431790264072117,0.0,101117145.0,0.0,0.0,0.0,0,1,0,2,0,0,0
430,Personne physique,HRI,C,CDI,CRINO,Bon,0.0,0.0,0.0,18.95926774585185,0.0,171358385.0,0.0,0.0,0.0,0,1,0,2,0,0,0
431,Personne physique,RSI,C,CDI,CRINO,Bon,0.0,0.0,0.0,18.507531608060493,0.0,109073399.0,0.0,0.0,0.0,0,1,0,1,0,0,0
432,Personne morale,RSI,C,CDI,CRINO,Bon,0.0,0.0,0.0,18.53390162880625,0.0,111987926.0,0.0,0.0,0.0,0,1,0,1,0,0,0
433,Personne morale,RSI,C,CDI,CRINO,Bon,0.0,0.0,0.0,18.67101774693098,0.0,128445820.0,0.0,0.0,0.0,0,1,0,0,0,0,0
434,Personne morale,RSI,C,CDI,CRINO,Bon,0.0,0.0,0.0,19.09746360645051,0.0,196753769.0,0.0,0.0,0.0,0,1,0,0,0,0,0
435,Personne physique,RSI,C,CDI,CRINO,Bon,0.0,0.0,0.0,19.43959306925895,0.0,277018006.0,0.0,0.0,0.0,0,1,0,1,0,0,0
436,Personne morale,RSI,C,CDI,CRINO,Bon,0.0,0.0,0.0,19.9919283916588,0.0,481264893.0,0.0,0.0,0.0,0,1,0,0,0,0,0
437,Personne morale,RSI,C,CDI,CRINO,Bon,0.0,0.0,0.0,19.4627520775254,0.0,283508333.0,0.0,0.0,0.0,0,1,0,2,1,0,1
438,Personne morale,RSI,C,CDI,CRINO,Bon,0.0,0.0,0.0,19.496595368546398,0.0,293267396.0,0.0,0.0,0.0,0,1,0,0,1,0,1
439,Personne morale,RSI,C,CDI,CRINO,Bon,0.0,0.0,0.0,20.265007800561673,0.0,632384276.0,0.0,0.0,0.0,0,1,0,0,1,0,1
440,Personne morale,RSI,C,CDI,CRINO,Bon,0.0,0.0,0.0,19.19929816414292,0.0,217845828.0,0.0,0.0,0.0,0,1,0,0,1,0,1
441,Personne morale,RSI,C,CDI,CRINO,Bon,0.0,0.0,0.0,18.46595215312982,0.0,104631179.0,0.0,0.0,0.0,0,1,0,0,1,0,1
442,Personne morale,RSI,C,CDI,CRINO,Bon,0.0,0.0,0.0,18.480108602874854,0.0,106122919.0,0.0,0.0,0.0,0,1,0,0,1,0,1
443,Personne morale,RSI,C,CDI,CRINO,Bon,0.0,0.0,0.0,19.9867834104607,0.0,478795153.0,0.0,0.0,0.0,0,1,0,0,1,0,1
444,Personne morale,RSI,C,CDI,CRINO,Bon,0.0,0.0,0.0,21.64159215281298,0.0,2505094142.0,0.0,0.0,0.0,0,1,0,0,1,0,1
445,Personne morale,RSI,C,CDI,CRIO,Bon,0.0,0.0,0.0,19.166565914324696,0.0,210830681.0,0.0,0.0,0.0,0,1,0,0,0,0,0
446,Personne physique,RSI,C,CDI,CRIO,Bon,0.0,0.0,0.0,18.566461493435426,0.0,115694249.0,0.0,0.0,0.0,0,1,0,1,0,0,0
447,Personne physique,RSI,C,CDI,CRIO,Bon,0.0,0.0,0.0,19.385845933586005,0.0,262522127.0,0.0,0.0,0.0,0,1,0,2,0,0,0
448,Personne physique,RSI,C,CDI,CRIO,Bon,0.0,0.0,0.0,18.823729381412342,0.0,149637966.0,0.0,0.0,0.0,0,1,0,1,1,0,1
449,Personne physique,RSI,C,CDI,CRIO,Bon,0.0,0.0,0.0,21.585253519345006,0.0,2367862577.0,0.0,0.0,0.0,0,1,0,0,1,0,1
450,Personne morale,RSI,C,CDI,CRIO,Bon,0.0,0.0,0.0,19.457282236758562,0.0,281961821.0,0.0,0.0,0.0,0,1,0,0,1,0,1
451,Personne morale,RSI,C,CDI,CRIO,Bon,0.0,0.0,0.0,20.687925283507592,0.0,965276631.0,0.0,0.0,0.0,0,1,0,0,1,0,1
452,Personne morale,RSI,C,CDI,CRIO,Bon,0.0,0.0,0.0,20.300229925938165,0.0,655055108.0,0.0,0.0,0.0,0,1,0,0,1,0,1
453,Personne morale,RSI,C,CDI,CRIO,Bon,0.0,0.0,0.0,20.232886353965608,0.0,612393956.0,0.0,0.0,0.0,0,1,0,0,1,0,1
454,Personne morale,RSI,C,CDI,CRIS,Bon,0.0,0.0,0.0,20.283985381895107,0.0,644500000.0,0.0,0.0,0.0,0,1,0,0,1,0,1
455,Personne morale,RSI,C,CDI,CRIS,Bon,0.0,0.0,0.0,18.770486647961484,0.0,141879213.0,0.0,0.0,0.0,0,1,0,0,1,0,1
456,Personne morale,RSI,C,CDI,CRIS,Bon,0.0,0.0,0.0,19.509276369600713,0.0,297010000.0,0.0,0.0,0.0,0,1,0,0,1,0,1
457,Personne physique,IL,C,CDI,CRISO,Bon,0.0,0.0,0.0,19.00185396035609,0.0,178813506.0,0.0,0.0,0.0,0,1,0,2,0,0,0
458,Personne physique,HRI,C,CDI,CRISO,Bon,0.0,0.0,0.0,19.01666460871163,0.0,181481559.0,0.0,0.0,0.0,0,1,0,1,0,0,0
459,Personne morale,RSI,C,CDI,CRISO,Bon,0.0,0.0,0.0,19.903360399915055,0.0,440473304.0,0.0,0.0,0.0,0,1,0,1,0,0,0
460,Personne morale,RSI,C,CDI,CRISO,Bon,0.0,0.0,0.0,18.446352399075373,0.0,102600400.0,0.0,0.0,0.0,0,1,0,1,0,0,0
461,Personne physique,RSI,C,CDI,CRISO,Bon,0.0,0.0,0.0,18.59855863393362,0.0,119467942.0,0.0,0.0,0.0,0,1,0,1,0,0,0
462,Personne morale,RSI,C,CDI,CRISO,Bon,0.0,0.0,0.0,19.07691679341991,0.0,192752355.0,0.0,0.0,0.0,0,1,0,0,1,0,1
463,Personne physique,RSI,C,CDI,CRISO,Bon,0.0,0.0,0.0,18.95628498831725,0.0,170848026.0,0.0,0.0,0.0,0,1,0,1,1,0,1
464,Personne morale,RSI,C,CDI,CRISO,Bon,0.0,0.0,0.0,18.58161973951156,0.0,117461330.0,0.0,0.0,0.0,0,1,0,0,1,0,1
465,Personne morale,RSI,C,CDI,CRISO,Bon,0.0,0.0,0.0,18.69194628196944,0.0,131162330.0,0.0,0.0,0.0,0,1,0,1,1,0,1
466,Personne morale,RSI,C,CDI,CRISO,Bon,0.0,0.0,0.0,18.66979375088242,0.0,128288699.0,0.0,0.0,0.0,0,1,0,1,1,0,1
467,Personne morale,RSI,C,CDI,CRISO,Bon,0.0,0.0,0.0,20.27494778583761,0.0,638701511.0,0.0,0.0,0.0,0,1,0,0,1,0,1
468,Personne morale,RSI,C,CDI,CRISO,Bon,0.0,0.0,0.0,20.16709472355148,0.0,573400350.0,0.0,0.0,0.0,0,1,0,0,1,0,1
469,Personne morale,RSI,C,CDI,CRISO,Bon,0.0,0.0,0.0,19.913139961411368,0.0,444802072.0,0.0,0.0,0.0,0,1,0,0,1,0,1
470,Personne morale,RSI,C,CDI,CRISO,Bon,0.0,0.0,0.0,19.774066464607394,0.0,387050782.0,0.0,0.0,0.0,0,1,0,0,1,0,1
471,Personne morale,RSI,C,CDI,CRISO,Bon,0.0,0.0,0.0,19.803973038375958,0.0,398800973.0,0.0,0.0,0.0,0,1,0,0,1,0,1
472,Personne morale,RSI,C,CDI,CRISO,Bon,0.0,0.0,0.0,20.915210185810047,0.0,1211603087.0,0.0,0.0,0.0,0,1,0,0,1,0,1
473,Personne morale,RSI,C,CDI,CRISO,Bon,0.0,0.0,0.0,20.282862888676945,0.0,643776959.0,0.0,0.0,0.0,0,1,0,0,1,0,1
474,Personne morale,RSI,C,CDI,CRISO,Bon,0.0,0.0,0.0,21.053651237739647,0.0,1391504311.0,0.0,0.0,0.0,0,1,0,0,1,0,1
475,Personne morale,RSI,C,CDI,CRISO,Bon,0.0,0.0,0.0,20.946145693496213,0.0,1249670424.0,0.0,0.0,0.0,0,1,0,0,1,0,1
476,Personne morale,RSI,C,CDI,CRIL2,Bon,0.0,0.0,0.0,19.980108620375834,0.0,475609938.0,0.0,0.0,0.0,0,1,0,0,0,0,0
477,Personne morale,RSI,C,CDI,CRIL2,Bon,0.0,0.0,0.0,20.962006510293335,0.0,1269649239.0,0.0,0.0,0.0,0,1,0,0,1,0,1
478,Personne morale,RSI,C,CDI,CRIL2,Bon,0.0,0.0,0.0,23.01292335192407,0.0,9871556241.0,0.0,0.0,0.0,0,1,0,0,1,0,1
479,Personne morale,RSI,C,CDI,CRIL2,Bon,0.0,0.0,0.0,18.47860775401322,0.0,105963764.0,0.0,0.0,0.0,0,1,0,0,1,0,1
480,Personne morale,RSI,C,DGE,DGE,Bon,0.0,0.0,0.0,22.207709752573823,0.0,4412511001.0,0.0,0.0,0.0,0,1,0,0,1,0,1
481,Personne morale,RSI,C,DGE,DGE,Bon,0.0,0.0,0.0,19.7442406596111,0.0,375677138.0,0.0,0.0,0.0,0,1,0,0,1,0,1
482,Personne morale,RSI,C,DGE,DGE,Bon,0.0,0.0,0.0,21.950751263606502,0.0,3412637410.0,0.0,0.0,0.0,0,1,0,0,1,0,1
483,Personne morale,RSI,C,DGE,DGE,Bon,0.0,0.0,0.0,19.202330219531106,0.0,218507351.0,0.0,0.0,0.0,0,1,0,0,1,0,1
484,Personne morale,RSI,C,DGE,DGE,Bon,0.0,0.0,0.0,19.69445830809471,0.0,357432934.0,0.0,0.0,0.0,0,1,0,0,1,0,1
485,Personne morale,RSI,C,DGE,DGE,Bon,0.0,0.0,0.0,20.216991591592798,0.0,602737050.0,0.0,0.0,0.0,0,1,0,0,1,0,1
486,Personne morale,RSI,C,DGE,DGE,Bon,0.0,0.0,0.0,18.527811835215687,0.0,111308015.0,0.0,0.0,0.0,0,1,0,0,1,0,1
487,Personne morale,RSI,C,DGE,DGE,Bon,0.0,0.0,0.0,23.79669662491403,0.0,21615935297.0,0.0,0.0,0.0,0,1,0,0,1,0,1
488,Personne morale,RSI,C,DGE,DGE,Bon,0.0,0.0,0.0,21.46911812683901,0.0,2108237498.0,0.0,0.0,0.0,0,1,0,0,1,0,1
489,Personne morale,RSI,C,DGE,DGE,Bon,0.0,0.0,0.0,19.235303210969278,0.0,225832291.0,0.0,0.0,0.0,0,1,0,0,1,0,1
490,Personne morale,RSI,C,DGE,DGE,Bon,0.0,0.0,0.0,18.807475419190286,0.0,147225416.0,0.0,0.0,0.0,0,1,0,0,1,0,1
491,Personne morale,RSI,C,DGE,DGE,Bon,0.0,0.0,0.0,20.08045266250412,0.0,525811142.0,0.0,0.0,0.0,0,1,0,0,1,0,1
492,Personne morale,RSI,C,DGE,DGE,Bon,0.0,0.0,0.0,19.104429462001793,0.0,198129112.0,0.0,0.0,0.0,0,1,0,0,1,0,1
493,Personne physique,RSI,C,CDI,CRIC1,Pas bon,0.0,0.0,0.0,19.55073840045585,0.0,309583498.0,0.0,0.0,0.0,0,1,1,1,0,0,0
494,Personne physique,RSI,C,CDI,CRIC1,Pas bon,0.0,0.0,0.0,18.88444535720069,0.0,159004864.0,0.0,0.0,0.0,0,1,1,1,0,0,0
495,Personne physique,RSI,C,CDI,CRIC1,Pas bon,0.0,0.0,0.0,19.141849385455878,0.0,205683550.0,0.0,0.0,0.0,0,1,1,2,1,0,1
496,Personne morale,OBNL,PC,CIME,CRIC2,Pas bon,0.0,0.0,0.0,0.0,0.0,0.0,0.0,0.0,0.0,0,0,1,1,0,0,0
497,Personne physique,RSI,C,CDI,CRIE,Pas bon,0.0,0.0,0.0,18.996862515133444,0.0,177923192.0,0.0,0.0,0.0,0,1,1,1,1,0,1
498,Personne morale,OBNL,C,CIME,CRIL1,Pas bon,0.0,0.0,0.0,19.291915643751526,0.0,238986026.0,0.0,0.0,0.0,0,1,1,1,0,0,0
499,Personne physique,RSI,C,CDI,CRIL1,Pas bon,0.0,0.0,0.0,19.157421265701437,0.0,208911497.0,0.0,0.0,0.0,0,1,1,2,0,0,0
500,Personne physique,RSI,C,CDI,CRIL1,Pas bon,0.0,0.0,0.0,19.095918509059096,0.0,196450000.0,0.0,0.0,0.0,0,1,1,2,0,0,0
501,Personne physique,RSI,C,CDI,CRIL1,Pas bon,0.0,0.0,0.0,20.175153081719284,0.0,578039683.0,0.0,0.0,0.0,0,1,1,3,0,0,0
502,Personne physique,RSI,C,CDI,CRIL1,Pas bon,0.0,0.0,0.0,18.943223613884598,0.0,168631026.0,0.0,0.0,0.0,0,1,1,2,0,0,0
503,Personne physique,RSI,C,CDI,CRIL1,Pas bon,0.0,0.0,0.0,18.738592066175606,0.0,137425438.0,0.0,0.0,0.0,0,1,1,2,1,0,1
504,Personne physique,RSI,C,CDI,CRIL1,Pas bon,0.0,0.0,0.0,20.181167367221544,0.0,581526654.0,0.0,0.0,0.0,0,1,1,2,1,0,1
505,Personne physique,RSI,C,CDI,CRIL1,Pas bon,0.0,0.0,0.0,21.095555268488493,0.0,1451052900.0,0.0,0.0,0.0,0,1,1,2,1,0,1
506,Personne physique,RSI,C,CDI,CRIL1,Pas bon,0.0,0.0,0.0,18.420680753952364,0.0,100000000.0,0.0,0.0,0.0,0,1,1,2,1,0,1
507,Personne physique,RSI,C,CDI,CRIL1,Pas bon,0.0,0.0,0.0,18.919456312546163,0.0,164670375.0,0.0,0.0,0.0,0,1,1,2,1,0,1
508,Personne physique,RSI,C,CDI,CRIL1,Pas bon,0.0,0.0,0.0,19.31185877911317,0.0,243800000.0,0.0,0.0,0.0,0,1,1,2,1,0,1
509,Personne physique,RSI,C,CDI,CRIL2,Pas bon,0.0,0.0,0.0,19.393200285496146,0.0,264459924.0,0.0,0.0,0.0,0,1,1,1,0,0,0
510,Personne physique,RSI,C,CDI,CRIL2,Pas bon,0.0,0.0,0.0,18.858234738962743,0.0,154891392.0,0.0,0.0,0.0,0,1,1,1,0,0,0
511,Personne physique,RSI,C,CDI,CRIL2,Pas bon,0.0,0.0,0.0,18.427849576359492,0.0,100719458.0,0.0,0.0,0.0,0,1,1,2,1,0,1
512,Personne physique,RSI,C,CDI,CRIL2,Pas bon,0.0,0.0,0.0,18.42144558138963,0.0,100076512.0,0.0,0.0,0.0,0,1,1,1,1,0,1
513,Personne physique,RSI,C,CDI,CRIL2,Pas bon,0.0,0.0,0.0,18.906188565887913,0.0,162500000.0,0.0,0.0,0.0,0,1,1,1,1,0,1
514,Personne physique,RSI,C,CDI,CRIL2,Pas bon,0.0,0.0,0.0,19.229386269600926,0.0,224500000.0,0.0,0.0,0.0,0,1,1,1,1,0,1
515,Personne physique,RSI,C,CDI,CRIL2,Pas bon,0.0,0.0,0.0,19.03620843804863,0.0,185063290.0,0.0,0.0,0.0,0,1,1,1,1,0,1
516,Personne physique,RSI,C,CDI,CRIL2,Pas bon,0.0,0.0,0.0,19.331659689233724,0.0,248675573.0,0.0,0.0,0.0,0,1,1,1,1,0,1
517,Personne physique,RSI,C,CDI,CRILEXT,Pas bon,0.0,0.0,0.0,19.950978043869384,0.0,461955000.0,0.0,0.0,0.0,0,1,1,2,0,0,0
518,Personne physique,RSI,C,CDI,CRILEXT,Pas bon,0.0,0.0,0.0,21.309806585461395,0.0,1797758746.0,0.0,0.0,0.0,0,1,1,1,0,0,0
519,Personne physique,RSI,C,CDI,CRILEXT,Pas bon,0.0,0.0,0.0,21.665967691048966,0.0,2566907466.0,0.0,0.0,0.0,0,1,1,1,1,0,1
520,Personne physique,RSI,C,CDI,CRINO,Pas bon,0.0,0.0,0.0,19.45830802316388,0.0,282251202.0,0.0,0.0,0.0,0,1,1,2,0,0,0
521,Personne physique,RSI,C,CDI,CRISO,Pas bon,0.0,0.0,0.0,21.910617815127925,0.0,3278388458.0,0.0,0.0,0.0,0,1,1,1,1,0,1
522,Personne morale,RSI,C,CDI,CRIL1,Bon,12.206077645517674,0.0,0.0,18.51869636075941,0.0,551.4872425637872,0.0,0.0,0.0,0,1,0,1,0,1,0
523,Personne morale,RSI,C,CDI,CRIL1,Bon,12.641585109657207,0.0,0.0,19.627204469909394,0.0,1080.9757206025533,0.0,0.0,0.0,0,1,0,1,1,1,1
524,Personne morale,RSI,C,CDI,CRIL1,Bon,13.540327381195176,0.0,0.0,20.90100643046519,0.0,1572.9042785867878,0.0,0.0,0.0,0,1,0,1,0,1,0
525,Personne morale,RSI,C,CDI,CRIL1,Bon,13.702566918517599,0.0,0.0,19.087521812932252,0.0,218.10026522585622,0.0,0.0,0.0,0,1,0,1,0,1,0
526,Personne physique,RSI,C,CDI,CRIL2,Bon,13.812141890369459,0.0,0.0,19.09947326256659,0.0,197.81482525734043,0.0,0.0,0.0,0,1,0,1,1,1,1
527,Personne morale,RSI,C,CDI,CRIL1,Bon,13.815511557963774,0.0,0.0,19.72182342776871,0.0,367.34882265117733,0.0,0.0,0.0,0,1,0,1,0,1,0
528,Personne physique,REEL,C,CIME,CRIC1,Bon,13.83531416565213,0.0,18.40595189504573,0.0,0.0,0.0,98537908.0,96.60569744539467,1020000.0,1,0,0,0,2,1,1
529,Personne morale,RSI,C,CDI,CRIC1,Bon,13.997832948091215,0.0,0.0,18.864385128634243,0.0,129.8723667730277,0.0,0.0,0.0,0,1,0,1,0,1,0
530,Personne morale,RSI,C,CDI,CRILEXT,Bon,14.029642425758041,0.0,0.0,18.587401869344593,0.0,95.3695585839685,0.0,0.0,0.0,0,1,0,1,1,1,1
531,Personne morale,RSI,C,CDI,CRIL1,Bon,14.033200062971002,0.0,0.0,19.12536287048664,0.0,162.74145934567298,0.0,0.0,0.0,0,1,0,1,0,1,0
532,Personne morale,RSI,C,CDI,CRIL1,Bon,14.05667318620957,0.0,0.0,19.72190799767405,0.0,288.65575205385596,0.0,0.0,0.0,0,1,0,1,1,1,1
533,Personne morale,RSI,C,CDI,CRIC1,Bon,14.23422155071698,0.0,0.0,19.193369868363032,0.0,142.47240232078795,0.0,0.0,0.0,0,1,0,1,0,1,0
534,Personne morale,RSI,C,CDI,CRIL2,Bon,14.32061042080231,0.0,0.0,18.79266552889704,0.0,87.53643451924417,0.0,0.0,0.0,0,1,0,1,0,1,0
535,Personne morale,RSI,C,CDI,CRIL2,Bon,14.341561880261276,0.0,0.0,19.695478085640637,0.0,211.43469974950318,0.0,0.0,0.0,0,1,0,1,0,1,0
536,Personne morale,RSI,C,CDI,CRIL1,Bon,14.405527511700019,0.0,0.0,20.005720673438518,0.0,270.4786479521557,0.0,0.0,0.0,0,1,0,1,0,1,0
537,Personne physique,RSI,C,CDI,CRIL1,Pas bon,14.566069203677317,0.0,0.0,19.029027695677275,0.0,86.74376010004801,0.0,0.0,0.0,0,1,1,2,0,1,0
538,Personne morale,RSI,C,CDI,CRIL1,Bon,14.599802893003758,0.0,0.0,18.631751722129472,0.0,56.37066060024027,0.0,0.0,0.0,0,1,0,1,0,1,0
539,Personne morale,RSI,C,CDI,CRIL1,Bon,14.629821276062282,0.0,0.0,18.691282631995055,0.0,58.05909367346749,0.0,0.0,0.0,0,1,0,1,0,1,0
540,Personne morale,RSI,C,CDI,CRIA,Bon,14.642533259429813,0.0,0.0,18.55339115216139,0.0,49.941777851835624,0.0,0.0,0.0,0,1,0,0,0,1,0
541,Personne morale,RSI,C,CDI,CRIL2,Bon,14.70955608988898,0.0,0.0,18.59508715009161,0.0,48.6927939906773,0.0,0.0,0.0,0,1,0,1,1,1,1
542,Personne morale,RSI,C,CDI,CRIL1,Bon,14.757327506104204,0.0,0.0,19.326132643332645,0.0,96.4288213107742,0.0,0.0,0.0,0,1,0,1,0,1,0
543,Personne morale,RSI,C,CDI,CRIL2,Bon,14.761360480429413,0.0,0.0,19.708535035017626,0.0,140.77664435858472,0.0,0.0,0.0,0,1,0,0,0,1,0
544,Personne morale,RSI,C,CDI,CRIC1,Bon,14.797589404908198,0.0,0.0,20.210829214552025,0.0,224.35728600850712,0.0,0.0,0.0,0,1,0,1,0,1,0
545,Personne morale,RSI,C,CDI,CRIL1,Bon,14.863706711287982,0.0,0.0,18.562387802058428,0.0,40.39399285048454,0.0,0.0,0.0,0,1,0,1,1,1,1
546,Personne morale,RSI,C,CDI,CRISO,Bon,14.864232427404282,0.0,0.0,20.558719475950586,0.0,297.22429249324017,0.0,0.0,0.0,0,1,0,1,0,1,0
547,Personne morale,RSI,C,CDI,CRIEN,Bon,14.992244941879315,0.0,0.0,19.72823142808456,0.0,113.97583856285476,0.0,0.0,0.0,0,1,0,1,0,1,0
548,Personne morale,RSI,C,CDI,CRIL2,Bon,15.014458559084963,0.0,0.0,21.23600892659914,0.0,503.4832109499232,0.0,0.0,0.0,0,1,0,1,1,1,1
549,Personne physique,RSI,C,CDI,CRIO,Bon,15.024471202308668,0.0,0.0,19.72069014417856,0.0,109.53224043813718,0.0,0.0,0.0,0,1,0,0,1,1,1
550,Personne morale,RSI,C,CDI,CRIL2,Bon,15.068273812173887,0.0,0.0,19.06222064399417,0.0,54.26865620895537,0.0,0.0,0.0,0,1,0,1,0,1,0
551,Personne morale,RSI,C,CDI,CRIC1,Bon,15.095888971424761,0.0,0.0,18.589454120554983,0.0,32.90304282850394,0.0,0.0,0.0,0,1,0,1,0,1,0
552,Personne morale,RSI,C,CDI,CRILEXT,Bon,15.147876840910817,0.0,0.0,19.04392674599654,0.0,49.20768939111098,0.0,0.0,0.0,0,1,0,1,1,1,1
553,Personne morale,RSI,C,CDI,CRIL1,Bon,15.261488156761091,0.0,0.0,22.033795908707013,0.0,873.324987441124,0.0,0.0,0.0,0,1,0,1,0,1,0
554,Personne morale,RSI,C,CDI,CRISO,Bon,15.276806634587432,0.0,0.0,19.455806775436727,0.0,65.3005289984284,0.0,0.0,0.0,0,1,0,1,0,1,0
555,Personne physique,RSI,C,CDI,CRIEN,Bon,15.303746020201924,0.0,0.0,19.98104199187973,0.0,107.47905265717421,0.0,0.0,0.0,0,1,0,1,0,1,0
556,Personne morale,RSI,C,CDI,CRIL1,Bon,15.330857766730682,0.0,0.0,18.693715711882497,0.0,28.871586272997963,0.0,0.0,0.0,0,1,0,1,0,1,0
557,Personne morale,RSI,C,CDI,CRIL1,Bon,15.347603171444666,0.0,0.0,21.040490451556085,0.0,296.7491827200141,0.0,0.0,0.0,0,1,0,1,0,1,0
558,Personne morale,RSI,C,CDI,CRIL2,Bon,15.38846745683847,0.0,0.0,21.03416590576409,0.0,283.07119776007795,0.0,0.0,0.0,0,1,0,0,0,1,0
559,Personne morale,RSI,C,CDI,CRIL2,Bon,15.446710157874584,0.0,0.0,18.982191655007046,0.0,34.311531445884256,0.0,0.0,0.0,0,1,0,1,0,1,0
560,Personne physique,RSI,C,CDI,CRIL1,Bon,15.449641278110677,0.0,0.0,20.329388596908068,0.0,131.59740729806686,0.0,0.0,0.0,0,1,0,1,1,1,1
561,Personne morale,RSI,C,CDI,CRIL2,Bon,15.454507466814658,0.0,0.0,19.76273868908541,0.0,74.3089364448667,0.0,0.0,0.0,0,1,0,1,0,1,0
562,Personne physique,RSI,C,CDI,CRIC2,Pas bon,15.49260730578806,0.0,0.0,18.758693293682025,0.0,26.208557531110742,0.0,0.0,0.0,0,1,1,2,0,1,0
563,Personne morale,RSI,C,CDI,CRIL1,Bon,15.535595169536451,0.0,0.0,19.575517465435905,0.0,56.8219271581151,0.0,0.0,0.0,0,1,0,1,0,1,0
564,Personne physique,RSI,C,CDI,CRIL1,Bon,15.544507882918287,0.0,0.0,19.221332283993878,0.0,39.5206925429117,0.0,0.0,0.0,0,1,0,1,0,1,0
565,Personne morale,RSI,C,CDI,CRIL2,Bon,15.607270193858982,0.0,0.0,21.864656859191626,0.0,521.8533788577702,0.0,0.0,0.0,0,1,0,0,0,1,0
566,Personne morale,RSI,C,CDI,CRIL1,Bon,15.610553796382543,0.0,0.0,18.5744728452123,0.0,19.373749675027224,0.0,0.0,0.0,0,1,0,1,0,1,0
567,Personne morale,RSI,C,CDI,CRIS,Bon,15.62974277934068,0.0,0.0,18.999451414428616,0.0,29.07005566652429,0.0,0.0,0.0,0,1,0,0,0,1,0
568,Personne morale,RSI,C,CDI,CRISO,Bon,15.639358959287499,0.0,0.0,19.259204561902127,0.0,37.33180328281622,0.0,0.0,0.0,0,1,0,1,0,1,0
569,Personne morale,RSI,C,CDI,CRIL1,Bon,15.67369130607868,0.0,0.0,18.430573380071916,0.0,15.750656770108707,0.0,0.0,0.0,0,1,0,1,0,1,0
570,Personne morale,RSI,C,CDI,CRIL1,Bon,15.745523731298478,0.0,0.0,18.610018570723465,0.0,17.54019020840249,0.0,0.0,0.0,0,1,0,1,1,1,1
571,Personne morale,RSI,C,CDI,CRIL1,Bon,15.76142084987672,0.0,0.0,18.751520936057947,0.0,19.88767273033247,0.0,0.0,0.0,0,1,0,1,0,1,0
572,Personne morale,RSI,C,CDI,CRIL2,Bon,15.875387071618988,0.0,0.0,19.26479181620565,0.0,29.648298578929435,0.0,0.0,0.0,0,1,0,1,0,1,0
573,Personne morale,RSI,C,CDI,CRIL2,Bon,15.928363422844113,0.0,0.0,19.413932520666354,0.0,32.6409976249443,0.0,0.0,0.0,0,1,0,0,0,1,0
574,Personne morale,RSI,C,CDI,CRIL2,Bon,16.02144278014773,0.0,0.0,19.693008756901495,0.0,39.313421475802016,0.0,0.0,0.0,0,1,0,0,0,1,0
575,Personne morale,RSI,C,CDI,CRIL2,Bon,16.214060252945366,0.0,0.0,19.51454089574959,0.0,27.125673456857925,0.0,0.0,0.0,0,1,0,1,0,1,0
576,Personne morale,RSI,C,CDI,CRICEXT,Bon,16.399432711327652,0.0,0.0,20.025731772064773,0.0,37.57350165495497,0.0,0.0,0.0,0,1,0,0,1,1,1
577,Personne morale,RSI,C,CDI,CRIL1,Bon,16.46688782736101,0.0,0.0,19.335819925046355,0.0,17.618193569908335,0.0,0.0,0.0,0,1,0,1,0,1,0
578,Personne morale,RSI,C,CDI,CRIL2,Bon,16.482193060121094,0.0,0.0,20.38710942504732,0.0,49.645927528240406,0.0,0.0,0.0,0,1,0,0,1,1,1
579,Personne physique,RSI,C,CDI,CRIL1,Bon,16.588407107820274,0.0,0.0,19.29315154615269,0.0,14.95049536623912,0.0,0.0,0.0,0,1,0,1,1,1,1
580,Personne morale,RSI,C,CDI,CRIL1,Bon,16.61887099947687,0.0,0.0,18.615773278544925,0.0,7.366202220230169,0.0,0.0,0.0,0,1,0,1,1,1,1
581,Personne morale,RSI,C,CDI,CRIL1,Bon,16.659198323819187,0.0,0.0,18.53806918621146,0.0,6.546109171307458,0.0,0.0,0.0,0,1,0,1,1,1,1
582,Personne morale,RSI,C,CDI,CRISO,Bon,16.877285970151007,0.0,0.0,19.39092586715279,0.0,12.349800303817526,0.0,0.0,0.0,0,1,0,1,0,1,0
583,Personne morale,RSI,C,CDI,CRIL1,Bon,16.980985648299452,0.0,0.0,18.876500252491727,0.0,6.655972672743769,0.0,0.0,0.0,0,1,0,1,0,1,0
584,Personne morale,RSI,C,DGE,DGE,Bon,17.108258658640565,0.0,0.0,20.58822044623353,0.0,32.45848169829829,0.0,0.0,0.0,0,1,0,0,1,1,1
585,Personne morale,REEL,C,CSI,CRIL2,Bon,17.184564359055038,0.0,19.49611652358075,0.0,0.0,0.0,293127000.0,10.090073927165257,1.8964130711452571,1,0,0,0,1,1,1
586,Personne morale,RSI,C,CDI,CRIL2,Bon,17.205363972780255,0.0,0.0,21.677306850264987,0.0,87.52661137273628,0.0,0.0,0.0,0,1,0,0,0,1,0
587,Personne morale,RSI,C,CDI,CRIL2,Bon,17.231518946481682,0.0,0.0,18.530983373223727,0.0,3.667331983759528,0.0,0.0,0.0,0,1,0,1,0,1,0
588,Personne morale,RSI,C,CDI,CRIO,Bon,17.257899497849607,0.0,0.0,18.68344916519904,0.0,4.160143877698198,0.0,0.0,0.0,0,1,0,1,0,1,0
589,Personne physique,RSI,C,CDI,CRIEN,Pas bon,17.322568360310914,0.0,0.0,18.538463788497637,0.0,3.373313242179513,0.0,0.0,0.0,0,1,1,1,1,1,1
590,Personne morale,RSI,C,CDI,CRIL2,Bon,17.41833687582924,0.0,0.0,19.444200894796094,0.0,7.582659649648427,0.0,0.0,0.0,0,1,0,0,0,1,0
591,Personne morale,RSI,C,CDI,CRILEXT,Bon,17.424369379161025,0.0,0.0,20.156497363184474,0.0,15.365549872153238,0.0,0.0,0.0,0,1,0,1,0,1,0
592,Personne morale,REEL,C,CIME,CRIL1,Bon,17.43306051101168,0.0,19.68289999199901,0.0,0.0,0.0,353325395.0,9.486212969746902,-0.2667565626222956,1,0,0,0,1,1,1
593,Personne physique,REEL,C,CIME,CRIL2,Bon,17.44781968704484,0.0,18.213041391481813,0.0,0.0,0.0,81250000.0,2.1494708426065916,37800000.0,1,0,0,0,1,1,1
594,Personne morale,RSI,C,CDI,CRIL2,Bon,17.519020586356856,0.0,0.0,21.619409095895968,0.0,60.36373490451046,0.0,0.0,0.0,0,1,0,0,1,1,1
595,Personne morale,RSI,C,CDI,CRIC2,Bon,17.52173867498285,0.0,0.0,19.075606716886917,0.0,4.729729613520157,0.0,0.0,0.0,0,1,0,0,1,1,1
596,Personne morale,RSI,C,CDI,CRISO,Bon,17.55857829444135,0.0,0.0,20.11047543658022,0.0,12.831423717159128,0.0,0.0,0.0,0,1,0,0,0,1,0
597,Personne physique,RSI,C,CDI,CRIL2,Pas bon,17.55857829444135,0.0,0.0,19.204582292346984,0.0,5.186214218496484,0.0,0.0,0.0,0,1,1,1,0,1,0
598,Personne morale,REEL,C,CIME,CRIL2,Bon,17.55953858531875,0.0,19.17694356352056,0.0,0.0,0.0,213030000.0,5.0399944127818594,-0.4991800874081315,1,0,0,0,2,1,1
599,Personne morale,RSI,C,CDI,CRIL1,Bon,17.715461002401067,0.0,0.0,19.65193044117696,0.0,6.934225972991377,0.0,0.0,0.0,0,1,0,0,0,1,0
600,Personne morale,RSI,C,CDI,CRILEXT,Bon,17.718492838921904,0.0,0.0,20.447512336677427,0.0,15.31786043758102,0.0,0.0,0.0,0,1,0,0,1,1,1
601,Personne morale,REEL,C,CIME,CRIL2,Bon,17.727678332912806,0.0,0.0,19.857293018305228,0.0,8.411625044925996,0.0,0.0,0.0,0,1,0,0,1,1,1
602,Personne morale,REEL,C,CIME,CRIC1,Bon,17.729218562982926,0.0,0.0,18.889362906695723,0.0,3.1903937361954053,0.0,0.0,0.0,0,1,0,0,0,1,0
603,Personne morale,REEL,C,CIME,CRIL1,Bon,17.735391726991153,0.0,18.811411018975452,0.0,0.0,0.0,147805978.0,2.9329809215521645,0.7704522021578566,1,0,0,0,1,1,1
604,Personne morale,REEL,C,CIME,CRICEXT,Bon,17.77051644072283,0.0,0.0,19.009425427585736,0.0,3.4518453817946706,0.0,0.0,0.0,0,1,0,1,0,1,0
605,Personne physique,REEL,C,CIME,CRIL2,Pas bon,17.798297311285094,0.0,0.0,22.070563619013097,0.0,71.68390944789067,0.0,0.0,0.0,0,1,1,1,1,1,1
606,Personne morale,REEL,C,CIME,CRIC1,Bon,17.83477233202824,0.0,0.0,19.067904214385276,0.0,3.431961203162752,0.0,0.0,0.0,0,1,0,0,0,1,0
607,Personne morale,REEL,C,CIME,CRIC2,Bon,17.837284445272687,0.0,0.0,18.538463788497637,0.0,2.0161289961267204,0.0,0.0,0.0,0,1,0,1,0,1,0
608,Personne physique,REEL,C,CIME,CRIL2,Pas bon,17.839600041736976,0.0,0.0,18.542898385526172,0.0,2.0204057042597,0.0,0.0,0.0,0,1,1,1,0,1,0
609,Personne morale,REEL,C,CIME,CRIL2,Bon,17.841754725323657,0.0,0.0,19.043941802410075,0.0,3.3273862029012276,0.0,0.0,0.0,0,1,0,0,0,1,0
610,Personne morale,REEL,C,CIME,CRIC2,Bon,17.8599260877526,0.0,0.0,18.5625518517778,0.0,2.019047277492187,0.0,0.0,0.0,0,1,0,0,0,1,0
611,Personne physique,REEL,C,CIME,CRIL2,Pas bon,17.867643288762324,0.0,0.0,19.10124914736874,0.0,3.4335882574132777,0.0,0.0,0.0,0,1,1,1,1,1,1
612,Personne morale,REEL,C,CIME,CRIC1,Bon,17.885534370529744,0.0,0.0,18.738257581621287,0.0,2.3460268702552565,0.0,0.0,0.0,0,1,0,1,1,1,1
613,Personne physique,REEL,C,CIME,CRIL2,Pas bon,17.902746597734644,0.0,0.0,19.00009916478621,0.0,2.996223197713417,0.0,0.0,0.0,0,1,1,1,1,1,1
614,Personne morale,REEL,C,CIME,CRIL2,Bon,17.908487802500115,0.0,0.0,20.338338381525304,0.0,11.357184934875265,0.0,0.0,0.0,0,1,0,0,1,1,1
615,Personne morale,REEL,C,CIME,CRIO,Bon,17.92696772739183,0.0,22.44497156090987,0.0,0.0,0.0,5594062256.0,91.65246166531817,-0.5066417054390577,1,0,0,0,1,1,1
616,Personne morale,REEL,C,CIME,CRIL2,Bon,17.94075607958434,0.0,0.0,18.800432936971877,0.0,2.3623971629947293,0.0,0.0,0.0,0,1,0,0,0,1,0
617,Personne physique,REEL,C,CIME,CRIL2,Pas bon,17.981168282160613,0.0,0.0,20.80040390963375,0.0,16.76403179269717,0.0,0.0,0.0,0,1,1,1,0,1,0
618,Personne morale,REEL,C,CIME,CRIL2,Bon,17.99157950535503,0.0,0.0,18.48296047531901,0.0,1.6345719414620326,0.0,0.0,0.0,0,1,0,0,0,1,0
619,Personne morale,REEL,C,CIME,CRIL2,Bon,17.999954794306817,0.0,0.0,21.05292923235746,0.0,21.178244190592867,0.0,0.0,0.0,0,1,0,0,1,1,1
620,Personne morale,REEL,C,CIME,CRILEXT,Bon,18.011172327679514,0.0,17.73685541956902,0.0,0.0,0.0,50468271.0,0.7600911429751204,-0.06372811408390432,1,0,0,0,1,1,1
621,Personne morale,REEL,C,CIME,CRILEXT,Bon,18.03541444935414,0.0,0.0,19.33588194250059,0.0,3.6710124249881804,0.0,0.0,0.0,0,1,0,0,0,1,0
622,Personne physique,REEL,C,CIME,CRIL2,Pas bon,18.03659057053467,0.0,0.0,21.3359379126543,0.0,27.09494940175093,0.0,0.0,0.0,0,1,1,1,1,1,1
623,Personne morale,REEL,C,CIME,CRIL2,Bon,18.087303726195188,0.0,0.0,19.306512272465522,0.0,3.3845079778854434,0.0,0.0,0.0,0,1,0,0,0,1,0
624,Personne morale,REEL,C,CIME,CRIL2,Bon,18.15120843609303,0.0,0.0,20.477415428966587,0.0,10.239031054956317,0.0,0.0,0.0,0,1,0,0,0,1,0
625,Personne morale,REEL,C,CIME,CRILEXT,Bon,18.156517340003607,0.0,0.0,20.325373208605363,0.0,8.748269130223498,0.0,0.0,0.0,0,1,0,0,0,1,0
626,Personne morale,REEL,C,CIME,CRIL1,Bon,18.172732086533127,0.0,0.0,19.29406397899061,0.0,3.06893896631293,0.0,0.0,0.0,0,1,0,0,1,1,1
627,Personne morale,REEL,C,CIME,CRIL1,Bon,18.17374835620655,0.0,0.0,18.936585600548007,0.0,2.1443516344625033,0.0,0.0,0.0,0,1,0,0,1,1,1
628,Personne physique,REEL,C,CIME,CRIL2,Pas bon,18.182423567518462,0.0,0.0,19.27335465459306,0.0,2.9770446576517173,0.0,0.0,0.0,0,1,1,2,0,1,0
629,Personne morale,REEL,C,CIME,CRIL2,Bon,18.187465404534354,0.0,0.0,18.71776640623752,0.0,1.6994437544815513,0.0,0.0,0.0,0,1,0,0,0,1,0
630,Personne morale,REEL,C,CIME,CRIC1,Bon,18.187549998730553,0.0,0.0,18.775946148957676,0.0,1.801097395352599,0.0,0.0,0.0,0,1,0,1,0,1,0
631,Personne morale,REEL,C,CIME,CRILEXT,Bon,18.190080094969442,0.0,0.0,19.601141155704212,0.0,4.10030375545942,0.0,0.0,0.0,0,1,0,0,0,1,0
632,Personne morale,REEL,C,CIME,CRINO,Bon,18.21195156708305,0.0,0.0,20.473358644473144,0.0,9.596582793608018,0.0,0.0,0.0,0,1,0,0,0,1,0
633,Personne morale,REEL,C,CIME,CRIL1,Bon,18.226496944125397,0.0,0.0,18.70929092058219,0.0,1.6205959775449503,0.0,0.0,0.0,0,1,0,0,1,1,1
634,Personne physique,REEL,C,CIME,CRILEXT,Pas bon,18.228381854700704,0.0,0.0,18.822619802849147,0.0,1.8116498355520056,0.0,0.0,0.0,0,1,1,1,0,1,0
635,Personne morale,REEL,C,CIME,CRIL1,Bon,18.273537077567166,0.0,0.0,19.41218798875039,0.0,3.122552909510428,0.0,0.0,0.0,0,1,0,0,0,1,0
636,Personne morale,REEL,C,CIME,CRIC1,Bon,18.29541673924532,0.0,0.0,19.01332061298445,0.0,2.050131358081672,0.0,0.0,0.0,0,1,0,0,0,1,0
637,Personne morale,REEL,C,CIME,CRIO,Bon,18.31165508652741,0.0,0.0,22.791923124404374,0.0,88.2583260687006,0.0,0.0,0.0,0,1,0,0,1,1,1
638,Personne morale,REEL,C,CIME,CRIL2,Bon,18.33375201445643,0.0,18.3202750771761,0.0,0.0,0.0,90447042.0,0.9866134591370447,-0.08405417724151129,1,0,0,0,1,1,1
639,Personne morale,REEL,C,CIME,CRIL2,Bon,18.334689112300225,0.0,0.0,18.52490231726152,0.0,1.2095074322589412,0.0,0.0,0.0,0,1,0,0,0,1,0
640,Personne morale,REEL,C,CIME,CRICEXT,Bon,18.3889733454301,0.0,0.0,20.465052516079794,0.0,7.973146192950524,0.0,0.0,0.0,0,1,0,0,0,1,0
641,Personne morale,REEL,C,CIME,CRIC2,Bon,18.392853317714,0.0,0.0,18.42718391243976,0.0,1.034926681202862,0.0,0.0,0.0,0,1,0,0,1,1,1
642,Personne morale,REEL,C,CIME,CRIC1,Bon,18.416775689141136,0.0,0.0,18.478370616543092,0.0,1.0635314399754179,0.0,0.0,0.0,0,1,0,0,0,1,0
643,Personne morale,REEL,C,CIME,CRIL1,Bon,18.420680753952364,0.0,0.0,20.219595984471013,0.0,6.043088539569115,0.0,0.0,0.0,0,1,0,1,0,1,0
644,Personne physique,REEL,C,CIME,CRIS,Bon,18.454044637449122,0.0,18.447034424984867,0.0,0.0,0.0,102670400.0,0.9930142920865251,-0.4417228731126432,1,0,0,1,1,1,1
645,Personne morale,REEL,C,CIME,CRILEXT,Bon,18.480022868426428,0.0,0.0,19.0128868454092,0.0,1.7038049765090924,0.0,0.0,0.0,0,1,0,0,1,1,1
646,Personne morale,REEL,C,CIME,CRIC2,Bon,18.485042899538445,0.0,18.24640291347692,0.0,0.0,0.0,84006346.0,0.7876984043636095,-0.034024313150306504,1,0,0,0,1,1,1
647,Personne morale,REEL,C,CIME,CRIL1,Bon,18.495324296228873,0.0,0.0,20.73467811348751,0.0,9.387263430280617,0.0,0.0,0.0,0,1,0,0,1,1,1
648,Personne morale,REEL,C,CIME,CRIL1,Bon,18.50593900847127,0.0,0.0,18.818988559641532,0.0,1.367589285815952,0.0,0.0,0.0,0,1,0,0,1,1,1
649,Personne morale,REEL,C,CIME,CRIO,Bon,18.540390819452,0.0,0.0,19.285224246847303,0.0,2.1060905798939773,0.0,0.0,0.0,0,1,0,0,0,1,0
650,Personne morale,REEL,C,CIME,CRICEXT,Bon,18.5558224468311,0.0,18.61118126993497,0.0,0.0,0.0,120985500.0,1.0569197851473582,114469897.0,1,0,0,0,1,1,1
651,Personne morale,REEL,C,CIME,CRIC1,Bon,18.621111894362254,0.0,0.0,18.46387969686741,0.0,0.8545056135318054,0.0,0.0,0.0,0,1,0,0,0,1,0
652,Personne morale,REEL,C,CIME,CRIC1,Bon,18.621398015602555,0.0,0.0,18.48869096613092,0.0,0.8757215894585129,0.0,0.0,0.0,0,1,0,0,0,1,0
653,Personne morale,REEL,C,CIME,CRIL2,Bon,18.63446688292248,0.0,0.0,18.704002714961412,0.0,1.072010464762369,0.0,0.0,0.0,0,1,0,0,0,1,0
654,Personne morale,REEL,C,CIME,CRIC1,Bon,18.63486684886047,0.0,0.0,18.50048668821504,0.0,0.8742576349987039,0.0,0.0,0.0,0,1,0,0,0,1,0
655,Personne morale,REEL,C,CIME,CRIC1,Bon,18.65060963072249,0.0,0.0,21.96868357171173,0.0,27.607126356060387,0.0,0.0,0.0,0,1,0,1,0,1,0
656,Personne morale,REEL,C,CIME,CRIC1,Bon,18.70868433970999,0.0,0.0,20.269797227668324,0.0,4.76412022054008,0.0,0.0,0.0,0,1,0,1,0,1,0
657,Personne morale,REEL,C,CIME,CRIL1,Bon,18.718527441126426,0.0,0.0,18.703890643630324,0.0,0.9854697922859028,0.0,0.0,0.0,0,1,0,0,1,1,1
658,Personne morale,REEL,C,CIME,CRIL1,Bon,18.734965805501787,0.0,0.0,20.86226819960958,0.0,8.392197400150463,0.0,0.0,0.0,0,1,0,0,0,1,0
659,Personne morale,REEL,C,CIME,CRIL2,Bon,18.737735679029896,0.0,0.0,18.65221271786695,0.0,0.9180320564454459,0.0,0.0,0.0,0,1,0,0,0,1,0
660,Personne morale,REEL,C,CIME,CRIO,Bon,18.73987820570742,0.0,0.0,18.647351331953512,0.0,0.9116247045897874,0.0,0.0,0.0,0,1,0,0,0,1,0
661,Personne morale,REEL,C,CIME,CRILEXT,Bon,18.741023605902697,0.0,0.0,20.274184897688457,0.0,4.632799320319401,0.0,0.0,0.0,0,1,0,0,1,1,1
662,Personne morale,REEL,C,CIME,CRIC1,Bon,18.741222511785992,0.0,0.0,18.455390741414337,0.0,0.7513890039514134,0.0,0.0,0.0,0,1,0,0,1,1,1
663,Personne morale,REEL,C,CIME,CRIL2,Bon,18.770339871505556,0.0,0.0,19.479621109153797,0.0,2.0325298205306725,0.0,0.0,0.0,0,1,0,0,0,1,0
664,Personne physique,REEL,C,CIME,CRIL1,Pas bon,18.802010804168734,0.0,0.0,18.830320519331874,0.0,1.0287142366578121,0.0,0.0,0.0,0,1,1,1,0,1,0
665,Personne physique,REEL,C,CIME,CRICEXT,Pas bon,18.810331163157027,0.0,0.0,18.88138767374388,0.0,1.0736418895147744,0.0,0.0,0.0,0,1,1,2,0,1,0
666,Personne morale,REEL,C,CIME,CRIC1,Bon,18.827122448368414,0.0,0.0,19.29406397899061,0.0,1.5951081290499887,0.0,0.0,0.0,0,1,0,0,0,1,0
667,Personne morale,REEL,C,CIME,CRIO,Bon,18.835402879928445,0.0,0.0,19.32043230262659,0.0,1.6242227905530382,0.0,0.0,0.0,0,1,0,0,0,1,0
668,Personne morale,REEL,C,CIME,CRILEXT,Bon,18.84004698208002,0.0,18.404259784965177,0.0,0.0,0.0,98371312.0,0.6467553361205836,0.11618515972762744,1,0,0,0,1,1,1
669,Personne morale,REEL,C,CIME,CRIN,Bon,18.859368071709117,0.0,0.0,19.040170237887917,0.0,1.1981781092404449,0.0,0.0,0.0,0,1,0,0,0,1,0
670,Personne morale,REEL,C,CIME,CRIL2,Bon,18.872309083146295,0.0,0.0,18.556682530140417,0.0,0.7293317597065332,0.0,0.0,0.0,0,1,0,0,0,1,0
671,Personne morale,REEL,C,CIME,CRISO,Bon,18.882401004378885,0.0,0.0,19.058636605847894,0.0,1.1927190256045597,0.0,0.0,0.0,0,1,0,0,0,1,0
672,Personne morale,REEL,C,CIME,CRIC1,Bon,18.89453000053544,0.0,0.0,18.432511098532128,0.0,0.630010425144094,0.0,0.0,0.0,0,1,0,0,0,1,0
673,Personne physique,REEL,C,CIME,CRIL1,Pas bon,18.91955196573546,0.0,0.0,18.896914929159916,0.0,0.9776172526200871,0.0,0.0,0.0,0,1,1,1,0,1,0
674,Personne morale,REEL,C,CIME,CRIL1,Bon,18.948018404602493,0.0,0.0,18.432847695493617,0.0,0.5973985986280022,0.0,0.0,0.0,0,1,0,0,0,1,0
675,Personne morale,REEL,C,CIME,CRIL2,Bon,18.960522310016742,0.0,0.0,20.06120243894355,0.0,3.0062099333159846,0.0,0.0,0.0,0,1,0,1,0,1,0
676,Personne morale,REEL,C,CIME,CRICEXT,Bon,18.96194342495775,0.0,0.0,19.574868477002887,0.0,1.8458226315712893,0.0,0.0,0.0,0,1,0,0,1,1,1
677,Personne morale,REEL,C,CIME,CRIC1,Bon,18.974903219805864,0.0,0.0,18.677331958445034,0.0,0.7426196555023322,0.0,0.0,0.0,0,1,0,0,0,1,0
678,Personne morale,REEL,C,CIME,CRIL2,Bon,18.98339459080073,0.0,0.0,18.901802666519465,0.0,0.9216479784346401,0.0,0.0,0.0,0,1,0,0,0,1,0
679,Personne physique,REEL,C,CIME,CRIL2,Pas bon,18.993041212332773,0.0,0.0,20.45799736063531,0.0,4.3273534687027295,0.0,0.0,0.0,0,1,1,2,1,1,1
680,Personne morale,REEL,C,CIME,CRIL1,Bon,19.000453208545913,0.0,0.0,18.740201585505982,0.0,0.7708575902665369,0.0,0.0,0.0,0,1,0,0,0,1,0
681,Personne morale,REEL,C,CIME,CRIC1,Bon,19.001401565586388,0.0,18.36779274712357,0.0,0.0,0.0,94848623.0,0.530673232242634,-0.24743430053521653,1,0,0,0,1,1,1
682,Personne morale,REEL,C,CIME,CRIC1,Bon,19.022295705717664,0.0,0.0,18.991352689561456,0.0,0.9695308136154339,0.0,0.0,0.0,0,1,0,0,1,1,1
683,Personne morale,REEL,C,CIME,CRILEXT,Bon,19.028611143544264,0.0,0.0,19.826777734819416,0.0,2.2214643350598067,0.0,0.0,0.0,0,1,0,0,0,1,0
684,Personne morale,REEL,C,CIME,CRIL1,Bon,19.03491728955258,0.0,0.0,19.032627679233876,0.0,0.9977130034291287,0.0,0.0,0.0,0,1,0,0,0,1,0
685,Personne morale,REEL,C,CIME,CRIL2,Bon,19.059253104435555,0.0,0.0,18.92827570072908,0.0,0.8772375912048531,0.0,0.0,0.0,0,1,0,1,0,1,0
686,Personne morale,REEL,C,CIME,CRILEXT,Bon,19.067842937152832,0.0,0.0,18.465259002870024,0.0,0.5473953682102302,0.0,0.0,0.0,0,1,0,0,0,1,0
687,Personne morale,REEL,C,CIME,CRIL2,Bon,19.104547605251238,0.0,0.0,19.543295179251803,0.0,1.550763779832184,0.0,0.0,0.0,0,1,0,0,1,1,1
688,Personne morale,REEL,C,CIME,CRISO,Bon,19.12220523664176,0.0,0.0,19.136979042292733,0.0,1.0148834727851945,0.0,0.0,0.0,0,1,0,0,0,1,0
689,Personne morale,REEL,C,CIME,CRINO,Bon,19.122477295622826,0.0,0.0,19.39930498020048,0.0,1.3189390729512658,0.0,0.0,0.0,0,1,0,0,0,1,0
690,Personne morale,REEL,C,CIME,CRIL2,Bon,19.14198393747965,0.0,0.0,20.975802426084392,0.0,6.25773618443423,0.0,0.0,0.0,0,1,0,0,0,1,0
691,Personne morale,REEL,C,CIME,CRIC2,Bon,19.14721436770906,0.0,0.0,18.54021615441387,0.0,0.5449843380969984,0.0,0.0,0.0,0,1,0,0,1,1,1
692,Personne physique,REEL,C,CIME,CRIL1,Bon,19.15217139242155,0.0,0.0,19.338633989085185,0.0,1.2049795461754245,0.0,0.0,0.0,0,1,0,1,0,1,0
693,Personne morale,REEL,C,CIME,CRIL2,Bon,19.15804644510174,0.0,0.0,19.247046772674903,0.0,1.0930810096065509,0.0,0.0,0.0,0,1,0,0,0,1,0
694,Personne morale,REEL,C,CIME,CRIC1,Bon,19.16807930619244,0.0,0.0,19.469405497059245,0.0,1.3516501608408769,0.0,0.0,0.0,0,1,0,0,0,1,0
695,Personne morale,REEL,C,CIME,CRILEXT,Bon,19.175856609582212,0.0,0.0,20.48719609498475,0.0,3.711141399430343,0.0,0.0,0.0,0,1,0,0,1,1,1
696,Personne morale,REEL,C,CIME,CRIL1,Bon,19.196952874117173,0.0,0.0,18.707871788369612,0.0,0.6131895994394215,0.0,0.0,0.0,0,1,0,0,1,1,1
697,Personne morale,REEL,C,CIME,CRIL2,Bon,19.201791502181614,0.0,0.0,19.272814454175432,0.0,1.0736058624018252,0.0,0.0,0.0,0,1,0,0,0,1,0
698,Personne morale,REEL,C,CIME,CRILEXT,Bon,19.20480537248457,0.0,19.347828492545506,0.0,0.0,0.0,252729041.0,1.1537564717124915,0.01769577027038322,1,0,0,0,2,1,1
699,Personne morale,REEL,C,CIME,CRIL2,Bon,19.207791470739778,0.0,0.0,18.85700947255927,0.0,0.7041372357728314,0.0,0.0,0.0,0,1,0,0,0,1,0
700,Personne morale,REEL,C,CIME,CRIL2,Bon,19.211274280158413,0.0,0.0,19.085004615329424,0.0,0.8813771337830151,0.0,0.0,0.0,0,1,0,0,0,1,0
701,Personne morale,REEL,C,CIME,CRIE,Bon,19.21314847474778,0.0,19.619456763352385,0.0,0.0,0.0,331605564.0,1.5012652995823108,0.03852899618206546,1,0,0,0,1,1,1
702,Personne morale,REEL,C,CIME,CRIC2,Bon,19.215036700614313,0.0,0.0,18.530247818621834,0.0,0.5041966588156288,0.0,0.0,0.0,0,1,0,0,0,1,0
703,Personne morale,REEL,C,CIME,CRIC2,Bon,19.215353661295367,0.0,0.0,18.646084203748686,0.0,0.5659387254686836,0.0,0.0,0.0,0,1,0,0,0,1,0
704,Personne morale,REEL,C,CIME,CRIL2,Bon,19.270895252497358,0.0,0.0,18.835556294625984,0.0,0.6470453045297402,0.0,0.0,0.0,0,1,0,0,0,1,0
705,Personne morale,REEL,C,CIME,CRIL1,Bon,19.272370151650215,0.0,0.0,19.745462361648805,0.0,1.6049493642653552,0.0,0.0,0.0,0,1,0,0,0,1,0
706,Personne morale,REEL,C,CIME,CRIC2,Bon,19.30076946356755,0.0,0.0,18.503174156962167,0.0,0.45041075853742124,0.0,0.0,0.0,0,1,0,0,0,1,0
707,Personne morale,REEL,C,CIME,CRIL2,Bon,19.315643188342474,0.0,0.0,19.00629677695891,0.0,0.7339264814097727,0.0,0.0,0.0,0,1,0,0,1,1,1
708,Personne morale,REEL,C,CIME,CRIL2,Bon,19.32285706654011,0.0,0.0,19.389737800771663,0.0,1.0691679513755392,0.0,0.0,0.0,0,1,0,0,0,1,0
709,Personne morale,REEL,C,CIME,CRIL2,Bon,19.335391412183167,0.0,0.0,19.62729871872823,0.0,1.338978893300405,0.0,0.0,0.0,0,1,0,0,0,1,0
710,Personne morale,REEL,C,CIME,CRIC1,Bon,19.35473539892585,0.0,0.0,18.480695758819763,0.0,0.41726254560955633,0.0,0.0,0.0,0,1,0,0,1,1,1
711,Personne morale,REEL,C,CIME,CRIL1,Bon,19.38078507933891,0.0,0.0,20.000087295506674,0.0,1.857631360537827,0.0,0.0,0.0,0,1,0,0,0,1,0
712,Personne morale,REEL,C,CIME,CRILEXT,Bon,19.39301527248925,0.0,0.0,19.37720288190375,0.0,0.9843119651439919,0.0,0.0,0.0,0,1,0,0,1,1,1
713,Personne morale,REEL,C,CIME,CRIC1,Bon,19.39908457425298,0.0,0.0,18.545258262520704,0.0,0.4257826302528197,0.0,0.0,0.0,0,1,0,0,1,1,1
714,Personne morale,REEL,C,CIME,CRIL2,Bon,19.404455264153377,0.0,0.0,19.114998429204334,0.0,0.7486701048578479,0.0,0.0,0.0,0,1,0,0,1,1,1
715,Personne morale,REEL,C,CIME,CRIL2,Bon,19.4125645075903,0.0,0.0,19.002728282641076,0.0,0.6637589446817462,0.0,0.0,0.0,0,1,0,0,0,1,0
716,Personne morale,REEL,C,CIME,CRIL1,Bon,19.413932520666354,0.0,0.0,22.425607165250657,0.0,20.32140256917999,0.0,0.0,0.0,0,1,0,0,0,1,0
717,Personne morale,REEL,C,CIME,CRIL1,Bon,19.434628452474993,0.0,0.0,19.064398161092882,0.0,0.6905752751606773,0.0,0.0,0.0,0,1,0,0,1,1,1
718,Personne morale,REEL,C,CIME,CRIS,Bon,19.443087346931577,0.0,19.847066938689906,0.0,0.0,0.0,416362543.0,1.497773376127844,-0.16855709024553853,1,0,0,0,1,1,1
719,Personne morale,REEL,C,CIME,CRIL2,Bon,19.44944940648725,0.0,0.0,19.471955276695365,0.0,1.022761034392497,0.0,0.0,0.0,0,1,0,0,1,1,1
720,Personne morale,REEL,C,CIME,CRIL2,Bon,19.454894682991753,0.0,0.0,19.712828631898642,0.0,1.29425332539873,0.0,0.0,0.0,0,1,0,0,1,1,1
721,Personne morale,REEL,C,CIME,CRILEXT,Bon,19.45810190182646,0.0,0.0,19.330900464473956,0.0,0.8805562742617836,0.0,0.0,0.0,0,1,0,0,0,1,0
722,Personne morale,REEL,C,CIME,CRIC2,Bon,19.475263256303947,0.0,18.422625222228543,0.0,0.0,0.0,100194636.0,0.3490158144988785,-0.13735504016873124,1,0,0,0,1,1,1
723,Personne morale,REEL,C,CIME,CRIL2,Bon,19.476955150139077,0.0,0.0,18.612138859983105,0.0,0.4211289075704273,0.0,0.0,0.0,0,1,0,0,0,1,0
724,Personne morale,REEL,C,CIME,CRIL2,Bon,19.47890407974082,0.0,0.0,20.10973107950088,0.0,1.8791640015449835,0.0,0.0,0.0,0,1,0,0,1,1,1
725,Personne morale,REEL,C,CIME,CRIEN,Bon,19.51439720760335,0.0,0.0,18.95806261437081,0.0,0.5733066159158736,0.0,0.0,0.0,0,1,0,0,0,1,0
726,Personne morale,REEL,C,CIME,CRIEN,Bon,19.521258147184124,0.0,0.0,19.000109736158844,0.0,0.5938381825824118,0.0,0.0,0.0,0,1,0,0,0,1,0
727,Personne physique,REEL,C,CIME,CRIL1,Pas bon,19.525757767784004,0.0,0.0,20.228056043945475,0.0,2.018386186472738,0.0,0.0,0.0,0,1,1,1,1,1,1
728,Personne morale,REEL,C,CIME,CRIL2,Bon,19.558974415290283,0.0,19.556743750769208,0.0,0.0,0.0,311448249.0,0.9977718183584908,0.033108470180301004,1,0,0,0,2,1,1
729,Personne morale,REEL,C,CIME,CRICEXT,Bon,19.56235716447117,0.0,0.0,18.495306968932745,0.0,0.3440218160673034,0.0,0.0,0.0,0,1,0,0,0,1,0
730,Personne morale,REEL,C,CIME,CRIL2,Bon,19.581697725640264,0.0,0.0,19.569452259196144,0.0,0.9878292010454547,0.0,0.0,0.0,0,1,0,0,1,1,1
731,Personne morale,REEL,C,CIME,CRIC2,Bon,19.589768364719493,0.0,0.0,18.977350138387518,0.0,0.5420385080177119,0.0,0.0,0.0,0,1,0,0,1,1,1
732,Personne morale,REEL,C,CIME,CRIL2,Bon,19.593047249114804,0.0,0.0,19.863661258942795,0.0,1.3107690256681166,0.0,0.0,0.0,0,1,0,0,0,1,0
733,Personne morale,REEL,C,CIME,CRIL2,Bon,19.594535508362515,0.0,0.0,18.948028248658424,0.0,0.5238723319801136,0.0,0.0,0.0,0,1,0,0,0,1,0
734,Personne morale,REEL,C,CIME,CRIO,Bon,19.599335743370936,0.0,0.0,19.698418283890245,0.0,1.1041574304487463,0.0,0.0,0.0,0,1,0,0,0,1,0
735,Personne morale,REEL,C,CIME,CRIC1,Bon,19.60475031958197,0.0,0.0,19.716625195014064,0.0,1.118372912901793,0.0,0.0,0.0,0,1,0,0,0,1,0
736,Personne morale,REEL,C,CIME,CRIC1,Bon,19.616218062397902,0.0,0.0,19.361580166846796,0.0,0.7751971464566156,0.0,0.0,0.0,0,1,0,0,0,1,0
737,Personne morale,REEL,C,CIME,CRILEXT,Bon,19.617555072607658,0.0,0.0,19.227805359157376,0.0,0.6772263509142018,0.0,0.0,0.0,0,1,0,0,0,1,0
738,Personne morale,REEL,C,CIME,CRIL1,Bon,19.62089726326479,0.0,0.0,19.707246381615654,0.0,1.090186863104439,0.0,0.0,0.0,0,1,0,0,0,1,0
739,Personne morale,REEL,C,CIME,CRILEXT,Bon,19.624674739053777,0.0,18.413560686394433,0.0,0.0,0.0,99290522.0,0.2978652539374038,333340396.0,1,0,0,0,1,1,1
740,Personne morale,REEL,C,CIME,CRIL2,Bon,19.646715227875656,0.0,0.0,18.698521837421843,0.0,0.387440342055112,0.0,0.0,0.0,0,1,0,0,0,1,0
741,Personne morale,REEL,C,CIME,CRIL2,Bon,19.656129741247923,0.0,0.0,18.501041591783185,0.0,0.31502976306714614,0.0,0.0,0.0,0,1,0,0,0,1,0
742,Personne morale,REEL,C,CIME,CRICEXT,Bon,19.660351357516983,0.0,19.310377424045875,0.0,0.0,0.0,243439113.0,0.704706455835775,345447541.0,1,0,0,0,1,1,1
743,Personne morale,REEL,C,CIME,CRIL2,Bon,19.667888344210752,0.0,0.0,19.098920970925363,0.0,0.5661097141210404,0.0,0.0,0.0,0,1,0,0,0,1,0
744,Personne morale,REEL,C,CIME,CRIL2,Bon,19.67563092161805,0.0,0.0,20.201596746383395,0.0,1.6920923212474186,0.0,0.0,0.0,0,1,0,0,0,1,0
745,Personne morale,RSI,C,CDI,CRIC2,Bon,19.682374236345797,0.0,18.45136288588534,0.0,0.0,0.0,103115768.0,0.2919971140484858,353139681.0,1,0,0,1,1,1,1
746,Personne morale,REEL,C,CIME,CRIC1,Bon,19.68770719221868,0.0,0.0,19.945549668879366,0.0,1.2941349432924008,0.0,0.0,0.0,0,1,0,0,0,1,0
747,Personne morale,REEL,C,CIME,CRILEXT,Bon,19.695944019859503,0.0,19.695944019859503,0.0,0.0,0.0,357964371.0,0.9999999972064259,0.26328408192494135,1,0,0,0,2,1,1
748,Personne morale,REEL,C,CIME,CRIL2,Bon,19.71358235033302,0.0,0.0,18.856347729038582,0.0,0.4243339025047761,0.0,0.0,0.0,0,1,0,0,1,1,1
749,Personne morale,REEL,C,CIME,CRIL2,Bon,19.720109632892548,0.0,0.0,20.525118560649055,0.0,2.2367164648639766,0.0,0.0,0.0,0,1,0,0,1,1,1
750,Personne morale,REEL,C,CIME,CRILEXT,Bon,19.73237930125571,0.0,0.0,18.42626513219058,0.0,0.2708705685527173,0.0,0.0,0.0,0,1,0,0,1,1,1
751,Personne morale,REEL,C,CIME,CRIC1,Bon,19.74406560569129,0.0,0.0,18.596796534751064,0.0,0.31750266108150754,0.0,0.0,0.0,0,1,0,0,0,1,0
752,Personne morale,REEL,C,CIME,CRILEXT,Bon,19.759299236220137,0.0,19.411709039460213,0.0,0.0,0.0,269400327.0,0.7063882944983555,0.4993367356271781,1,0,0,0,1,1,1
753,Personne morale,REEL,C,CIME,CRIL2,Bon,19.767571721035665,0.0,19.92563948112296,0.0,0.0,0.0,450396777.0,1.1712455531195085,0.4740516553029537,1,0,0,0,2,1,1
754,Personne morale,REEL,C,CIME,CRIC1,Bon,19.76814961880654,0.0,0.0,19.12359732315665,0.0,0.5248974857993761,0.0,0.0,0.0,0,1,0,0,1,1,1
755,Personne morale,REEL,C,CIME,CRIL2,Bon,19.77264534707416,0.0,0.0,19.09664831140463,0.0,0.5086490238945719,0.0,0.0,0.0,0,1,0,0,1,1,1
756,Personne morale,REEL,C,CIME,CRIL2,Bon,19.781082726925934,0.0,0.0,18.939990368589445,0.0,0.43123919574911107,0.0,0.0,0.0,0,1,0,0,0,1,0
757,Personne morale,REEL,C,CIME,CRIL1,Bon,19.832427689786254,0.0,0.0,19.393351813043346,0.0,0.6446318627706131,0.0,0.0,0.0,0,1,0,0,0,1,0
758,Personne morale,REEL,C,CIME,CRIC2,Bon,19.86090181410273,0.0,0.0,19.14763530042026,0.0,0.49004085268989966,0.0,0.0,0.0,0,1,0,0,0,1,0
759,Personne morale,REEL,C,CIME,CRIL1,Bon,19.864621201364674,0.0,0.0,18.96337063073008,0.0,0.4060615310933805,0.0,0.0,0.0,0,1,0,0,1,1,1
760,Personne morale,REEL,C,CIME,CRIL2,Bon,19.86924543314745,0.0,0.0,20.06558412743581,0.0,1.2169390034838172,0.0,0.0,0.0,0,1,0,0,0,1,0
761,Personne morale,REEL,C,CIME,CRIC1,Bon,19.877677122470192,0.0,0.0,19.996494730996627,0.0,1.1261644944239655,0.0,0.0,0.0,0,1,0,0,0,1,0
762,Personne morale,REEL,C,CIME,CRIL2,Bon,19.877793960435483,0.0,0.0,20.046349268488402,0.0,1.1835936849678146,0.0,0.0,0.0,0,1,0,0,0,1,0
763,Personne morale,REEL,C,CIME,CRILEXT,Bon,19.894544213584076,0.0,0.0,20.053918050663913,0.0,1.1727762897146619,0.0,0.0,0.0,0,1,0,0,0,1,0
764,Personne morale,REEL,C,CIME,CRIL2,Bon,19.902362522802747,0.0,0.0,19.172090077896492,0.0,0.4817777120515414,0.0,0.0,0.0,0,1,0,0,1,1,1
765,Personne morale,REEL,C,CIME,CRIL1,Bon,19.9033168049495,0.0,0.0,18.620512408435538,0.0,0.2772586636569486,0.0,0.0,0.0,0,1,0,0,0,1,0
766,Personne morale,REEL,C,CIME,CRIL2,Bon,19.918418447272046,0.0,0.0,19.318645610220837,0.0,0.5489363176884947,0.0,0.0,0.0,0,1,0,0,0,1,0
767,Personne morale,REEL,C,CIME,CRIL2,Bon,19.92073112539793,0.0,18.099097133618006,0.0,0.0,0.0,72500000.0,0.1617612161384047,0.5394492637586598,1,0,0,0,1,1,1
768,Personne morale,REEL,C,CIME,CRIC2,Bon,19.937708545514162,0.0,0.0,19.51629986756793,0.0,0.6561219018638742,0.0,0.0,0.0,0,1,0,0,1,1,1
769,Personne morale,REEL,C,CIME,CRIC1,Bon,19.96470819468585,0.0,0.0,19.182366372764662,0.0,0.45733375992237596,0.0,0.0,0.0,0,1,0,0,0,1,0
770,Personne morale,REEL,C,CIME,CRIL2,Bon,19.981678933005487,0.0,0.0,19.503403157914306,0.0,0.6198512317795886,0.0,0.0,0.0,0,1,0,0,1,1,1
771,Personne morale,REEL,C,CIME,CRIL2,Bon,19.98632089699983,0.0,20.02986654260846,0.0,0.0,0.0,499873958.0,1.0445076683227068,0.41145358475871663,1,0,0,0,1,1,1
772,Personne morale,REEL,C,CIME,CRIL1,Bon,19.990469565412507,0.0,0.0,18.47525780786237,0.0,0.21976164165203751,0.0,0.0,0.0,0,1,0,0,1,1,1
773,Personne morale,REEL,C,CIME,CRIC1,Bon,20.006057408343548,0.0,0.0,18.510941789212477,0.0,0.22422267675180219,0.0,0.0,0.0,0,1,0,0,0,1,0
774,Personne morale,REEL,C,CIME,CRIL2,Bon,20.010913720517173,0.0,19.979750325667045,0.0,0.0,0.0,475439560.0,0.9693171766620436,1.7441648184638878,1,0,0,0,1,1,1
775,Personne morale,REEL,C,CIME,CRIL1,Bon,20.013923725560332,0.0,0.0,20.586562826913624,0.0,1.7729398486528032,0.0,0.0,0.0,0,1,0,0,1,1,1
776,Personne morale,REEL,C,CIME,CRIL1,Bon,20.030270476861155,0.0,0.0,19.490965609686814,0.0,0.583153478641031,0.0,0.0,0.0,0,1,0,1,0,1,0
777,Personne morale,REEL,C,CIME,CRIL1,Bon,20.03505519958219,0.0,0.0,18.881791681410007,0.0,0.3156051018832654,0.0,0.0,0.0,0,1,0,0,0,1,0
778,Personne morale,REEL,C,CIME,CRIL2,Bon,20.040066830801667,0.0,0.0,19.224450303752928,0.0,0.442366510370554,0.0,0.0,0.0,0,1,0,0,0,1,0
779,Personne morale,REEL,C,CIME,CRIC1,Bon,20.04235270430429,0.0,0.0,18.536714045271612,0.0,0.22187554377531632,0.0,0.0,0.0,0,1,0,0,0,1,0
780,Personne morale,REEL,C,CIME,CRIL1,Bon,20.053132156641777,0.0,0.0,19.187736928658925,0.0,0.42088517219788235,0.0,0.0,0.0,0,1,0,0,0,1,0
781,Personne morale,REEL,C,CIME,CRIL2,Bon,20.054869854577742,0.0,0.0,19.497881363510544,0.0,0.5729318558987215,0.0,0.0,0.0,0,1,0,0,0,1,0
782,Personne morale,REEL,C,CIME,CRIL2,Bon,20.076260232331183,0.0,0.0,19.20527547669356,0.0,0.4185391855089553,0.0,0.0,0.0,0,1,0,0,1,1,1
783,Personne morale,REEL,C,CIME,CRIL2,Bon,20.10211352164442,0.0,0.0,20.413788054327675,0.0,1.365710124816044,0.0,0.0,0.0,0,1,0,0,1,1,1
784,Personne morale,REEL,C,CIME,CRIL2,Bon,20.113757872861846,0.0,0.0,18.507325028571834,0.0,0.20060191573799588,0.0,0.0,0.0,0,1,0,0,0,1,0
785,Personne morale,REEL,C,CIME,CRIL2,Bon,20.135749701447914,0.0,0.0,19.807569895649266,0.0,0.7202335041017293,0.0,0.0,0.0,0,1,0,0,0,1,0
786,Personne morale,REEL,C,CIME,CRIC2,Bon,20.186275592050208,0.0,0.0,19.892839275104883,0.0,0.745696707885511,0.0,0.0,0.0,0,1,0,0,0,1,0
787,Personne morale,REEL,C,CIME,CRIN,Bon,20.19661453343459,0.0,0.0,18.508197726435327,0.0,0.18481188368980733,0.0,0.0,0.0,0,1,0,0,0,1,0
788,Personne morale,REEL,C,CIME,CRIS,Bon,20.204635715496256,0.0,20.070671188044866,0.0,0.0,0.0,520693006.0,0.8746210874124433,1.8328239051250101,1,0,0,0,1,1,1
789,Personne morale,REEL,C,CIME,CRIC2,Bon,20.20775257836787,0.0,0.0,19.811962649070857,0.0,0.6731480881034503,0.0,0.0,0.0,0,1,0,0,0,1,0
790,Personne morale,REEL,C,CIME,CRIL2,Bon,20.21388152232852,0.0,0.0,20.032187017851346,0.0,0.8338560391317185,0.0,0.0,0.0,0,1,0,0,0,1,0
791,Personne morale,REEL,C,CIME,CRIL2,Bon,20.21788796552779,0.0,0.0,18.681610888253253,0.0,0.21518071156668278,0.0,0.0,0.0,0,1,0,0,1,1,1
792,Personne morale,REEL,C,CIME,CRIL2,Bon,20.220491879674327,0.0,0.0,19.156904679149385,0.0,0.34521522864705373,0.0,0.0,0.0,0,1,0,0,0,1,0
793,Personne morale,REEL,C,CIME,CRIL2,Bon,20.223958767523463,0.0,0.0,19.154849025609536,0.0,0.34331401784501947,0.0,0.0,0.0,0,1,0,0,1,1,1
794,Personne morale,REEL,C,CIME,CRICEXT,Bon,20.226939975040512,0.0,0.0,19.997627249299736,0.0,0.795079851044093,0.0,0.0,0.0,0,1,0,0,0,1,0
795,Personne morale,REEL,C,CIME,CRIL2,Bon,20.227520762918065,0.0,0.0,18.793803752772174,0.0,0.23842105802938474,0.0,0.0,0.0,0,1,0,0,0,1,0
796,Personne morale,REEL,C,CIME,CRIL2,Bon,20.232786571712943,0.0,0.0,19.823464234085396,0.0,0.6641001317234564,0.0,0.0,0.0,0,1,0,0,1,1,1
797,Personne morale,REEL,C,CIME,CRIC2,Bon,20.236980467823447,0.0,0.0,20.220618015286394,0.0,0.9837706836205862,0.0,0.0,0.0,0,1,0,0,0,1,0
798,Personne morale,REEL,C,CIME,CRIC2,Bon,20.241008235117206,0.0,0.0,20.053418531763583,0.0,0.8289547532038932,0.0,0.0,0.0,0,1,0,0,0,1,0
799,Personne morale,REEL,C,CIME,CRIL1,Bon,20.251776491771142,0.0,0.0,19.993454674089563,0.0,0.7723466357013993,0.0,0.0,0.0,0,1,0,0,0,1,0
800,Personne morale,REEL,C,CIME,CRIC1,Bon,20.256858074017178,0.0,0.0,19.111286989068304,0.0,0.31804223518892333,0.0,0.0,0.0,0,1,0,0,0,1,0
801,Personne morale,REEL,C,CIME,CRIL1,Bon,20.25719715323784,0.0,0.0,18.687311356140587,0.0,0.20806894148377736,0.0,0.0,0.0,0,1,0,0,1,1,1
802,Personne morale,REEL,C,CIME,CRIL1,Bon,20.260007043667954,0.0,0.0,19.050311723294275,0.0,0.29828814631849326,0.0,0.0,0.0,0,1,0,0,1,1,1
803,Personne morale,REEL,C,CIME,CRIL2,Bon,20.260787849290022,0.0,0.0,18.731718381886736,0.0,0.21673725300201033,0.0,0.0,0.0,0,1,0,0,0,1,0
804,Personne morale,REEL,C,CIME,CRIL2,Bon,20.269521622481523,0.0,0.0,19.954314008769547,0.0,0.7296373742448387,0.0,0.0,0.0,0,1,0,0,0,1,0
805,Personne morale,REEL,C,CIME,CRILEXT,Bon,20.27106652755296,0.0,0.0,19.773047559955298,0.0,0.6077334059786437,0.0,0.0,0.0,0,1,0,0,0,1,0
806,Personne morale,REEL,C,CIME,CRIL1,Bon,20.275891376170836,0.0,0.0,19.299577947394067,0.0,0.3766972619113664,0.0,0.0,0.0,0,1,0,0,0,1,0
807,Personne morale,REEL,C,CIME,CRICEXT,Bon,20.289357094390898,0.0,20.595189201759407,0.0,0.0,0.0,879785953.0,1.3577543289199414,647971384.0,1,0,0,0,1,1,1
808,Personne morale,REEL,C,CIME,CRISO,Bon,20.303495418558178,0.0,21.5483087864149,0.0,0.0,0.0,2281978772.0,3.472286697030245,0.041524460384861,1,0,0,0,1,1,1
809,Personne morale,REEL,C,CIME,CRILEXT,Bon,20.30887285975285,0.0,20.30887285975285,0.0,0.0,0.0,660741243.0,0.9999999984865482,0.27468242585873226,1,0,0,0,1,1,1
810,Personne morale,REEL,C,CIME,CRIL1,Bon,20.310302013618095,0.0,0.0,19.813214067209866,0.0,0.6082994821926321,0.0,0.0,0.0,0,1,0,0,0,1,0
811,Personne morale,REEL,C,CIME,CRIL1,Bon,20.331928784694423,0.0,0.0,19.468284771291355,0.0,0.42162287867903897,0.0,0.0,0.0,0,1,0,0,0,1,0
812,Personne morale,REEL,C,CIME,CRIC2,Bon,20.362862937092675,0.0,0.0,19.978819195664116,0.0,0.6811016327355776,0.0,0.0,0.0,0,1,0,0,1,1,1
813,Personne morale,REEL,C,CIME,CRIL2,Bon,20.363136395954683,0.0,0.0,20.02208648670533,0.0,0.7110234192421263,0.0,0.0,0.0,0,1,0,0,0,1,0
814,Personne morale,REEL,C,CIME,CRILEXT,Bon,20.36805108355324,0.0,0.0,19.87393720259956,0.0,0.6101112976512264,0.0,0.0,0.0,0,1,0,0,0,1,0
815,Personne morale,REEL,C,CIME,CRIC1,Bon,20.379385590653122,0.0,20.646705362172863,0.0,0.0,0.0,926296894.0,1.306458146239545,1.1637258366014747,1,0,0,0,2,1,1
816,Personne morale,REEL,C,CIME,CRIL2,Bon,20.38479071829542,0.0,0.0,20.956991328715354,0.0,1.7721626016532057,0.0,0.0,0.0,0,1,0,0,0,1,0
817,Personne morale,REEL,C,CIME,CRIL1,Bon,20.389920087367077,0.0,0.0,19.445388622823454,0.0,0.3888617223354579,0.0,0.0,0.0,0,1,0,0,0,1,0
818,Personne morale,REEL,C,CIME,CRIL2,Bon,20.39458397778139,0.0,0.0,19.712113235261988,0.0,0.5053668158987059,0.0,0.0,0.0,0,1,0,0,0,1,0
819,Personne morale,REEL,C,CIME,CRIL2,Bon,20.42450865458126,0.0,0.0,20.32840383173789,0.0,0.9083687919301102,0.0,0.0,0.0,0,1,0,0,0,1,0
820,Personne morale,REEL,C,CIME,CRIL2,Bon,20.425377862332564,0.0,0.0,20.912991858737662,0.0,1.6284261489451541,0.0,0.0,0.0,0,1,0,0,0,1,0
821,Personne morale,REEL,C,CIME,CRIO,Bon,20.43717927765297,0.0,0.0,20.513606953697415,0.0,1.0794241179607618,0.0,0.0,0.0,0,1,0,0,0,1,0
822,Personne morale,REEL,C,CIME,CRIC1,Bon,20.44345144364507,0.0,0.0,18.914086800198326,0.0,0.21667328706296074,0.0,0.0,0.0,0,1,0,0,0,1,0
823,Personne morale,REEL,C,CIME,CRIL2,Bon,20.45025801049957,0.0,0.0,19.2354061714571,0.0,0.29675397707676276,0.0,0.0,0.0,0,1,0,0,0,1,0
824,Personne morale,REEL,C,CIME,CRIL1,Bon,20.450964677463492,0.0,0.0,19.45038492182695,0.0,0.36766622149212,0.0,0.0,0.0,0,1,0,1,0,1,0
825,Personne morale,REEL,C,CIME,CRIL2,Bon,20.474138609853302,0.0,0.0,18.490246330073646,0.0,0.1375328764353548,0.0,0.0,0.0,0,1,0,0,0,1,0
826,Personne morale,REEL,C,CIME,CRIC1,Bon,20.479795296357306,0.0,20.46152436680227,0.0,0.0,0.0,769709990.0,0.9818949706746017,783902568.0,1,0,0,0,1,1,1
827,Personne morale,REEL,C,CIME,CRIC1,Bon,20.486034448919426,0.0,0.0,20.05800824879637,0.0,0.6517943362154354,0.0,0.0,0.0,0,1,0,0,0,1,0
828,Personne morale,REEL,C,CIME,CRICEXT,Bon,20.488164504235304,0.0,0.0,19.90936549050699,0.0,0.5605711995035975,0.0,0.0,0.0,0,1,0,0,1,1,1
829,Personne morale,REEL,C,CIME,CRIL1,Bon,20.490034471803682,0.0,0.0,19.00846741441004,0.0,0.2272812451539377,0.0,0.0,0.0,0,1,0,0,1,1,1
830,Personne morale,REEL,C,CIME,CRIL1,Bon,20.500561485419855,0.0,0.0,20.012406007523058,0.0,0.6137574386587876,0.0,0.0,0.0,0,1,0,0,1,1,1
831,Personne morale,REEL,C,CIME,CRIL2,Bon,20.502739404237772,0.0,0.0,19.99708472890569,0.0,0.6031106032702649,0.0,0.0,0.0,0,1,0,0,0,1,0
832,Personne morale,REEL,C,CIME,CRIL2,Bon,20.5271390173155,0.0,0.0,23.1110115922971,0.0,13.248344151036449,0.0,0.0,0.0,0,1,0,0,1,1,1
833,Personne morale,REEL,C,CIME,CRIL1,Bon,20.535778233080247,0.0,0.0,18.892851891182858,0.0,0.19341321892188248,0.0,0.0,0.0,0,1,0,0,0,1,0
834,Personne morale,REEL,C,CIME,CRIC2,Bon,20.53725111400208,0.0,0.0,20.30912775459265,0.0,0.7960260552697688,0.0,0.0,0.0,0,1,0,0,0,1,0
835,Personne morale,REEL,C,CIME,CRIL2,Bon,20.55298203636114,0.0,18.858021405453666,0.0,0.0,0.0,154858352.0,0.18360645611939572,0.1481016327742913,1,0,0,0,1,1,1
836,Personne morale,REEL,C,CIME,CRIL2,Bon,20.55604516686321,0.0,18.803459866679805,0.0,0.0,0.0,146635410.0,0.17332526469356996,-0.23249953251225197,1,0,0,0,1,1,1
837,Personne morale,REEL,C,CIME,CRIC1,Bon,20.56736256739726,0.0,0.0,19.637856770856686,0.0,0.39474874720173986,0.0,0.0,0.0,0,1,0,0,0,1,0
838,Personne morale,REEL,C,CIME,CRIL2,Bon,20.581578821456457,0.0,0.0,18.507668772336086,0.0,0.12569335128674772,0.0,0.0,0.0,0,1,0,0,0,1,0
839,Personne morale,REEL,C,CSI,CRIL2,Bon,20.58705743232054,0.0,17.9539348584923,0.0,0.0,0.0,62703940.0,0.07185374180695216,-0.09309429967802225,1,0,0,0,1,1,1
840,Personne morale,REEL,C,CIME,CRILEXT,Bon,20.60669034903569,0.0,18.447420050878137,0.0,0.0,0.0,102710000.0,0.11540930357847395,0.12365426630442179,1,0,0,0,1,1,1
841,Personne morale,REEL,C,CIME,CRIC2,Bon,20.607968072194296,0.0,0.0,20.703933977881476,0.0,1.1007215338876726,0.0,0.0,0.0,0,1,0,0,0,1,0
842,Personne morale,REEL,C,CIME,CRISO,Bon,20.614553526963366,0.0,0.0,19.80283300842197,0.0,0.44409333661029865,0.0,0.0,0.0,0,1,0,0,1,1,1
843,Personne morale,REEL,C,CIME,CRIL1,Bon,20.618274084398223,0.0,0.0,18.76478643576541,0.0,0.156689732396345,0.0,0.0,0.0,0,1,0,0,0,1,0
844,Personne morale,REEL,C,CIME,CRIE,Bon,20.628106500764616,0.0,0.0,20.257185837786967,0.0,0.6900986886623218,0.0,0.0,0.0,0,1,0,0,0,1,0
845,Personne morale,REEL,C,CIME,CRIL1,Bon,20.645470743245124,0.0,0.0,19.277106653789115,0.0,0.25452299493276676,0.0,0.0,0.0,0,1,0,0,0,1,0
846,Personne morale,REEL,C,CIME,CRIL1,Bon,20.655095730110062,0.0,0.0,20.662869569617605,0.0,1.0078041331786103,0.0,0.0,0.0,0,1,0,0,0,1,0
847,Personne morale,REEL,C,CIME,CRILEXT,Bon,20.66571290658917,0.0,0.0,20.391252830563115,0.0,0.7599823440993588,0.0,0.0,0.0,0,1,0,0,0,1,0
848,Personne morale,REEL,C,CIME,CRIC2,Bon,20.677447119154216,0.0,0.0,19.85830071418768,0.0,0.440807764232289,0.0,0.0,0.0,0,1,0,0,1,1,1
849,Personne morale,REEL,C,CIME,CRIL2,Bon,20.685527623307483,0.0,0.0,19.85553641210351,0.0,0.43605311764815247,0.0,0.0,0.0,0,1,0,0,0,1,0
850,Personne morale,REEL,C,CIME,CRIL2,Bon,20.695515742067084,0.0,0.0,20.118454449782703,0.0,0.5615461631990368,0.0,0.0,0.0,0,1,0,0,0,1,0
851,Personne morale,REEL,C,CIME,CRIL2,Bon,20.706094917886293,0.0,0.0,20.032076995587904,0.0,0.5096566963726684,0.0,0.0,0.0,0,1,0,0,0,1,0
852,Personne morale,REEL,C,CIME,CRISO,Bon,20.70958526723506,0.0,0.0,20.289728381360217,0.0,0.6571408582111113,0.0,0.0,0.0,0,1,0,0,1,1,1
853,Personne morale,REEL,C,CIME,CRIL1,Bon,20.71947783150423,0.0,0.0,19.66413157736146,0.0,0.3480718841022893,0.0,0.0,0.0,0,1,0,0,0,1,0
854,Personne morale,REEL,C,CIME,CRIL2,Bon,20.735374294793107,0.0,0.0,19.565390775474402,0.0,0.31037205537831397,0.0,0.0,0.0,0,1,0,0,0,1,0
855,Personne morale,REEL,C,CIME,CRIC2,Bon,20.73624550245132,0.0,0.0,20.856570497619188,0.0,1.1278633411714245,0.0,0.0,0.0,0,1,0,0,0,1,0
856,Personne morale,REEL,C,CIME,CRIL2,Bon,20.74542924207909,0.0,0.0,18.720794773395212,0.0,0.13204209891210092,0.0,0.0,0.0,0,1,0,0,0,1,0
857,Personne morale,REEL,C,CIME,CRIL2,Bon,20.747924088946466,0.0,0.0,20.797444334470303,0.0,1.050766864349459,0.0,0.0,0.0,0,1,0,0,0,1,0
858,Personne morale,REEL,C,CIME,CRIL2,Bon,20.758138256111028,0.0,0.0,18.63229085611848,0.0,0.11933180267407782,0.0,0.0,0.0,0,1,0,0,0,1,0
859,Personne morale,REEL,C,CIME,CRICEXT,Bon,20.78900962146218,0.0,20.853108199960786,0.0,0.0,0.0,1138648875.0,1.0661974967933423,1067953055.0,1,0,0,0,1,1,1
860,Personne morale,REEL,C,CSI,CRIC1,Bon,20.802844632106098,0.0,18.257504939936226,0.0,0.0,0.0,84944183.0,0.07844639890293191,0.20645515410904797,1,0,0,0,1,1,1
861,Personne morale,REEL,C,CIME,CRIS,Bon,20.808433850234646,0.0,0.0,20.358923140788665,0.0,0.6379402124731929,0.0,0.0,0.0,0,1,0,1,0,1,0
862,Personne morale,REEL,C,CIME,CRIL1,Bon,20.810649889650485,0.0,0.0,18.681131370890654,0.0,0.11889452464059709,0.0,0.0,0.0,0,1,0,0,0,1,0
863,Personne morale,REEL,C,CIME,CRIEN,Bon,20.81932356726521,0.0,0.0,20.2791184154418,0.0,0.5826287118613178,0.0,0.0,0.0,0,1,0,0,0,1,0
864,Personne morale,REEL,C,CIME,CRIE,Bon,20.824667276394404,0.0,20.796470463992488,0.0,0.0,0.0,1075950682.0,0.9721970066391648,0.08159407120207997,1,0,0,0,1,1,1
865,Personne morale,REEL,C,CIME,CRIL1,Bon,20.82816132689654,0.0,0.0,19.832779511585777,0.0,0.369582304518019,0.0,0.0,0.0,0,1,0,0,0,1,0
866,Personne morale,REEL,C,CIME,CRIL1,Bon,20.831531099738484,0.0,19.545793768919104,0.0,0.0,0.0,308056500.0,0.2764466749160694,0.5057306648430328,1,0,0,0,1,1,1
867,Personne morale,REEL,C,CIME,CRIL1,Bon,20.833416564497814,0.0,0.0,21.30059561703523,0.0,1.5954870529527296,0.0,0.0,0.0,0,1,0,0,1,1,1
868,Personne morale,REEL,C,CIME,CRIL1,Bon,20.846951632100534,0.0,0.0,18.760024639126787,0.0,0.12406781098173457,0.0,0.0,0.0,0,1,0,0,0,1,0
869,Personne morale,REEL,C,CIME,CRILEXT,Bon,20.849665659896388,0.0,0.0,18.939501739378507,0.0,0.14805611428988785,0.0,0.0,0.0,0,1,0,0,0,1,0
870,Personne morale,REEL,C,CIME,CRILEXT,Bon,20.859537437768847,0.0,0.0,20.417779928603327,0.0,0.6429055143773361,0.0,0.0,0.0,0,1,0,0,1,1,1
871,Personne morale,REEL,C,CIME,CRIL2,Bon,20.875725426257215,0.0,0.0,18.85836846889132,0.0,0.1330065420238053,0.0,0.0,0.0,0,1,0,0,0,1,0
872,Personne physique,REEL,C,CIME,CRIC2,Bon,20.889805693570846,0.0,0.0,20.95386243398641,0.0,1.06615289015681,0.0,0.0,0.0,0,1,0,0,0,1,0
873,Personne morale,REEL,C,CIME,CRIL2,Bon,20.90125008369552,0.0,0.0,19.39086295281257,0.0,0.22082447259939117,0.0,0.0,0.0,0,1,0,0,0,1,0
874,Personne morale,REEL,C,CIME,CRIL2,Bon,20.927556500139378,0.0,0.0,21.572169134072983,0.0,1.9052488567391355,0.0,0.0,0.0,0,1,0,0,0,1,0
875,Personne morale,REEL,C,CIME,CRILEXT,Bon,20.95292848549544,0.0,0.0,21.12130532055316,0.0,1.1833824658407688,0.0,0.0,0.0,0,1,0,0,0,1,0
876,Personne morale,REEL,C,CIME,CRISO,Bon,20.953009497939178,0.0,0.0,18.930866168834775,0.0,0.13237144444894008,0.0,0.0,0.0,0,1,0,0,0,1,0
877,Personne physique,REEL,C,CIME,CRIC2,Pas bon,20.958611963480507,0.0,0.0,18.810823833826745,0.0,0.11674208998961101,0.0,0.0,0.0,0,1,1,1,0,1,0
878,Personne morale,REEL,C,CIME,CRIL2,Bon,20.970884161711137,0.0,0.0,21.285294912274207,0.0,1.3694521234894166,0.0,0.0,0.0,0,1,0,0,0,1,0
879,Personne morale,REEL,PC,CIME,CRIL2,Bon,20.996458759296214,0.0,0.0,0.0,0.0,0.0,0.0,0.0,0.0,0,0,0,0,0,1,0
880,Personne morale,REEL,C,CIME,CRILEXT,Bon,21.006879813154026,0.0,18.757152987716434,0.0,0.0,0.0,140000000.0,0.10542802012888691,0.19139102222848786,1,0,0,0,2,1,1
881,Personne morale,REEL,C,CIME,CRIL2,Bon,21.007832081744894,0.0,0.0,18.460449451160244,0.0,0.07828630150081355,0.0,0.0,0.0,0,1,0,0,0,1,0
882,Personne morale,REEL,C,DGE,DGE,Bon,21.04302167050695,0.0,20.66134457473003,0.0,0.0,0.0,939956893.0,0.6827154685987081,-0.3913883749885353,1,0,0,0,2,1,1
883,Personne morale,REEL,C,CIME,CRIL2,Bon,21.045924912468656,0.0,0.0,19.26982112015003,0.0,0.16929647745329557,0.0,0.0,0.0,0,1,0,0,0,1,0
884,Personne morale,REEL,C,CIME,CRIC2,Bon,21.074864708400355,0.0,0.0,20.038444083640115,0.0,0.3547220951139239,0.0,0.0,0.0,0,1,0,0,0,1,0
885,Personne morale,REEL,C,CIME,CRISO,Bon,21.08621365391405,0.0,0.0,21.90377603717878,0.0,2.264971968584667,0.0,0.0,0.0,0,1,0,1,0,1,0
886,Personne morale,REEL,C,CIME,CRIL2,Bon,21.091035149157083,0.0,0.0,20.345275188988037,0.0,0.47437365714297464,0.0,0.0,0.0,0,1,0,0,0,1,0
887,Personne morale,REEL,C,CIME,CRIL2,Bon,21.091684762481666,0.0,0.0,20.720288284433394,0.0,0.689770407820299,0.0,0.0,0.0,0,1,0,0,0,1,0
888,Personne morale,REEL,C,CIME,CRIC1,Bon,21.105599006145898,0.0,0.0,19.423862172867953,0.0,0.18605055577766022,0.0,0.0,0.0,0,1,0,0,0,1,0
889,Personne morale,REEL,C,CIME,CRIL2,Bon,21.105746839900497,0.0,0.0,19.541412672914078,0.0,0.20922727655119,0.0,0.0,0.0,0,1,0,0,0,1,0
890,Personne morale,REEL,C,CIME,CRIL2,Bon,21.110426168180158,0.0,0.0,19.184172243715608,0.0,0.14569295363118293,0.0,0.0,0.0,0,1,0,0,1,1,1
891,Personne morale,REEL,C,CIME,CRIL1,Bon,21.112385212486807,0.0,0.0,21.16950761886786,0.0,1.0587854038757942,0.0,0.0,0.0,0,1,0,0,0,1,0
892,Personne morale,REEL,C,CIME,CRIL2,Bon,21.14072233739845,0.0,0.0,19.378300319157212,0.0,0.17162867158109749,0.0,0.0,0.0,0,1,0,0,0,1,0
893,Personne morale,REEL,C,CIME,CRIL2,Bon,21.141676091916707,0.0,0.0,21.116148864276873,0.0,0.974795836556348,0.0,0.0,0.0,0,1,0,0,0,1,0
894,Personne morale,REEL,C,CIME,CRIL2,Bon,21.148127878303345,0.0,19.55696176643558,0.0,0.0,0.0,311516157.0,0.2036879496012361,0.5429866849181291,1,0,0,0,2,1,1
895,Personne morale,REEL,C,CIME,CRIC1,Bon,21.14930770988386,0.0,0.0,19.92471257302378,0.0,0.29387665541414576,0.0,0.0,0.0,0,1,0,0,0,1,0
896,Personne morale,REEL,C,CIME,CRIL1,Bon,21.152567157217625,0.0,21.152567157217625,0.0,0.0,0.0,1536183847.0,0.9999999993490363,0.2848349256430769,1,0,0,0,1,1,1
897,Personne morale,REEL,C,CIME,CRINO,Bon,21.160586299785326,0.0,0.0,21.01863428041729,0.0,0.867662885855054,0.0,0.0,0.0,0,1,0,0,0,1,0
898,Personne morale,REEL,C,CIME,CRIC1,Bon,21.160708933267717,0.0,0.0,19.369784735794216,0.0,0.1668059361361729,0.0,0.0,0.0,0,1,0,0,0,1,0
899,Personne morale,REEL,C,CIME,CRIL2,Bon,21.161862645559765,0.0,0.0,20.256387067436936,0.0,0.4043495389290439,0.0,0.0,0.0,0,1,0,0,0,1,0
900,Personne morale,REEL,C,CIME,CRIL1,Bon,21.161939016528436,0.0,0.0,21.64843165764975,0.0,1.626601128819,0.0,0.0,0.0,0,1,0,0,1,1,1
901,Personne morale,REEL,C,CIME,CRIC2,Bon,21.16743990292448,0.0,0.0,19.78180812930196,0.0,0.2501657011228846,0.0,0.0,0.0,0,1,0,0,1,1,1
902,Personne morale,REEL,C,CIME,CRIL2,Bon,21.212768419933198,0.0,19.80303526910104,0.0,0.0,0.0,398427165.0,0.244208440665759,0.07898053817957092,1,0,0,0,1,1,1
903,Personne morale,REEL,C,CIME,CRIL1,Bon,21.224219846463,0.0,0.0,21.004037041012992,0.0,0.8023721059549261,0.0,0.0,0.0,0,1,0,0,1,1,1
904,Personne morale,REEL,C,CSI,CRIL2,Bon,21.232925782173083,0.0,18.23860263352294,0.0,0.0,0.0,83353622.0,0.050070505308642266,-0.006529598495328214,1,0,0,0,1,1,1
905,Personne morale,REEL,C,CIME,CRIL1,Bon,21.242339430499584,0.0,0.0,18.463270784158293,0.0,0.062096313488178456,0.0,0.0,0.0,0,1,0,1,0,1,0
906,Personne morale,REEL,C,CIME,CRICEXT,Bon,21.26470889948788,0.0,19.33401850008217,0.0,0.0,0.0,249262844.0,0.14504802225632518,1.0131326620129435,1,0,0,0,1,1,1
907,Personne morale,REEL,C,CIME,CRISO,Bon,21.277195466423365,0.0,20.45115440379692,0.0,0.0,0.0,761769369.0,0.4377789992176555,0.13214999729177704,1,0,0,0,2,1,1
908,Personne morale,REEL,C,CIME,CRIL2,Bon,21.285653678046934,0.0,0.0,18.501039580113563,0.0,0.061752914441092016,0.0,0.0,0.0,0,1,0,0,0,1,0
909,Personne morale,REEL,C,CIME,CRIL1,Bon,21.311855498804604,0.0,0.0,19.86496222113809,0.0,0.23530016546846486,0.0,0.0,0.0,0,1,0,0,1,1,1
910,Personne morale,REEL,C,CIME,CRIL2,Bon,21.320057985484016,0.0,0.0,20.760074509814118,0.0,0.571218502223353,0.0,0.0,0.0,0,1,0,0,0,1,0
911,Personne morale,REEL,C,CIME,CRIC2,Bon,21.32871267559853,0.0,0.0,21.21462474901426,0.0,0.8921795055911889,0.0,0.0,0.0,0,1,0,0,1,1,1
912,Personne morale,REEL,C,CIME,CRIL2,Bon,21.346404631094337,0.0,0.0,19.493189124287262,0.0,0.15673238060377764,0.0,0.0,0.0,0,1,0,0,0,1,0
913,Personne morale,REEL,C,CIME,CRISO,Bon,21.35020334557382,0.0,21.35020334557382,0.0,0.0,0.0,1871869208.0,0.9999999994657747,3.3903789975449428,1,0,0,0,1,1,1
914,Personne morale,REEL,C,CIME,CRIL2,Bon,21.358835597719203,0.0,0.0,20.714050846034546,0.0,0.5247754864604327,0.0,0.0,0.0,0,1,0,0,1,1,1
915,Personne morale,REEL,C,CIME,CRIL1,Bon,21.373789724016614,0.0,0.0,18.95092322061316,0.0,0.08866708779713518,0.0,0.0,0.0,0,1,0,0,1,1,1
916,Personne morale,REEL,C,CIME,CRIEN,Bon,21.394479480002826,0.0,0.0,21.91123958072831,0.0,1.676586867577319,0.0,0.0,0.0,0,1,0,0,0,1,0
917,Personne morale,REEL,C,CIME,CRIL2,Bon,21.40350459211239,0.0,0.0,20.062384534877822,0.0,0.2615525501234796,0.0,0.0,0.0,0,1,0,0,1,1,1
918,Personne morale,REEL,C,CIME,CRIL2,Bon,21.408061321984533,0.0,0.0,19.944836000297446,0.0,0.23148844417667655,0.0,0.0,0.0,0,1,0,0,0,1,0
919,Personne morale,REEL,C,CIME,CRIL2,Bon,21.41372535698036,0.0,0.0,20.74857518906995,0.0,0.5141963056224986,0.0,0.0,0.0,0,1,0,0,0,1,0
920,Personne morale,REEL,C,CIME,CRIE,Bon,21.4187194301906,0.0,19.58556567742109,0.0,0.0,0.0,320555400.0,0.1599084594539406,4.946437144023112,1,0,0,0,1,1,1
921,Personne morale,REEL,C,CIME,CRIL2,Bon,21.44276256053146,0.0,0.0,22.460913570200464,0.0,2.768071890703366,0.0,0.0,0.0,0,1,0,0,0,1,0
922,Personne morale,REEL,C,CIME,CRIL2,Bon,21.453623256201883,0.0,0.0,20.95656822727544,0.0,0.608319507238927,0.0,0.0,0.0,0,1,0,0,0,1,0
923,Personne morale,REEL,C,CIME,CRIL1,Bon,21.47881103580765,0.0,0.0,20.2193470923468,0.0,0.2838061213879913,0.0,0.0,0.0,0,1,0,0,0,1,0
924,Personne morale,REEL,C,CIME,CRIL1,Bon,21.48999774121806,0.0,19.460935632047825,0.0,0.0,0.0,282993823.0,0.13145875684687222,0.41018477389077157,1,0,0,0,1,1,1
925,Personne morale,REEL,C,CIME,CRIL2,Bon,21.501143322286158,0.0,0.0,21.76224421461119,0.0,1.2983586527896165,0.0,0.0,0.0,0,1,0,0,0,1,0
926,Personne morale,REEL,C,CIME,CRIC1,Bon,21.50220685935079,0.0,0.0,18.438701274452992,0.0,0.0467236137328627,0.0,0.0,0.0,0,1,0,0,0,1,0
927,Personne morale,REEL,C,CIME,CRIL2,Bon,21.524444932696976,0.0,0.0,21.20377131263065,0.0,0.725660052775533,0.0,0.0,0.0,0,1,0,0,0,1,0
928,Personne morale,REEL,C,CIME,CRIL2,Bon,21.534196053607186,0.0,0.0,21.478389463549497,0.0,0.9457220298019013,0.0,0.0,0.0,0,1,0,0,0,1,0
929,Personne morale,REEL,C,CIME,CRIL2,Bon,21.539979441529955,0.0,0.0,20.24878393277939,0.0,0.27494189065371316,0.0,0.0,0.0,0,1,0,0,0,1,0
930,Personne morale,REEL,C,CIME,CRIC2,Bon,21.5544720385598,0.0,0.0,20.81414552295526,0.0,0.4769581553773215,0.0,0.0,0.0,0,1,0,0,0,1,0
931,Personne morale,REEL,C,DGE,DGE,Bon,21.57254936031365,0.0,18.93918390585257,0.0,0.0,0.0,167951180.0,0.07183629276178194,0.05720601101402131,1,0,0,0,1,1,1
932,Personne physique,REEL,C,CIME,CRIL1,Pas bon,21.597520896424523,0.0,0.0,21.258200885720974,0.0,0.7122544831398705,0.0,0.0,0.0,0,1,1,2,1,1,1
933,Personne morale,REEL,C,CIME,CRICEXT,Bon,21.605516264898547,0.0,0.0,20.691936363261036,0.0,0.40108580272987493,0.0,0.0,0.0,0,1,0,0,1,1,1
934,Personne morale,REEL,C,CIME,CRIL2,Bon,21.63343888388796,0.0,0.0,19.86790807699097,0.0,0.17109594306772952,0.0,0.0,0.0,0,1,0,0,0,1,0
935,Personne morale,REEL,C,DGE,DGE,Bon,21.636738064566508,0.0,0.0,21.091419341617765,0.0,0.5796570035040142,0.0,0.0,0.0,0,1,0,0,1,1,1
936,Personne morale,REEL,C,CIME,CRIL2,Bon,21.639374343018453,0.0,0.0,20.793952969695173,0.0,0.4293763919288722,0.0,0.0,0.0,0,1,0,0,1,1,1
937,Personne morale,REEL,C,DGE,DGE,Bon,21.648858208130743,0.0,21.147524904339047,0.0,0.0,0.0,1528457515.0,0.6057225085629143,1.5595683940534681,1,0,0,0,2,1,1
938,Personne morale,REEL,C,CIME,CRIC2,Bon,21.651619719167165,0.0,0.0,21.573283629248547,0.0,0.9246536071639835,0.0,0.0,0.0,0,1,0,0,0,1,0
939,Personne morale,REEL,C,CIME,CRIL1,Bon,21.6589776048887,0.0,0.0,20.11239852927718,0.0,0.21297530106160564,0.0,0.0,0.0,0,1,0,0,0,1,0
940,Personne morale,REEL,C,DGE,DGE,Bon,21.65976781379764,0.0,0.0,20.552451086198122,0.0,0.330444444613787,0.0,0.0,0.0,0,1,0,0,1,1,1
941,Personne morale,REEL,C,CIME,CRILEXT,Bon,21.68471858473655,0.0,0.0,20.94957301710549,0.0,0.47943566319891184,0.0,0.0,0.0,0,1,0,0,1,1,1
942,Personne morale,REEL,C,CIME,CRIL2,Bon,21.69658709386087,0.0,0.0,19.933095254655186,0.0,0.17144515809127148,0.0,0.0,0.0,0,1,0,0,0,1,0
943,Personne morale,REEL,C,CIME,CRIL2,Bon,21.698083186753383,0.0,0.0,21.42676440505425,0.0,0.7623734265903939,0.0,0.0,0.0,0,1,0,0,0,1,0
944,Personne morale,REEL,C,CIME,CRIL2,Bon,21.699332052432943,0.0,0.0,20.670965764348768,0.0,0.35759068340582534,0.0,0.0,0.0,0,1,0,0,1,1,1
945,Personne morale,REEL,C,CIME,CRIL1,Bon,21.727150446756905,0.0,0.0,20.094248429622994,0.0,0.19536180701217906,0.0,0.0,0.0,0,1,0,0,0,1,0
946,Personne morale,REEL,C,CIME,CRIL2,Bon,21.727991242775687,0.0,18.537439441820553,0.0,0.0,0.0,112384820.0,0.04114915816215501,0.6747248015267333,1,0,0,0,1,1,1
947,Personne morale,REEL,C,DGE,DGE,Bon,21.7400748924862,0.0,25.442730468985506,0.0,0.0,0.0,112108217450.0,40.55485801589898,0.20424158243038473,1,0,0,0,1,1,1
948,Personne morale,REEL,C,CIME,CRIL2,Bon,21.745387936130353,0.0,20.12129731501705,0.0,0.0,0.0,547732350.0,0.1970908236090442,0.03927255250491972,1,0,0,0,1,1,1
949,Personne morale,REEL,C,CIME,CRIL1,Bon,21.755803623328298,0.0,0.0,20.563592450342725,0.0,0.30354932103438437,0.0,0.0,0.0,0,1,0,0,0,1,0
950,Personne morale,REEL,C,CIME,CRIL2,Bon,21.77690331207941,0.0,0.0,21.314959147074344,0.0,0.6300575178694863,0.0,0.0,0.0,0,1,0,0,0,1,0
951,Personne morale,REEL,C,CIME,CRIL2,Bon,21.782024255019365,0.0,18.21130506650148,0.0,0.0,0.0,81109046.0,0.028135611246546538,0.06226348363799163,1,0,0,0,2,1,1
952,Personne morale,REEL,C,CIME,CRIL1,Bon,21.79830816839405,0.0,0.0,19.032419096621332,0.0,0.06292013361675619,0.0,0.0,0.0,0,1,0,0,1,1,1
953,Personne morale,REEL,C,DGE,DGE,Bon,21.806760365968568,0.0,0.0,18.79127832363467,0.0,0.04902219867694751,0.0,0.0,0.0,0,1,0,0,1,1,1
954,Personne morale,REEL,C,CIME,CRIL2,Bon,21.820515741323685,0.0,0.0,22.03826410629198,0.0,1.2432741765828699,0.0,0.0,0.0,0,1,0,0,0,1,0
955,Personne morale,REEL,C,DGE,DGE,Bon,21.825535357780712,0.0,0.0,18.973309994200267,0.0,0.057715739021093254,0.0,0.0,0.0,0,1,0,0,0,1,0
956,Personne morale,REEL,C,DGE,DGE,Bon,21.83449129673841,0.0,0.0,20.984721738977633,0.0,0.4275134374230811,0.0,0.0,0.0,0,1,0,0,1,1,1
957,Personne morale,REEL,C,DGE,DGE,Bon,21.83985316722623,0.0,0.0,22.676211953995672,0.0,2.3079479274492734,0.0,0.0,0.0,0,1,0,0,0,1,0
958,Personne morale,REEL,C,DGE,DGE,Bon,21.852358699980957,0.0,0.0,19.296670499719262,0.0,0.07763878232359783,0.0,0.0,0.0,0,1,0,0,0,1,0
959,Personne morale,REEL,C,DGE,DGE,Bon,21.854751498495496,0.0,0.0,21.67686577890767,0.0,0.8370380747567835,0.0,0.0,0.0,0,1,0,0,0,1,0
960,Personne morale,REEL,C,DGE,DGE,Bon,21.866491178104972,0.0,0.0,20.089200024941103,0.0,0.16909558114135165,0.0,0.0,0.0,0,1,0,0,0,1,0
961,Personne morale,REEL,C,DGE,DGE,Bon,21.884895199625664,0.0,0.0,20.123603150640673,0.0,0.1718227166616081,0.0,0.0,0.0,0,1,0,0,0,1,0
962,Personne morale,REEL,C,DGE,DGE,Bon,21.886885594591366,0.0,0.0,20.393724038661887,0.0,0.22466125213452026,0.0,0.0,0.0,0,1,0,0,0,1,0
963,Personne morale,REEL,C,DGE,DGE,Bon,21.899394771941395,0.0,0.0,21.73708475466625,0.0,0.8501775936308873,0.0,0.0,0.0,0,1,0,0,0,1,0
964,Personne morale,REEL,C,DGE,DGE,Bon,21.915285271555586,0.0,20.05143666236715,0.0,0.0,0.0,510773428.0,0.15507465836653878,0.5501717028832899,1,0,0,0,2,1,1
965,Personne morale,REEL,C,DGE,DGE,Bon,21.92204545157517,0.0,21.550039378683724,0.0,0.0,0.0,2285931366.0,0.6893500558618895,0.17234025150026763,1,0,0,0,1,1,1
966,Personne morale,REEL,C,DGE,DGE,Bon,21.939705754350694,0.0,0.0,22.329145280533538,0.0,1.4761532164622686,0.0,0.0,0.0,0,1,0,0,1,1,1
967,Personne morale,REEL,C,DGE,DGE,Bon,21.950508908174356,0.0,0.0,20.64588397175626,0.0,0.2712742607704782,0.0,0.0,0.0,0,1,0,0,0,1,0
968,Personne morale,REEL,C,DGE,DGE,Bon,21.954125576672055,0.0,0.0,21.53638368743391,0.0,0.6585321804414597,0.0,0.0,0.0,0,1,0,0,0,1,0
969,Personne morale,REEL,C,DGE,DGE,Bon,21.955816269796077,0.0,22.017664388908774,0.0,0.0,0.0,3648800749.0,1.0638007611625246,-0.18884279978185758,1,0,0,0,1,1,1
970,Personne morale,REEL,C,DGE,DGE,Bon,21.961953226776433,0.0,0.0,20.972377805592743,0.0,0.3717344878202028,0.0,0.0,0.0,0,1,0,0,1,1,1
971,Personne morale,REEL,C,DGE,DGE,Bon,21.98563433258541,0.0,0.0,20.17754375468007,0.0,0.1639669198671008,0.0,0.0,0.0,0,1,0,0,0,1,0
972,Personne morale,REEL,C,DGE,DGE,Bon,22.013619072282417,0.0,0.0,19.68659630520811,0.0,0.09758585055504039,0.0,0.0,0.0,0,1,0,0,0,1,0
973,Personne morale,REEL,C,DGE,DGE,Bon,22.028973267330255,0.0,21.84460347204741,0.0,0.0,0.0,3068956602.0,0.8316282144958018,1.2616357515500016,1,0,0,0,2,1,1
974,Personne morale,REEL,C,DGE,DGE,Bon,22.062346252074565,0.0,0.0,21.11584580301294,0.0,0.3880968140498561,0.0,0.0,0.0,0,1,0,0,0,1,0
975,Personne morale,REEL,C,DGE,DGE,Bon,22.068389495879593,0.0,18.977323293334287,0.0,0.0,0.0,174480455.0,0.04545346569835698,0.10864828798092886,1,0,0,0,1,1,1
976,Personne morale,REEL,C,DGE,DGE,Bon,22.09167846331917,0.0,0.0,21.866133072963436,0.0,0.7980808341982532,0.0,0.0,0.0,0,1,0,0,0,1,0
977,Personne morale,REEL,C,DGE,DGE,Bon,22.093471461143732,0.0,0.0,20.092767654123527,0.0,0.13524006657105433,0.0,0.0,0.0,0,1,0,0,0,1,0
978,Personne morale,REEL,C,DGE,DGE,Bon,22.112065258031933,0.0,20.05071775856916,0.0,0.0,0.0,510406363.0,0.12728234115010673,0.0708110528493695,1,0,0,0,2,1,1
979,Personne morale,REEL,C,DGE,DGE,Bon,22.113941156638127,0.0,0.0,20.657522792261535,0.0,0.2330695515521114,0.0,0.0,0.0,0,1,0,0,0,1,0
980,Personne morale,REEL,C,DGE,DGE,Bon,22.11683312733196,0.0,0.0,21.00349326318928,0.0,0.32846011468985314,0.0,0.0,0.0,0,1,0,0,0,1,0
981,Personne morale,REEL,C,DGE,DGE,Bon,22.12806399180206,0.0,0.0,19.424156653378624,0.0,0.06694343016775142,0.0,0.0,0.0,0,1,0,0,0,1,0
982,Personne morale,REEL,C,DGE,DGE,Bon,22.18277490335809,0.0,0.0,21.985960235974893,0.0,0.8213428405933475,0.0,0.0,0.0,0,1,0,0,0,1,0
983,Personne morale,REEL,C,DGE,DGE,Bon,22.190405809019026,0.0,0.0,21.456100697575152,0.0,0.47983877739659875,0.0,0.0,0.0,0,1,0,0,1,1,1
984,Personne morale,REEL,C,DGE,DGE,Bon,22.196411122225733,0.0,0.0,21.385912576181855,0.0,0.4446363390398757,0.0,0.0,0.0,0,1,0,0,0,1,0
985,Personne morale,REEL,C,DGE,DGE,Bon,22.214808611215876,0.0,0.0,21.971280123133038,0.0,0.7838571449018827,0.0,0.0,0.0,0,1,0,0,1,1,1
986,Personne morale,REEL,C,DGE,DGE,Bon,22.242104222309305,0.0,0.0,18.827993271197116,0.0,0.032905648212098106,0.0,0.0,0.0,0,1,0,0,0,1,0
987,Personne morale,REEL,C,DGE,DGE,Bon,22.246745104691914,0.0,0.0,21.937767023932263,0.0,0.7341968626694392,0.0,0.0,0.0,0,1,0,0,1,1,1
988,Personne morale,REEL,C,DGE,DGE,Bon,22.251381658395054,0.0,0.0,22.002315999669364,0.0,0.7795287886205048,0.0,0.0,0.0,0,1,0,0,0,1,0
989,Personne morale,REEL,C,DGE,DGE,Bon,22.26701648698561,0.0,0.0,21.43745406881533,0.0,0.4362401351054951,0.0,0.0,0.0,0,1,0,0,0,1,0
990,Personne morale,REEL,C,DGE,DGE,Bon,22.29754666661405,0.0,0.0,20.39447389381979,0.0,0.14910973401718883,0.0,0.0,0.0,0,1,0,0,0,1,0
991,Personne morale,REEL,C,DGE,DGE,Bon,22.303882559200293,0.0,0.0,21.851514717710614,0.0,0.6361201350999083,0.0,0.0,0.0,0,1,0,0,1,1,1
992,Personne morale,REEL,C,DGE,DGE,Bon,22.356656420964974,0.0,21.919621754602478,0.0,0.0,0.0,3308040160.0,0.6459490381237023,0.25929561983809674,1,0,0,0,1,1,1
993,Personne morale,REEL,C,DGE,DGE,Bon,22.35771711891312,0.0,19.208287747411116,0.0,0.0,0.0,219813000.0,0.04287658629478625,1.8306076725446605,1,0,0,0,1,1,1
994,Personne morale,REEL,C,DGE,DGE,Bon,22.36609016859158,0.0,0.0,19.555859032831776,0.0,0.060191078280344104,0.0,0.0,0.0,0,1,0,0,0,1,0
995,Personne morale,REEL,C,DGE,DGE,Bon,22.389699312049817,0.0,22.40849882901059,0.0,0.0,0.0,5393707476.0,1.0189773402748932,-0.010015888167379717,1,0,0,0,1,1,1
996,Personne morale,REEL,C,DGE,DGE,Bon,22.38972966209813,0.0,22.430760066006275,0.0,0.0,0.0,5515124509.0,1.0418837822138332,0.9745556963851368,1,0,0,0,1,1,1
997,Personne morale,REEL,C,DGE,DGE,Bon,22.397400532306524,0.0,21.16549229092905,0.0,0.0,0.0,1556168100.0,0.29173534453891115,0.8278150440993356,1,0,0,0,1,1,1
998,Personne morale,REEL,C,DGE,DGE,Bon,22.431346472452564,0.0,0.0,19.216646901695633,0.0,0.04016739929130276,0.0,0.0,0.0,0,1,0,0,0,1,0
999,Personne morale,REEL,C,DGE,DGE,Bon,22.44520428472312,0.0,19.383855065542164,0.0,0.0,0.0,262000000.0,0.046824475921342514,0.2754018590592626,1,0,0,0,1,1,1
1000,Personne morale,REEL,C,DGE,DGE,Bon,22.475422359285844,0.0,20.94194658635767,0.0,0.0,0.0,1244433926.0,0.21578434480148648,0.7273543522604318,1,0,0,0,1,1,1
1001,Personne morale,REEL,C,DGE,DGE,Bon,22.479966823097875,0.0,21.980070622568807,0.0,0.0,0.0,3514174986.0,0.6065936203691968,1.8951544881917441,1,0,0,0,1,1,1
1002,Personne morale,REEL,C,DGE,DGE,Bon,22.480922029153596,0.0,0.0,21.62407376602472,0.0,0.42449788162107444,0.0,0.0,0.0,0,1,0,0,0,1,0
1003,Personne morale,REEL,C,DGE,DGE,Bon,22.48408881453288,0.0,20.24057706966102,0.0,0.0,0.0,617121861.0,0.10608530477466223,-0.1712867048478258,1,0,0,0,2,1,1
1004,Personne morale,REEL,C,DGE,DGE,Bon,22.543891869197346,0.0,0.0,21.472844567494768,0.0,0.34264947189971656,0.0,0.0,0.0,0,1,0,0,0,1,0
1005,Personne morale,REEL,C,DGE,DGE,Bon,22.595302977472656,0.0,0.0,21.771407980066286,0.0,0.4387195107622035,0.0,0.0,0.0,0,1,0,0,0,1,0
1006,Personne morale,REEL,C,DGE,DGE,Bon,22.671241239040622,0.0,18.589757693551665,0.0,0.0,0.0,118421125.0,0.01688240111242818,0.09832179263747544,1,0,0,0,1,1,1
1007,Personne morale,REEL,C,DGE,DGE,Bon,22.69380099114997,0.0,0.0,23.15092313784823,0.0,1.5795218057008678,0.0,0.0,0.0,0,1,0,0,1,1,1
1008,Personne morale,REEL,C,DGE,DGE,Bon,22.697493652610962,0.0,0.0,22.408111810452276,0.0,0.7487262554237345,0.0,0.0,0.0,0,1,0,0,0,1,0
1009,Personne morale,REEL,C,DGE,DGE,Bon,22.704027261694364,0.0,0.0,18.902868624072084,0.0,0.02234486711021407,0.0,0.0,0.0,0,1,0,0,0,1,0
1010,Personne morale,REEL,C,DGE,DGE,Bon,22.70516332399292,0.0,0.0,21.830325599360616,0.0,0.41692967146719434,0.0,0.0,0.0,0,1,0,0,0,1,0
1011,Personne morale,REEL,C,DGE,DGE,Bon,22.70629793097335,0.0,0.0,20.997262124056483,0.0,0.18104026612531227,0.0,0.0,0.0,0,1,0,0,0,1,0
1012,Personne morale,REEL,C,DGE,DGE,Bon,22.70830172431537,0.0,22.014559975970123,0.0,0.0,0.0,3637490929.0,0.49970280433017433,-0.38541878682409025,1,0,0,0,1,1,1
1013,Personne morale,REEL,C,DGE,DGE,Bon,22.715571899299878,0.0,0.0,22.49045389939254,0.0,0.7984219993422186,0.0,0.0,0.0,0,1,0,0,1,1,1
1014,Personne morale,REEL,C,DGE,DGE,Bon,22.726479334592092,0.0,0.0,19.217836558289466,0.0,0.029937518651136884,0.0,0.0,0.0,0,1,0,0,1,1,1
1015,Personne morale,REEL,C,DGE,DGE,Bon,22.733991278879106,0.0,0.0,21.98270333342517,0.0,0.4717585618664291,0.0,0.0,0.0,0,1,0,0,0,1,0
1016,Personne morale,REEL,C,DGE,DGE,Bon,22.741553028583276,0.0,21.106831704880854,0.0,0.0,0.0,1467508210.0,0.19500670734208844,0.1138311035422216,1,0,0,0,1,1,1
1017,Personne morale,REEL,C,DGE,DGE,Bon,22.772276451540613,0.0,19.457693090959232,0.0,0.0,0.0,282077690.0,0.03634918979937575,-0.13082862718149968,1,0,0,0,1,1,1
1018,Personne morale,REEL,C,DGE,DGE,Bon,22.783526197587335,0.0,18.321726983362066,0.0,0.0,0.0,90578458.0,0.011541578695002693,0.033750534220799586,1,0,0,0,2,1,1
1019,Personne morale,REEL,C,DGE,DGE,Bon,22.78396608901442,0.0,0.0,21.675107588415766,0.0,0.3299353670974255,0.0,0.0,0.0,0,1,0,0,0,1,0
1020,Personne morale,REEL,C,DGE,DGE,Bon,22.805747050140337,0.0,0.0,20.337315903059043,0.0,0.08471766422865935,0.0,0.0,0.0,0,1,0,0,0,1,0
1021,Personne morale,REEL,C,DGE,DGE,Bon,22.815599161713532,0.0,20.245949623812184,0.0,0.0,0.0,620446304.0,0.07656237280912129,0.2815991974315799,1,0,0,0,1,1,1
1022,Personne morale,REEL,C,DGE,DGE,Bon,22.82369328241283,0.0,22.63313317810287,0.0,0.0,0.0,6752193000.0,0.8264960801371665,1.3778202579640766,1,0,0,0,1,1,1
1023,Personne morale,REEL,C,DGE,DGE,Bon,22.840161651050956,0.0,0.0,20.24685212776546,0.0,0.07477216978768494,0.0,0.0,0.0,0,1,0,0,0,1,0
1024,Personne morale,REEL,C,DGE,DGE,Bon,22.845815471311667,0.0,0.0,23.825328681832048,0.0,2.6631595281810934,0.0,0.0,0.0,0,1,0,0,0,1,0
1025,Personne morale,REEL,C,DGE,DGE,Bon,22.863867499860802,0.0,20.20621028239834,0.0,0.0,0.0,596273660.0,0.0701122872094562,0.09945990717128485,1,0,0,0,2,1,1
1026,Personne morale,REEL,C,DGE,DGE,Bon,22.905497022711412,0.0,0.0,22.811053937490687,0.0,0.9098795186315625,0.0,0.0,0.0,0,1,0,0,1,1,1
1027,Personne morale,REEL,C,DGE,DGE,Bon,22.919218413410203,0.0,0.0,21.17209325902942,0.0,0.1742742353858896,0.0,0.0,0.0,0,1,0,0,0,1,0
1028,Personne morale,REEL,C,DGE,DGE,Bon,22.92789317897063,0.0,22.943333110327966,0.0,0.0,0.0,9207950294.0,1.0155597428204859,0.3452759787414476,1,0,0,0,1,1,1
1029,Personne morale,REEL,C,DGE,DGE,Bon,22.935727100619676,0.0,0.0,22.39446570705584,0.0,0.5820136407841783,0.0,0.0,0.0,0,1,0,0,0,1,0
1030,Personne morale,REEL,C,DGE,DGE,Bon,22.97992821833161,0.0,0.0,22.563186467801366,0.0,0.6591911336204167,0.0,0.0,0.0,0,1,0,0,0,1,0
1031,Personne morale,REEL,C,DGE,DGE,Bon,23.01528654188375,0.0,0.0,20.786071078071675,0.0,0.10761282307977582,0.0,0.0,0.0,0,1,0,0,0,1,0
1032,Personne morale,REEL,C,DGE,DGE,Bon,23.019680986827577,0.0,0.0,22.159561814321716,0.0,0.42311165593616845,0.0,0.0,0.0,0,1,0,0,0,1,0
1033,Personne morale,REEL,C,DGE,DGE,Bon,23.043766718373274,0.0,0.0,19.512597430353846,0.0,0.029270669907322293,0.0,0.0,0.0,0,1,0,0,0,1,0
1034,Personne morale,REEL,C,DGE,DGE,Bon,23.04543093343819,0.0,21.28623429610778,0.0,0.0,0.0,1755877020.0,0.17218313367910293,-0.10880328519406585,1,0,0,0,2,1,1
1035,Personne morale,REEL,C,DGE,DGE,Bon,23.04672261353344,0.0,0.0,22.6064915656042,0.0,0.6438876348927799,0.0,0.0,0.0,0,1,0,0,1,1,1
1036,Personne morale,REEL,C,DGE,DGE,Bon,23.060057704574206,0.0,0.0,21.887886547168968,0.0,0.30969381668000895,0.0,0.0,0.0,0,1,0,0,1,1,1
1037,Personne morale,REEL,C,DGE,DGE,Bon,23.06118001494541,0.0,23.011772742668455,0.0,0.0,0.0,9860204469.0,0.9517934115839678,-0.0605553309357513,1,0,0,0,1,1,1
1038,Personne morale,REEL,C,DGE,DGE,Bon,23.07100637384341,0.0,19.611541660958185,0.0,0.0,0.0,328991232.0,0.03144659037303608,0.20686202406084153,1,0,0,0,1,1,1
1039,Personne morale,REEL,C,DGE,DGE,Bon,23.084685271761572,0.0,0.0,22.309152462639936,0.0,0.4604583791097538,0.0,0.0,0.0,0,1,0,0,0,1,0
1040,Personne morale,REEL,C,DGE,DGE,Bon,23.089931078728974,0.0,17.822804833348858,0.0,0.0,0.0,54997859.0,0.005158413213410074,0.10338752118318696,1,0,0,0,1,1,1
1041,Personne morale,REEL,C,DGE,DGE,Bon,23.11529077033277,0.0,0.0,20.26570839793761,0.0,0.05786848321367237,0.0,0.0,0.0,0,1,0,0,0,1,0
1042,Personne morale,REEL,C,DGE,DGE,Bon,23.13939361493718,0.0,0.0,23.03345805376567,0.0,0.8994826077247059,0.0,0.0,0.0,0,1,0,0,0,1,0
1043,Personne morale,REEL,C,DGE,DGE,Bon,23.179748476846566,0.0,0.0,22.381065537047924,0.0,0.4499211472122896,0.0,0.0,0.0,0,1,0,0,1,1,1
1044,Personne morale,REEL,C,DGE,DGE,Bon,23.196291604398688,0.0,23.247845254666686,0.0,0.0,0.0,12485642918.0,1.0529056733640725,-0.1717261334168444,1,0,0,0,2,1,1
1045,Personne morale,REEL,C,DGE,DGE,Bon,23.22482958478165,0.0,20.860727488724066,0.0,0.0,0.0,1147357705.0,0.09403369561749089,0.8054910197687438,1,0,0,0,1,1,1
1046,Personne morale,REEL,C,DGE,DGE,Bon,23.225189227327117,0.0,0.0,23.382161917645153,0.0,1.1699636620471678,0.0,0.0,0.0,0,1,0,0,0,1,0
1047,Personne morale,REEL,C,DGE,DGE,Bon,23.232543937757928,0.0,0.0,20.785929099322342,0.0,0.08658619914156082,0.0,0.0,0.0,0,1,0,0,0,1,0
1048,Personne morale,REEL,C,DGE,DGE,Bon,23.2446817826847,0.0,22.800400820439965,0.0,0.0,0.0,7981568798.0,0.6412852184986181,-0.01875402476164313,1,0,0,0,1,1,1
1049,Personne morale,REEL,C,DGE,DGE,Bon,23.266199266884254,0.0,19.860728411023644,0.0,0.0,0.0,422089700.0,0.033191188057992815,0.4156315875300434,1,0,0,0,1,1,1
1050,Personne morale,REEL,C,DGE,DGE,Bon,23.294973650735006,0.0,0.0,20.86187305288154,0.0,0.08776428843496388,0.0,0.0,0.0,0,1,0,0,0,1,0
1051,Personne morale,REEL,C,DGE,DGE,Bon,23.33421882940564,0.0,0.0,23.06856289139552,0.0,0.7667028753691031,0.0,0.0,0.0,0,1,0,0,0,1,0
1052,Personne morale,REEL,C,DGE,DGE,Bon,23.358784939483687,0.0,0.0,21.72017095686912,0.0,0.1942490883384808,0.0,0.0,0.0,0,1,0,0,0,1,0
1053,Personne morale,REEL,C,DGE,DGE,Bon,23.397374808068523,0.0,0.0,23.60111347865205,0.0,1.2259777274765575,0.0,0.0,0.0,0,1,0,0,0,1,0
1054,Personne morale,REEL,C,DGE,DGE,Bon,23.431633876599264,0.0,0.0,20.07639681859536,0.0,0.03490109552331845,0.0,0.0,0.0,0,1,0,0,1,1,1
1055,Personne morale,REEL,C,DGE,DGE,Bon,23.44372266386325,0.0,23.071855828761827,0.0,0.0,0.0,10470795403.0,0.6894460463585564,-0.11740982729856116,1,0,0,0,2,1,1
1056,Personne morale,REEL,C,DGE,DGE,Bon,23.47568289685871,0.0,20.1503174402166,0.0,0.0,0.0,563860500.0,0.035959374695670523,0.06464314390008612,1,0,0,0,1,1,1
1057,Personne morale,REEL,C,DGE,DGE,Bon,23.4771756422235,0.0,19.376876804577055,0.0,0.0,0.0,260178060.0,0.016567723538699373,0.12928161128327392,1,0,0,0,1,1,1
1058,Personne morale,REEL,C,DGE,DGE,Bon,23.486659535100788,0.0,23.116076176264936,0.0,0.0,0.0,10944207701.0,0.6903315021074693,-0.0248441931864715,1,0,0,0,2,1,1
1059,Personne morale,REEL,C,DGE,DGE,Bon,23.53404322120787,0.0,22.274728340573397,0.0,0.0,0.0,4718365765.0,0.28384842989345854,0.2549483455047337,1,0,0,0,2,1,1
1060,Personne morale,REEL,C,DGE,DGE,Bon,23.53942938171618,0.0,0.0,21.691884995094203,0.0,0.15762375440417004,0.0,0.0,0.0,0,1,0,0,0,1,0
1061,Personne morale,REEL,C,DGE,DGE,Bon,23.592388176422006,0.0,0.0,21.056834688535712,0.0,0.07921786094515129,0.0,0.0,0.0,0,1,0,0,0,1,0
1062,Personne morale,REEL,C,DGE,DGE,Bon,23.59629930830619,0.0,0.0,22.540783491328494,0.0,0.34801286999748227,0.0,0.0,0.0,0,1,0,0,0,1,0
1063,Personne morale,REEL,C,DGE,DGE,Bon,23.601627726272955,0.0,20.08789755013338,0.0,0.0,0.0,529740355.0,0.02978560136147359,-0.3081394467442316,1,0,0,0,1,1,1
1064,Personne morale,REEL,C,DGE,DGE,Bon,23.622413784241125,0.0,0.0,23.241887221452558,0.0,0.6835014079765884,0.0,0.0,0.0,0,1,0,0,0,1,0
1065,Personne morale,REEL,C,DGE,DGE,Bon,23.622496072084697,0.0,23.39278362411774,0.0,0.0,0.0,14433007732.0,0.7947621050526094,0.6250785095898134,1,0,0,0,1,1,1
1066,Personne morale,REEL,C,DGE,DGE,Bon,23.649852430874596,0.0,0.0,23.365184130384705,0.0,0.7522637384001521,0.0,0.0,0.0,0,1,0,0,0,1,0
1067,Personne morale,REEL,C,DGE,DGE,Bon,23.666972822270715,0.0,20.981445813323823,0.0,0.0,0.0,1294571789.0,0.06818525023620381,-0.7004295041545471,1,0,0,0,2,1,1
1068,Personne morale,REEL,C,DGE,DGE,Bon,23.688497992848987,0.0,0.0,23.135726726059385,0.0,0.575353141899118,0.0,0.0,0.0,0,1,0,0,1,1,1
1069,Personne morale,REEL,C,DGE,DGE,Bon,23.700980699040763,0.0,0.0,23.489475847076854,0.0,0.8093653539808031,0.0,0.0,0.0,0,1,0,0,0,1,0
1070,Personne morale,REEL,C,DGE,DGE,Bon,23.723160931027536,0.0,17.85580140530637,0.0,0.0,0.0,56842872.0,0.0028303368580048097,-0.17091040196286314,1,0,0,0,1,1,1
1071,Personne morale,REEL,C,DGE,DGE,Bon,23.74172572613843,0.0,0.0,21.091197938656048,0.0,0.07061393402424142,0.0,0.0,0.0,0,1,0,0,1,1,1
1072,Personne morale,REEL,C,DGE,DGE,Bon,23.838431709848994,0.0,22.627661197835124,0.0,0.0,0.0,6715346038.0,0.29796760329466887,0.3495599310009109,1,0,0,0,1,1,1
1073,Personne morale,REEL,C,DGE,DGE,Bon,23.849154806931573,0.0,0.0,20.859503095785783,0.0,0.050304954283827745,0.0,0.0,0.0,0,1,0,0,1,1,1
1074,Personne morale,REEL,C,DGE,DGE,Bon,23.860383748576652,0.0,23.91946213092492,0.0,0.0,0.0,24439392909.0,1.060858390009781,0.241536499235603,1,0,0,0,2,1,1
1075,Personne morale,REEL,C,DGE,DGE,Bon,23.86236223318344,0.0,0.0,23.56176265963889,0.0,0.7403741787631375,0.0,0.0,0.0,0,1,0,0,0,1,0
1076,Personne morale,REEL,C,DGE,DGE,Bon,23.865314138465386,0.0,21.420422569000724,0.0,0.0,0.0,2008035200.0,0.08673553912961791,1.2810281669869126,1,0,0,0,1,1,1
1077,Personne morale,REEL,C,DGE,DGE,Bon,23.868483667630233,0.0,22.916651731513923,0.0,0.0,0.0,8965518079.0,0.386033187116313,0.07977607928432773,1,0,0,0,2,1,1
1078,Personne morale,REEL,C,DGE,DGE,Bon,23.932196238518202,0.0,0.0,23.820562751006083,0.0,0.8943719959014973,0.0,0.0,0.0,0,1,0,0,1,1,1
1079,Personne morale,REEL,C,DGE,DGE,Bon,23.955811270541336,0.0,0.0,23.201009718246628,0.0,0.47010389647450945,0.0,0.0,0.0,0,1,0,0,0,1,0
1080,Personne morale,REEL,C,DGE,DGE,Bon,23.968838836726782,0.0,0.0,20.412915284964054,0.0,0.02855499068360953,0.0,0.0,0.0,0,1,0,0,0,1,0
1081,Personne morale,REEL,C,DGE,DGE,Bon,23.973976267207824,0.0,0.0,22.9215885584349,0.0,0.34910319636977677,0.0,0.0,0.0,0,1,0,0,1,1,1
1082,Personne morale,REEL,C,DGE,DGE,Bon,24.01101335186339,0.0,0.0,22.91861397253313,0.0,0.3354107497930615,0.0,0.0,0.0,0,1,0,0,0,1,0
1083,Personne morale,REEL,C,DGE,DGE,Bon,24.012193344285993,0.0,24.019010030730875,0.0,0.0,0.0,26997497965.0,1.006839972896796,0.35333755515825865,1,0,0,0,2,1,1
1084,Personne morale,REEL,C,DGE,DGE,Bon,24.027143794985108,0.0,0.0,21.973864712051377,0.0,0.12831346247348074,0.0,0.0,0.0,0,1,0,0,0,1,0
1085,Personne morale,REEL,C,DGE,DGE,Bon,24.072935944288442,0.0,0.0,18.76919575299214,0.0,0.004972959226022367,0.0,0.0,0.0,0,1,0,0,0,1,0
1086,Personne morale,REEL,C,DGE,DGE,Bon,24.14738822395008,0.0,0.0,20.591986447230184,0.0,0.028569893859197944,0.0,0.0,0.0,0,1,0,0,0,1,0
1087,Personne morale,REEL,C,DGE,DGE,Bon,24.159560710230675,0.0,21.311705733446306,0.0,0.0,0.0,1801176200.0,0.057968531423487665,0.20560052518568536,1,0,0,0,1,1,1
1088,Personne morale,REEL,C,DGE,DGE,Bon,24.192620306983873,0.0,0.0,23.304967054289918,0.0,0.41162058967415355,0.0,0.0,0.0,0,1,0,0,1,1,1
1089,Personne morale,REEL,C,DGE,DGE,Bon,24.283075056712253,0.0,20.347347350908525,0.0,0.0,0.0,686658302.0,0.019531480954205455,0.23670737561511299,1,0,0,0,2,1,1
1090,Personne morale,REEL,C,DGE,DGE,Bon,24.28787169953146,0.0,21.72272699472605,0.0,0.0,0.0,2716817497.0,0.07690805164362835,0.40613388458860206,1,0,0,0,1,1,1
1091,Personne morale,REEL,C,DGE,DGE,Bon,24.494922280322754,0.0,0.0,22.910101760712315,0.0,0.2049845805047426,0.0,0.0,0.0,0,1,0,0,0,1,0
1092,Personne morale,REEL,C,DGE,DGE,Bon,24.521249312461382,0.0,0.0,22.18962310353586,0.0,0.09713765243707477,0.0,0.0,0.0,0,1,0,0,0,1,0
1093,Personne morale,REEL,C,DGE,DGE,Bon,24.55142299586359,0.0,22.844849295545547,0.0,0.0,0.0,8344339948.0,0.18148655585628604,0.1521492800207025,1,0,0,0,1,1,1
1094,Personne morale,REEL,C,DGE,DGE,Bon,24.718273301969848,0.0,0.0,21.62004626173867,0.0,0.04512914364399805,0.0,0.0,0.0,0,1,0,0,1,1,1
1095,Personne morale,REEL,C,DGE,DGE,Bon,24.76413285182583,0.0,0.0,24.37852303266315,0.0,0.6800358108468649,0.0,0.0,0.0,0,1,0,0,1,1,1
1096,Personne morale,REEL,C,DGE,DGE,Bon,24.767591753369427,0.0,0.0,22.46420178809141,0.0,0.09991954513636307,0.0,0.0,0.0,0,1,0,0,1,1,1
1097,Personne morale,REEL,C,DGE,DGE,Bon,24.834613006945304,0.0,0.0,24.630117723898,0.0,0.8150585864848499,0.0,0.0,0.0,0,1,0,0,0,1,0
1098,Personne morale,REEL,C,DGE,DGE,Bon,24.952905552947293,0.0,0.0,20.336938995790074,0.0,0.009892616990147714,0.0,0.0,0.0,0,1,0,0,0,1,0
1099,Personne morale,REEL,C,DGE,DGE,Bon,24.98652846346612,0.0,0.0,23.446432067111477,0.0,0.21436043685222983,0.0,0.0,0.0,0,1,0,0,0,1,0
1100,Personne morale,REEL,C,DGE,DGE,Bon,25.013243936254703,0.0,0.0,24.835960264789172,0.0,0.837542163994692,0.0,0.0,0.0,0,1,0,0,0,1,0
1101,Personne morale,REEL,C,DGE,DGE,Bon,25.130649058243307,0.0,23.876168549818143,0.0,0.0,0.0,23403900882.0,0.28522398118719294,0.23636072493314236,1,0,0,0,1,1,1
1102,Personne morale,REEL,C,DGE,DGE,Bon,25.152038337086694,0.0,18.954664236362238,0.0,0.0,0.0,170571348.0,0.0020347667077467903,-0.002349280491159215,1,0,0,0,2,1,1
1103,Personne morale,REEL,C,DGE,DGE,Bon,25.229743388210863,0.0,24.116780751819242,0.0,0.0,0.0,29770409037.0,0.32858404257047746,0.1025275330620185,1,0,0,0,1,1,1
1104,Personne morale,REEL,C,DGE,DGE,Bon,25.24786833912677,0.0,0.0,21.618503616065183,0.0,0.02653303487029626,0.0,0.0,0.0,0,1,0,0,0,1,0
1105,Personne morale,REEL,C,DGE,DGE,Pas bon,25.2697564052481,0.0,19.505001733416286,0.0,0.0,0.0,295743100.0,0.003136164648338823,0.01706300271911611,1,0,1,1,1,1,1
1106,Personne morale,REEL,C,DGE,DGE,Bon,25.304793571177417,0.0,0.0,24.088178165683733,0.0,0.29623109422587685,0.0,0.0,0.0,0,1,0,0,1,1,1
1107,Personne morale,REEL,C,DGE,DGE,Bon,25.368570797197,0.0,23.461394567926803,0.0,0.0,0.0,15458031878.0,0.14849912257615971,0.1774354317842565,1,0,0,0,1,1,1
1108,Personne morale,REEL,C,DGE,DGE,Bon,25.547807884834217,0.0,18.064130120856905,0.0,0.0,0.0,70008702.0,0.0005621860133298255,0.3953180464846885,1,0,0,0,1,1,1
1109,Personne morale,REEL,C,DGE,DGE,Bon,25.56135432362895,0.0,22.425248791713486,0.0,0.0,0.0,5484812750.0,0.04345169002813138,0.043143380383596226,1,0,0,0,1,1,1
1110,Personne morale,REEL,C,DGE,DGE,Bon,25.67280178908237,0.0,18.81596083373708,0.0,0.0,0.0,148480000.0,0.0010522327308602926,-0.10732387834152941,1,0,0,0,2,1,1
1111,Personne morale,REEL,C,DGE,DGE,Bon,25.75840847613061,0.0,0.0,20.12884065114349,0.0,0.003590126548591788,0.0,0.0,0.0,0,1,0,0,0,1,0
1112,Personne morale,REEL,C,DGE,DGE,Bon,26.25573756897631,0.0,0.0,23.576294770094847,0.0,0.06860136826199113,0.0,0.0,0.0,0,1,0,0,1,1,1
1113,Personne morale,REEL,C,DGE,DGE,Bon,26.345507515783506,0.0,18.131191653159245,0.0,0.0,0.0,74864595.0,0.0002707496740446678,0.09731472104111823,1,0,0,0,2,1,1
1114,Personne morale,REEL,C,DGE,DGE,Bon,26.59077217120163,0.0,0.0,25.56283499891021,0.0,0.35774416451768876,0.0,0.0,0.0,0,1,0,0,0,1,0
1115,Personne morale,REEL,C,DGE,DGE,Bon,26.6966733138812,0.0,19.23600355192957,0.0,0.0,0.0,225990506.0,0.0005752707454262523,0.05070510261912033,1,0,0,0,2,1,1
1116,Personne morale,REEL,C,DGE,DGE,Bon,23.00908766727257,12.852233034865781,0.0,21.703184034948524,3.880904372960997e-05,0.2709276053556617,-381639.0,-3.880904372960997e-05,0.0,0,1,0,0,1,1,1
1117,Personne morale,REEL,C,CIME,CRIL1,Bon,21.111603867081985,14.452590435089109,0.0,20.31689621639017,0.0012824102539081086,0.45171327300580805,-1890950.0,-0.0012824102539081086,0.0,0,1,0,0,0,1,0
1118,Personne morale,REEL,C,CIME,CRIL2,Bon,19.529820787491378,15.089133297863269,0.0,18.576227072266178,0.011787828422929712,0.38535367740236903,-3573775.0,-0.011787828422929712,0.0,0,1,0,0,0,1,0
1119,Personne morale,REEL,C,CIME,CRIL1,Bon,21.108224708003096,15.416137164609797,0.0,19.392901133054174,0.0033725446006597215,0.17990549770104755,-4956136.0,-0.0033725446006597215,0.0,0,1,0,0,1,1,1
1120,Personne morale,REEL,C,CIME,CRIL1,Bon,20.69730464665149,15.671808704579888,0.0,20.031330569722744,0.006568327150443831,0.5137728286007428,-6400000.0,-0.006568327150443831,0.0,0,1,0,0,1,1,1
1121,Personne morale,REEL,C,DGE,DGE,Bon,22.247299201549186,15.68532876810469,21.500816555078423,0.0,0.0014130983308181296,0.0,2169648646.0,0.4726178597892215,-0.2511799929021769,1,0,0,0,1,1,1
1122,Personne morale,REEL,C,CIME,CRIL1,Bon,21.118391931173946,15.757383855602336,0.0,19.22299485009145,0.004696168953143125,0.15025865765463786,-6971798.0,-0.004696168953143125,0.0,0,1,0,0,0,1,0
1123,Personne morale,REEL,C,DGE,DGE,Bon,22.26218914199772,15.98897986659938,18.214799353032184,0.0,0.0018861654199974008,0.0,72604239.0,0.01558174448216375,-0.12967309714249523,1,0,0,0,2,1,1
1124,Personne morale,REEL,C,CIME,CRIC2,Bon,21.321532639523994,16.012735246411598,0.0,19.20674158040037,0.004947872938121565,0.1206584968620183,-9000000.0,-0.004947872938121565,0.0,0,1,0,0,0,1,0
1125,Personne morale,REEL,C,CIME,CRIL2,Bon,19.612902958721413,16.100440817500765,0.0,18.54879471129156,0.02982339152136551,0.3450354007907002,-9825000.0,-0.02982339152136551,0.0,0,1,0,0,0,1,0
1126,Personne morale,REEL,C,CIME,CRIC1,Bon,20.2922490088833,16.118095750958314,0.0,18.75791304879139,0.015388214451233768,0.21559880832128467,-10000000.0,-0.015388214451233768,0.0,0,1,0,0,0,1,0
1127,Personne morale,REEL,C,DGE,DGE,Bon,23.322886729124434,16.673536048355945,23.21959534880522,0.0,0.001294862537452103,0.0,12120433142.0,0.900569287116953,0.017894478312875998,1,0,0,0,1,1,1
1128,Personne morale,REEL,C,DGE,DGE,Bon,22.64624569164452,16.806680992133217,22.33012683819503,0.0,0.002910108975891616,0.0,4967223060.0,0.7260626949642206,-0.09662381693668737,1,0,0,0,1,1,1
1129,Personne physique,RSI,C,CDI,CRIL1,Bon,16.845644306544774,16.845644306544774,0.0,18.538417680768436,0.9999999516908236,5.434531766447741,-20700000.0,-0.9999999516908236,0.0,0,1,0,1,1,1,1
1130,Personne morale,REEL,C,CIME,CRIL1,Bon,21.008768093825555,17.118219166776775,0.0,19.386390310912404,0.020434125362580685,0.19742869718854927,-27186175.0,-0.020434125362580685,0.0,0,1,0,0,0,1,0
1131,Personne morale,REEL,C,CIME,CRIL1,Bon,17.194757481391882,17.194757481391882,18.71793580627118,0.0,0.9999999659268952,0.0,105267200.0,3.5867803304552806,-0.8048602662288847,1,0,0,0,2,1,1
1132,Personne morale,REEL,C,CIME,CRIC1,Bon,21.220525892450517,17.353857952141563,21.036212384785323,0.0,0.020927986069011063,0.0,1333038430.0,0.8107470397780059,0.13685369033693365,1,0,0,0,1,1,1
1133,Personne morale,REEL,C,DGE,DGE,Bon,23.783704668456497,17.36075336145707,0.0,21.305266673958357,0.001623856609374429,0.08387413513858295,-34648096.0,-0.001623856609374429,0.0,0,1,0,0,1,1,1
1134,Personne morale,REEL,C,DGE,DGE,Bon,23.513589151286595,17.489606243713123,0.0,22.83587899049401,0.0024200116302278483,0.5077783929593557,-39412998.0,-0.0024200116302278483,0.0,0,1,0,0,1,1,1
1135,Personne morale,REEL,C,CIME,CRIL1,Bon,17.947461277440336,17.644293531387405,17.92744074927348,0.0,0.7384751936268724,0.0,15057957.0,0.2417033421529569,0.24523966562938224,1,0,0,0,1,1,1
1136,Personne morale,REEL,C,CIME,CRIL1,Bon,19.876570663906698,17.66960417242597,0.0,19.343969627541338,0.11003392928841715,0.587075973761441,-47185828.0,-0.11003392928841715,0.0,0,1,0,0,1,1,1
1137,Personne morale,REEL,C,CIME,CRIL1,Bon,19.74508012935413,17.71869463490278,0.0,19.421710078353165,0.13181109041971914,0.723705994022367,-49560000.0,-0.13181109041971914,0.0,0,1,0,0,0,1,0
1138,Personne morale,REEL,C,CIME,CRIC2,Bon,17.77424033976826,17.77424033976826,19.80843962463976,0.0,0.999999980912656,0.0,348195501.0,6.646127303880594,0.2171708778661805,1,0,0,0,2,1,1
1139,Personne morale,REEL,C,CIME,CRIL2,Bon,19.2106589835569,17.796760588796538,0.0,19.79028758977264,0.2431933644922114,1.785375225801776,-53583973.0,-0.2431933644922114,0.0,0,1,0,0,0,1,0
1140,Personne morale,REEL,C,CIME,CRIL1,Bon,18.98780569031174,18.010935212890896,0.0,18.511822785488555,0.37648747753851597,0.6212740972757855,-66381914.0,-0.37648747753851597,0.0,0,1,0,0,0,1,0
1141,Personne morale,REEL,C,CIME,CRIL1,Bon,18.09306526817732,18.09306526817732,18.09750535709079,0.0,0.9999999861234472,0.0,320682.0,0.004449960713397466,72064006.0,1,0,0,0,1,1,1
1142,Personne physique,REEL,C,CIME,CRIC1,Bon,18.143540655675242,18.143540655675242,18.144518608161636,0.0,0.9999999868064882,0.0,74160.0,0.0009784308378496154,0.014424249615814148,1,0,0,0,1,1,1
1143,Personne morale,REEL,C,CIME,CRIL2,Bon,18.18004892289928,18.18004892289928,0.0,19.120995083954323,0.9999999872794739,2.5624047065641133,-78613100.0,-0.9999999872794739,0.0,0,1,0,0,0,1,0
1144,Personne morale,RSI,C,CDI,CRINO,Bon,18.258118060556225,18.258118060556225,18.234848042297276,0.0,0.9999999882347793,0.0,-1955030.0,-0.023001359318297703,84996280.0,1,0,0,0,0,1,1
1145,Personne morale,REEL,C,CIME,CRICEXT,Bon,19.643329273211396,18.380838155074454,18.38142004039948,0.0,0.2829482872664448,0.0,55932.0,0.0001646913689134983,-0.7323325769778395,1,0,0,0,2,1,1
1146,Personne morale,REEL,C,CIME,CRIC2,Bon,0.0,18.42607511811866,18.895085418126772,0.0,100540894.0,0.0,60164824.0,60164824.0,0.0,1,0,0,0,2,0,1
1147,Personne morale,REEL,C,DGE,DGE,Bon,21.581704560381837,18.475388346450597,17.94674361262081,0.0,0.04476555829005153,0.0,-43368534.0,-0.018380593954620883,0.02400038154426872,1,0,0,0,1,1,1
1148,Personne morale,REEL,C,DGE,DGE,Bon,24.51708467282124,18.54083752005637,0.0,24.225478364738432,0.00253833439859702,0.7470625905671374,-112767362.0,-0.00253833439859702,0.0,0,1,0,0,0,1,0
1149,Personne morale,REEL,C,DGE,DGE,Bon,22.90701053850542,18.608654828401903,0.0,22.450425100467776,0.013590887896716815,0.6334428868516601,-120680223.0,-0.013590887896716815,0.0,0,1,0,0,1,1,1
1150,Personne physique,REEL,C,CIME,CRIS,Bon,18.65006410708612,18.65006410708612,20.342718558504373,0.0,0.9999999920497631,0.0,557704834.0,4.433885563415204,125782414.0,1,0,0,0,2,1,1
1151,Personne morale,REEL,C,CIME,CRICEXT,Bon,18.725466739294692,18.72325643627452,18.322229813149132,0.0,0.997792130528017,0.0,-44709995.0,-0.3296383604309588,2.3667517066410313,1,0,0,0,0,1,1
1152,Personne morale,REEL,C,CIME,CRIC1,Bon,19.377087684058218,18.750086133411227,0.0,19.654668606613377,0.5341911432862343,1.3199329233245047,-139014128.0,-0.5341911432862343,0.0,0,1,0,0,0,1,0
1153,Personne morale,REEL,C,DGE,DGE,Bon,23.058872898105957,18.880393970652108,20.402124002112238,0.0,0.015321795316592718,0.0,566958390.0,0.05485420534125403,-0.0032654571902583874,1,0,0,0,2,1,1
1154,Personne morale,REEL,C,DGE,DGE,Bon,22.115884962260605,18.892142834126723,0.0,22.13056747080924,0.03980582047177557,1.014790825803811,-160233523.0,-0.03980582047177557,0.0,0,1,0,0,1,1,1
1155,Personne morale,REEL,C,CIME,CRIL1,Bon,19.818689861084717,18.978302562394123,0.0,19.29406397899061,0.4315433524119264,0.59177671475352,-174651402.0,-0.4315433524119264,0.0,0,1,0,0,0,1,0
1156,Personne morale,REEL,C,DGE,DGE,Bon,23.805824371057042,18.99027625410535,23.65822555496419,0.0,0.008102779543821615,0.0,18643989788.0,0.8546743982495105,0.1303252990346939,1,0,0,0,1,1,1
1157,Personne morale,REEL,C,DGE,DGE,Bon,23.468048864618,19.02547209506045,23.443584377141338,0.0,0.011765582167584679,0.0,15002071542.0,0.9640667603400754,0.15904069851007605,1,0,0,0,2,1,1
1158,Personne morale,REEL,C,CIME,CRIL1,Bon,19.04842327372606,19.04842327372606,20.79624991655516,0.0,0.9999999946620453,0.0,888375740.0,4.742109450052894,123.06460061946979,1,0,0,0,1,1,1
1159,Personne morale,REEL,C,CIME,CRIL2,Bon,19.064990858493005,19.053851020693777,0.0,18.463657116931913,0.9889219751823275,0.5480801458699014,-188357256.0,-0.9889219751823275,0.0,0,1,0,0,0,1,0
1160,Personne morale,REEL,C,CIME,CRIC1,Bon,19.07712026698789,19.07712026698789,19.07712026698789,0.0,0.9999999948130515,0.0,0.0,0.0,192791579.0,1,0,0,0,0,1,1
1161,Personne morale,REEL,C,DGE,DGE,Bon,21.799722346306563,19.152391662289137,21.13641263650348,0.0,0.0708400550596482,0.0,1303703513.0,0.44430347888325283,-0.27300460036572083,1,0,0,0,1,1,1
1162,Personne morale,REEL,C,DGE,DGE,Bon,22.37684339281245,19.201069756195217,19.80090918200428,0.0,0.04176178294819673,0.0,179348870.0,0.0343209291559795,0.14913769393416423,1,0,0,0,2,1,1
1163,Personne morale,REEL,C,CIME,CRIL2,Bon,19.32021757778883,19.32021757778883,19.249996117097318,0.0,0.9999999959324198,0.0,-16671496.0,-0.06781264581130747,-0.16120005651447938,1,0,0,0,1,1,1
1164,Personne morale,REEL,C,DGE,DGE,Bon,22.495592862841747,19.363072497119177,0.0,21.682151389419616,0.043607750981615755,0.4433297302134974,-256611158.0,-0.043607750981615755,0.0,0,1,0,0,0,1,0
1165,Personne morale,REEL,C,DGE,DGE,Bon,22.05931824188165,19.428218411825043,0.0,20.574696439909722,0.07199923149469964,0.226588019352967,-273884874.0,-0.07199923149469964,0.0,0,1,0,0,0,1,0
1166,Personne morale,REEL,C,DGE,DGE,Bon,23.652093660385493,19.53597389029965,19.890418263117123,0.0,0.016307669287894504,0.0,129763142.0,0.006937094178496734,1.6750362150802556,1,0,0,0,1,1,1
1167,Personne morale,REEL,C,DGE,DGE,Bon,25.667453079688173,19.54423592283188,24.119749454324122,0.0,0.0021913945431698114,0.0,29551342872.0,0.2105445401961839,0.3648549392647886,1,0,0,0,1,1,1
1168,Personne morale,REEL,C,CIME,CRIO,Bon,20.137349413851283,19.60116652799439,19.613215889931755,0.0,0.5849769180063029,0.0,3946950.0,0.007091235265730681,556595550.0,1,0,0,0,1,1,1
1169,Personne morale,REEL,C,CIME,CRIC2,Bon,19.688495633210465,19.688495633210465,19.68738091964886,0.0,0.9999999971855406,0.0,-395846.0,-0.0011140924992348892,-0.6018853807696509,1,0,0,0,1,1,1
1170,Personne morale,REEL,C,CIME,CRIS,Bon,0.0,19.701454998902765,21.654719708751365,0.0,359942551.0,0.0,2178254157.0,2178254157.0,0.0,1,0,0,0,2,0,1
1171,Personne morale,REEL,C,CIME,CRIL1,Bon,19.702553051698693,19.702553051698693,0.0,19.064684895593434,0.9999999972248278,0.5284177254630691,-360338004.0,-0.9999999972248278,0.0,0,1,0,0,0,1,0
1172,Personne morale,REEL,C,CIME,CRIL1,Bon,19.77368603131092,19.77368603131092,19.63922472123089,0.0,0.9999999974153766,0.0,-48677614.0,-0.1258132995642294,115.02885790149544,1,0,0,0,0,1,1
1173,Personne morale,REEL,C,CIME,CRIL1,Bon,19.824557055253884,19.822624516754846,20.400410193110314,0.0,0.9980693251947311,0.0,317769370.0,0.7805779835122453,-0.7556720297434947,1,0,0,0,2,1,1
1174,Personne morale,REEL,C,CIME,CRIO,Bon,19.86389221313364,19.86389221313364,19.713042788078837,0.0,0.999999997638319,0.0,-59289474.0,-0.1400228200726177,6.964828645114757,1,0,0,0,0,1,1
1175,Personne morale,REEL,C,DGE,DGE,Bon,25.0683144767233,19.881165647566952,0.0,23.97008303287462,0.005587916214769894,0.33346030577036984,-430804800.0,-0.005587916214769894,0.0,0,1,0,0,0,1,0
1176,Personne morale,REEL,C,CIME,CRIL2,Bon,19.948083751104406,19.948083751104406,19.946982565131567,0.0,0.9999999978290126,0.0,-506949.0,-0.0011005798900555971,-0.23499487134054053,1,0,0,0,0,1,1
1177,Personne morale,REEL,C,CIME,CRIL1,Bon,19.99636257895648,19.99636257895648,0.0,20.461785384302164,0.9999999979313354,1.59268744124566,-483403650.0,-0.9999999979313354,0.0,0,1,0,0,0,1,0
1178,Personne morale,REEL,C,CIME,CRIL2,Bon,0.0,20.001318961869732,20.015578734173193,0.0,485805531.0,0.0,6977104.0,6977104.0,0.0,1,0,0,0,2,0,1
1179,Personne morale,REEL,C,CIME,CRIL2,Bon,0.0,20.216847926590464,20.802183423908954,0.0,602650464.0,0.0,479464673.0,479464673.0,0.0,1,0,0,0,2,0,1
1180,Personne morale,REEL,C,CIME,CRICEXT,Bon,20.240196362492824,20.240196362492824,19.864192557308293,0.0,0.9999999983789575,0.0,-193332547.0,-0.31340027960130473,0.2567231070041136,1,0,0,0,0,1,1
1181,Personne morale,REEL,C,CIME,CRIC1,Bon,20.34376850513486,20.31948686551051,20.31948686551051,0.0,0.976010786272086,0.0,0.0,0.0,0.044533080312581075,1,0,0,0,0,1,1
1182,Personne morale,REEL,C,CIME,CRINO,Bon,20.45159393631127,20.379769248630897,20.379768330805945,0.0,0.9306940423293734,0.0,-651.0,-8.542138248573982e-07,0.16400622220693914,1,0,0,0,0,1,1
1183,Personne morale,REEL,C,CIME,CRIL2,Bon,0.0,20.485350532266406,20.61431256506215,0.0,788269450.0,0.0,108502870.0,108502870.0,0.0,1,0,0,0,2,0,1
1184,Personne morale,REEL,C,DGE,DGE,Bon,21.3225024338103,20.52340473245481,21.144753599337268,0.0,0.44973457544725837,0.0,705383079.0,0.38741808497821356,-0.4553071153996341,1,0,0,0,1,1,1
1185,Personne morale,REEL,C,DGE,DGE,Bon,25.974999172766346,20.576692047682354,20.63756850640128,0.0,0.004524233419478049,0.0,54210000.0,0.0002839753209819409,0.10086908612058726,1,0,0,0,1,1,1
1186,Personne morale,REEL,C,CIME,CRIL1,Bon,20.588912619859514,20.588912619859514,21.323237686689442,0.0,0.9999999988562033,0.0,947786309.0,1.0840749064306483,-0.28190038168410964,1,0,0,0,1,1,1
1187,Personne morale,REEL,C,CIME,CRIC1,Bon,20.65682923933418,20.65682923933418,0.0,19.456813960915923,0.9999999989313068,0.3011896091075172,-935722240.0,-0.9999999989313068,0.0,0,1,0,0,0,1,0
1188,Personne morale,REEL,C,DGE,DGE,Bon,22.960599860814188,20.71122229678842,22.31360774984412,0.0,0.10546484914561076,0.0,3917397177.0,0.41815354722081943,0.6188101643666799,1,0,0,0,1,1,1
1189,Personne morale,REEL,C,DGE,DGE,Bon,24.304157215248946,20.783095795807743,20.857495179197418,0.0,0.029568034391735738,0.0,81999072.0,0.0022837448001685016,0.04136961181337159,1,0,0,0,2,1,1
1190,Personne morale,REEL,C,CIME,CRIL2,Bon,20.83760303852987,20.83760303852987,20.940610791244968,0.0,0.9999999991080428,0.0,121642620.0,0.10850000292740332,1121130107.0,1,0,0,0,1,1,1
1191,Personne morale,REEL,C,DGE,DGE,Bon,25.16108651489724,20.947363245993657,0.0,24.798862206796382,0.01479119408271225,0.6961262035694685,-1251192890.0,-0.01479119408271225,0.0,0,1,0,0,0,1,0
1192,Personne morale,REEL,C,DGE,DGE,Bon,22.688612299854782,20.95187549225729,18.24336349270804,0.0,0.17609409283987146,0.0,-1173099934.0,-0.16435990686163632,-0.049978425124953804,1,0,0,0,1,1,1
1193,Personne morale,REEL,C,CIME,CRIC1,Bon,21.01771286589332,21.01771286589332,21.47854491457721,0.0,0.9999999992550566,0.0,785821521.0,0.5853925601521723,0.682089211907366,1,0,0,0,1,1,1
1194,Personne morale,REEL,C,CIME,CRIL1,Bon,21.522896719454238,21.029869071111825,20.873467578828603,0.0,0.6107743814836918,0.0,-196733078.0,-0.08843050536821945,-0.016383454284503135,1,0,0,0,1,1,1
1195,Personne morale,REEL,C,CIME,CRIC1,Bon,21.766955810077548,21.118097948578246,18.760362118634497,0.0,0.5226423656185282,0.0,-1343685000.0,-0.473182498253954,0.022832898665784175,1,0,0,0,0,1,1
1196,Personne morale,REEL,C,DGE,DGE,Bon,21.169325145951834,21.14141193962924,21.116533839198343,0.0,0.9724727669859996,0.0,-37327143.0,-0.0238948139863457,-0.4132323778108906,1,0,0,0,0,1,1
1197,Personne morale,REEL,C,DGE,DGE,Bon,22.031685003679385,21.161520768522728,21.119870397418577,0.0,0.4188827480539898,0.0,-63232114.0,-0.017088284953279458,0.0,1,0,0,0,0,1,1
1198,Personne morale,REEL,C,CIME,CRIL2,Bon,21.431854199965297,21.164473531274567,21.575350894683286,0.0,0.7653816586766798,0.0,789946693.0,0.38892133633485526,2031122026.0,1,0,0,0,1,1,1
1199,Personne morale,REEL,C,CIME,CRIL2,Bon,21.478061917864494,21.478061917864494,21.499010887202026,0.0,0.9999999995298935,0.0,45032223.0,0.021169939329380157,0.6901005166273981,1,0,0,0,1,1,1
1200,Personne morale,REEL,C,DGE,DGE,Bon,21.49799284597342,21.49799284597342,22.095860200190234,0.0,0.9999999995391704,0.0,1775574024.0,0.8182370071306592,-0.31438469234510386,1,0,0,0,2,1,1
1201,Personne morale,REEL,C,DGE,DGE,Bon,21.829872332623136,21.577441008607643,21.46793278102284,0.0,0.7769095657058913,0.0,-243695711.0,-0.08058510776778591,3.7732815005078866,1,0,0,0,0,1,1
1202,Personne morale,REEL,C,DGE,DGE,Bon,21.609714075870617,21.595662913242684,21.653174620404876,0.0,0.9860470937995705,0.0,141638675.0,0.058371691257776706,-0.2986149159191007,1,0,0,0,1,1,1
1203,Personne morale,REEL,C,DGE,DGE,Bon,22.64600117027828,21.7432199574126,0.0,22.424418971971658,0.4054404738068143,0.8012500578968568,-2773067533.0,-0.4054404738068143,0.0,0,1,0,0,0,1,0
1204,Personne morale,REEL,C,DGE,DGE,Bon,22.92135579839643,22.025852449264644,21.798268260316686,0.0,0.4084019780036151,0.0,-748800000.0,-0.0831280311865573,0.2512786588149346,1,0,0,0,0,1,1
1205,Personne morale,REEL,C,DGE,DGE,Bon,22.08041147765221,22.026078547166698,22.083572901922253,0.0,0.9471167297153411,0.0,217758006.0,0.056049696869377726,0.22193503286332708,1,0,0,0,1,1,1
1206,Personne morale,REEL,C,DGE,DGE,Bon,22.243284741754707,22.243284741754707,22.265178653184194,0.0,0.9999999997812923,0.0,101209681.0,0.02213534184099214,0.7235013379137479,1,0,0,0,1,1,1
1207,Personne morale,REEL,C,DGE,DGE,Bon,22.256252401912494,22.256252401912494,22.284813716061723,0.0,0.99999999978411,0.0,134203105.0,0.028973099510567934,0.33154406499570943,1,0,0,0,1,1,1
1208,Personne morale,REEL,C,DGE,DGE,Bon,22.57663471383207,22.57663471383207,22.50215659282771,0.0,0.9999999998432917,0.0,-457998695.0,-0.07177221747157567,1.8155613952282896,1,0,0,0,0,1,1
1209,Personne morale,REEL,C,DGE,DGE,Bon,23.30459006557027,22.81006406386189,0.0,23.97861053882984,0.6098599112776206,1.9621100949855095,-8059070496.0,-0.6098599112776206,0.0,0,1,0,0,0,1,0
1210,Personne morale,REEL,C,DGE,DGE,Bon,23.35945801686609,23.35345505267613,23.42039005771825,0.0,0.9940150175286006,0.0,960607085.0,0.06881166533692996,0.06843019060389087,1,0,0,0,1,1,1
1211,Personne morale,REEL,C,DGE,DGE,Bon,19.136567416369385,23.8219112544758,23.815072378405958,0.0,108.34751990543734,0.0,-151086320.0,-0.7384473082187326,204600000.0,1,0,0,0,1,1,1
1212,Personne morale,REEL,C,DGE,DGE,Bon,23.99845097257744,23.99845097257744,24.005842564059904,0.0,0.9999999999621901,0.0,196217998.0,0.007418976726716769,0.03448374737847258,1,0,0,0,1,1,1
1213,Personne morale,REEL,C,DGE,DGE,Bon,25.097042953711806,25.096995087791676,25.095580395229902,0.0,0.9999521352128197,0.0,-112160875.0,-0.0014136246899020344,5.878459714420969,1,0,0,0,0,1,1
1214,Personne morale,REEL,C,DGE,DGE,Bon,25.485181355690948,25.46690367824662,25.47046929001072,0.0,0.9818883462455111,0.0,410245934.0,0.003507281725078381,0.24007090628411235,1,0,0,0,2,1,1
1215,Personne morale,REEL,C,CIME,CRIC1,Bon,0.0,0.0,18.547326672330627,0.0,,0.0,113501506.0,113501506.0,0.0,1,0,0,0,0,0,1
1216,Personne morale,REEL,C,CIME,CRIC2,Bon,0.0,0.0,21.283076185382285,0.0,,0.0,1750340513.0,1750340513.0,0.0,1,0,0,0,1,0,1
1217,Personne morale,REEL,C,CIME,CRIC2,Bon,0.0,0.0,18.974915594864022,0.0,,0.0,174060864.0,174060864.0,0.0,1,0,0,0,1,0,1
1218,Personne morale,REEL,C,CIME,CRICEXT,Bon,0.0,0.0,19.083466042188263,0.0,,0.0,194018881.0,194018881.0,0.0,1,0,0,0,1,0,1
1219,Personne physique,REEL,C,CIME,CRIL2,Bon,0.0,0.0,19.113797554051132,0.0,,0.0,199993925.0,199993925.0,0.0,1,0,0,1,1,0,1
1220,Personne morale,REEL,C,CIME,CRIL2,Bon,0.0,0.0,18.136990706050334,0.0,,0.0,75300000.0,75300000.0,0.0,1,0,0,0,1,0,1
1221,Personne morale,REEL,C,DGE,DGE,Bon,0.0,0.0,22.160459927442304,0.0,,0.0,4208869525.0,4208869525.0,0.0,1,0,0,0,1,0,1
1222,Personne morale,RSI,C,CDI,CRIC1,Bon,0.0,0.0,0.0,19.259657348522808,,231399762.0,0.0,0.0,0.0,0,1,0,1,0,0,0
1223,Personne morale,RSI,C,CDI,CRIC1,Bon,0.0,0.0,0.0,22.97598784568306,,9513596716.0,0.0,0.0,0.0,0,1,0,0,0,0,0
1224,Personne morale,RSI,C,CDI,CRIC1,Bon,0.0,0.0,0.0,21.55282220131481,,2292301567.0,0.0,0.0,0.0,0,1,0,1,0,0,0
1225,Personne morale,RSI,C,CDI,CRIC1,Bon,0.0,0.0,0.0,18.811785575072992,,147861350.0,0.0,0.0,0.0,0,1,0,0,1,0,1
1226,Personne morale,RSI,C,CDI,CRIC1,Bon,0.0,0.0,0.0,21.382517995809355,,1933345957.0,0.0,0.0,0.0,0,1,0,0,1,0,1
1227,Personne morale,OBNL,C,CIME,CRIC2,Bon,0.0,0.0,0.0,19.55172018968819,,309887593.0,0.0,0.0,0.0,0,1,0,0,0,0,0
1228,Personne morale,OBNL,C,CIME,CRIC2,Bon,0.0,0.0,0.0,18.931965204436686,,166743156.0,0.0,0.0,0.0,0,1,0,0,0,0,0
1229,Personne physique,RSI,C,CDI,CRIEN,Bon,0.0,0.0,0.0,19.963358426413862,,467709729.0,0.0,0.0,0.0,0,1,0,0,1,0,1
1230,Personne morale,RSI,C,CDI,CRIEN,Bon,0.0,0.0,0.0,19.328844227028927,,247976421.0,0.0,0.0,0.0,0,1,0,0,1,0,1
1231,Personne morale,RSI,C,CDI,CRIL1,Bon,0.0,0.0,0.0,20.851107532901647,,1136373095.0,0.0,0.0,0.0,0,1,0,0,0,0,0
1232,Personne morale,RSI,C,CDI,CRIL1,Bon,0.0,0.0,0.0,21.216930834427917,,1638309630.0,0.0,0.0,0.0,0,1,0,0,0,0,0
1233,Personne morale,RSI,C,CDI,CRIL1,Bon,0.0,0.0,0.0,20.357786088517155,,693863690.0,0.0,0.0,0.0,0,1,0,0,0,0,0
1234,Personne morale,RSI,C,CDI,CRIL2,Bon,0.0,0.0,0.0,19.834349965996676,,411101197.0,0.0,0.0,0.0,0,1,0,0,0,0,0
1235,Personne morale,RSI,C,CDI,CRIL2,Bon,0.0,0.0,0.0,21.862814996416244,,3125359008.0,0.0,0.0,0.0,0,1,0,1,0,0,0
1236,Personne morale,RSI,C,CDI,CRIL2,Bon,0.0,0.0,0.0,21.449605985345798,,2067500000.0,0.0,0.0,0.0,0,1,0,0,1,0,1
1237,Personne morale,RSI,C,CDI,CRIL2,Bon,0.0,0.0,0.0,19.55738733918008,,311648758.0,0.0,0.0,0.0,0,1,0,0,1,0,1
1238,Personne morale,RSI,C,CDI,CRIL2,Bon,0.0,0.0,0.0,19.895465507971966,,437009506.0,0.0,0.0,0.0,0,1,0,0,1,0,1
1239,Personne morale,RSI,C,CDI,CRIL2,Bon,0.0,0.0,0.0,21.3405439204822,,1853875074.0,0.0,0.0,0.0,0,1,0,0,1,0,1
1240,Personne morale,RSI,C,CDI,CRILEXT,Bon,0.0,0.0,0.0,22.279564259190202,,4741238659.0,0.0,0.0,0.0,0,1,0,0,0,0,0
1241,Personne morale,RSI,C,CDI,CRILEXT,Bon,0.0,0.0,0.0,18.801886280527675,,146404848.0,0.0,0.0,0.0,0,1,0,1,1,0,1
1242,Personne morale,RSI,C,CDI,CRILEXT,Bon,0.0,0.0,0.0,19.185727953452385,,214909582.0,0.0,0.0,0.0,0,1,0,0,1,0,1
1243,Personne morale,RSI,C,CDI,CRILEXT,Bon,0.0,0.0,0.0,21.075135388458953,,1421723049.0,0.0,0.0,0.0,0,1,0,0,1,0,1
1244,Personne morale,RSI,C,CDI,CRIN,Bon,0.0,0.0,0.0,22.849056100971964,,8379516902.0,0.0,0.0,0.0,0,1,0,0,0,0,0
1245,Personne morale,RSI,C,CDI,CRINO,Bon,0.0,0.0,0.0,18.54965826467384,,113766454.0,0.0,0.0,0.0,0,1,0,0,1,0,1
1246,Personne morale,RSI,C,CDI,CRIO,Bon,0.0,0.0,0.0,19.08294574098791,,193917959.0,0.0,0.0,0.0,0,1,0,1,0,0,0
1247,Personne morale,RSI,C,CDI,CRISO,Bon,0.0,0.0,0.0,20.011181922896018,,490620719.0,0.0,0.0,0.0,0,1,0,0,0,0,0
1248,Personne morale,RSI,C,CDI,CRISO,Bon,0.0,0.0,0.0,21.466811629810223,,2103380458.0,0.0,0.0,0.0,0,1,0,0,1,0,1
1249,Personne morale,RSI,C,CDI,CRIL2,Bon,0.0,0.0,0.0,18.44228122472925,,102183545.0,0.0,0.0,0.0,0,1,0,0,0,0,0
1250,Personne morale,RSI,C,CDI,CRIL2,Bon,0.0,0.0,0.0,24.67256394039176,,51898926369.0,0.0,0.0,0.0,0,1,0,0,1,0,1
1251,Personne morale,RSI,C,DGE,DGE,Bon,0.0,0.0,0.0,19.34430278399231,,251839561.0,0.0,0.0,0.0,0,1,0,0,1,0,1
1252,Personne morale,RSI,C,DGE,DGE,Bon,0.0,0.0,0.0,25.13483061306588,,82398297567.0,0.0,0.0,0.0,0,1,0,0,1,0,1
1253,Personne morale,RSI,C,CDI,CRILEXT,Bon,13.710151153416941,0.0,0.0,19.251849444535097,,255.11088321012977,0.0,0.0,0.0,0,1,0,0,1,1,1
1254,Personne morale,RSI,C,CDI,CRIL1,Bon,14.220976332738882,0.0,0.0,19.285678185649495,,158.33322777784815,0.0,0.0,0.0,0,1,0,1,0,1,0
1255,Personne physique,REEL,C,CIME,CRIC1,Bon,14.252365154045375,0.0,18.056642197976622,0.0,,0.0,69486440.0,44.892782222348565,-0.5163029636553239,1,0,0,0,0,1,1
1256,Personne morale,REEL,C,CIME,CRIC2,Bon,14.56928283092878,0.0,18.298761677952637,0.0,,0.0,88522000.0,41.65739216122722,2125000.0,1,0,0,0,1,1,1
1257,Personne morale,REEL,C,CIME,CRIC1,Bon,14.580978865220017,0.0,18.64991813008209,0.0,,0.0,125764054.0,58.494881630287615,-0.9907164309548713,1,0,0,0,1,1,1
1258,Personne physique,RSI,C,CDI,CRIL1,Bon,14.953343880298434,0.0,0.0,20.641931930033802,,295.47612805252305,0.0,0.0,0.0,0,1,0,1,0,1,0
1259,Personne physique,RSI,C,CDI,CRIL1,Bon,15.269463801202813,0.0,0.0,19.176197070819462,,49.73621127658615,0.0,0.0,0.0,0,1,0,1,0,1,0
1260,Personne morale,RSI,C,CDI,CRINO,Bon,15.424948670398354,0.0,0.0,19.192844079306848,,43.28886334222733,0.0,0.0,0.0,0,1,0,0,1,1,1
1261,Personne physique,RSI,C,CDI,CRIL1,Bon,15.449641278110677,0.0,0.0,19.23086939638934,,43.869885879046656,0.0,0.0,0.0,0,1,0,1,0,1,0
1262,Personne physique,RSI,C,CDI,CRIL1,Bon,15.46522650900143,0.0,0.0,18.946120304068423,,32.48874719263333,0.0,0.0,0.0,0,1,0,0,0,1,0
1263,Personne physique,RSI,C,CDI,CRIL1,Bon,15.485102581542021,0.0,0.0,19.23808040588107,,42.647890838438634,0.0,0.0,0.0,0,1,0,1,0,1,0
1264,Personne physique,RSI,C,CDI,CRIL1,Bon,15.517527834006856,0.0,0.0,19.00765605757581,,32.79015172467608,0.0,0.0,0.0,0,1,0,1,0,1,0
1265,Personne physique,RSI,C,CDI,CRIL1,Bon,15.525698554330328,0.0,0.0,18.843740704144295,,27.606248534132273,0.0,0.0,0.0,0,1,0,1,0,1,0
1266,Personne physique,RSI,C,CDI,CRIL1,Bon,15.52930866590278,0.0,0.0,18.87121368105535,,28.272935626498086,0.0,0.0,0.0,0,1,0,1,0,1,0
1267,Personne morale,RSI,C,CDI,CRIL2,Bon,15.540548146481221,0.0,0.0,18.85970515939952,,27.637042887492225,0.0,0.0,0.0,0,1,0,1,0,1,0
1268,Personne physique,RSI,C,CDI,CRIL1,Bon,15.543055186997762,0.0,0.0,18.817688085778478,,26.433519744097065,0.0,0.0,0.0,0,1,0,1,1,1,1
1269,Personne physique,RSI,C,CDI,CRIL1,Bon,15.554220981849422,0.0,0.0,19.180365061149192,,37.567678810601265,0.0,0.0,0.0,0,1,0,1,0,1,0
1270,Personne morale,RSI,C,CDI,CRIL2,Bon,15.96193306527174,0.0,0.0,19.823248588239057,,47.5278341016303,0.0,0.0,0.0,0,1,0,1,0,1,0
1271,Personne morale,RSI,C,CDI,CRIL2,Bon,15.988169295229703,0.0,0.0,18.525809067655725,,12.649779237293973,0.0,0.0,0.0,0,1,0,0,1,1,1
1272,Personne morale,RSI,C,CDI,CRIL2,Bon,16.139857240587187,0.0,0.0,19.978732065015308,,46.47315445468156,0.0,0.0,0.0,0,1,0,1,0,1,0
1273,Personne morale,RSI,C,CDI,CRIL1,Bon,16.40331338943188,0.0,0.0,20.58308145360563,,65.3506942136681,0.0,0.0,0.0,0,1,0,0,1,1,1
1274,Personne morale,RSI,C,CDI,CRIC2,Bon,16.416346748970835,0.0,0.0,19.596661074253998,,24.054313168511083,0.0,0.0,0.0,0,1,0,0,1,1,1
1275,Personne physique,RSI,C,CDI,CRIL2,Bon,16.4973742661924,0.0,0.0,19.773628777679317,,26.47641955910982,0.0,0.0,0.0,0,1,0,1,1,1,1
1276,Personne physique,REEL,C,CIME,CRIA,Bon,16.52356082573315,0.0,21.238309680102393,0.0,,0.0,1673711880.0,111.58078456128104,2.9193136184903796,1,0,0,0,0,1,1
1277,Personne morale,RSI,C,CDI,CRIL1,Bon,16.725140186960765,0.0,0.0,19.16982161421325,,11.526876810524424,0.0,0.0,0.0,0,1,0,0,0,1,0
1278,Personne morale,RSI,C,CDI,CRIC1,Bon,16.76895398043977,0.0,0.0,18.725177653815734,,7.072568192011864,0.0,0.0,0.0,0,1,0,0,1,1,1
1279,Personne morale,RSI,C,CDI,CRIL1,Bon,16.787092854174755,0.0,0.0,20.020637152656686,,25.369414539502714,0.0,0.0,0.0,0,1,0,0,0,1,0
1280,Personne physique,RSI,C,CDI,CRIC1,Pas bon,16.821927991328394,0.0,0.0,18.502735926777124,,5.369892696205645,0.0,0.0,0.0,0,1,1,1,0,1,0
1281,Personne morale,RSI,C,CDI,CRIL2,Bon,16.972768988380327,0.0,0.0,19.36061015957041,,10.889958948465383,0.0,0.0,0.0,0,1,0,0,1,1,1
1282,Personne morale,RSI,C,CDI,CRIL2,Bon,16.98938905874274,0.0,0.0,19.985424767414493,,20.006069581336,0.0,0.0,0.0,0,1,0,0,1,1,1
1283,Personne physique,REEL,C,CIME,CRIS,Bon,17.12893776573232,0.0,17.890896027015227,0.0,,0.0,58873169.0,2.1424675902350807,0.0,1,0,0,0,0,1,1
1284,Personne morale,RSI,C,CDI,CRIL1,Bon,17.377509907655757,0.0,18.8839137101516,0.0,,0.0,158920352.0,4.5104809841727365,35233570.0,1,0,0,1,0,1,1
1285,Personne morale,RSI,C,CDI,CRIL2,Bon,17.399029524198163,0.0,0.0,19.802478962554954,,11.06126577607595,0.0,0.0,0.0,0,1,0,0,0,1,0
1286,Personne morale,REEL,C,CIME,CRILEXT,Bon,17.42070947259431,0.0,19.41805393446394,0.0,,0.0,271115078.0,7.369460181862508,2.6788997321100267,1,0,0,0,0,1,1
1287,Personne morale,RSI,C,CDI,CRIL2,Bon,17.446811771888218,0.0,0.0,21.24599548186922,,44.66471022488501,0.0,0.0,0.0,0,1,0,0,0,1,0
1288,Personne morale,RSI,C,CDI,CRIE,Bon,17.469885157762427,0.0,0.0,18.97245362799253,,4.493214925022279,0.0,0.0,0.0,0,1,0,0,0,1,0
1289,Personne morale,RSI,C,CDI,CRIL1,Bon,17.47080202330551,0.0,0.0,19.259141164664655,,5.979513062881771,0.0,0.0,0.0,0,1,0,0,0,1,0
1290,Personne physique,RSI,C,CDI,CRIL2,Pas bon,17.487652162549132,0.0,0.0,18.918421134248728,,4.18191370370666,0.0,0.0,0.0,0,1,1,1,1,1,1
1291,Personne physique,REEL,C,CIME,CRIEN,Bon,17.504390487078098,0.0,22.440040176379156,0.0,,0.0,5566543692.0,139.16352619732507,40000018.0,1,0,0,0,0,1,1
1292,Personne morale,RSI,C,CDI,CRIC1,Bon,17.52561811799485,0.0,0.0,18.680944064520453,,3.175058123582093,0.0,0.0,0.0,0,1,0,0,0,1,0
1293,Personne morale,RSI,C,CDI,CRIC2,Bon,17.528645675561688,0.0,0.0,18.66043715044843,,3.10120723714206,0.0,0.0,0.0,0,1,0,0,1,1,1
1294,Personne morale,RSI,C,CDI,CRIL2,Bon,17.529082649058825,0.0,0.0,18.633396465949158,,3.0171534142157705,0.0,0.0,0.0,0,1,0,0,1,1,1
1295,Personne morale,RSI,C,CDI,CRISO,Bon,17.596513323753832,0.0,0.0,19.240219965003508,,5.1743133111191675,0.0,0.0,0.0,0,1,0,0,1,1,1
1296,Personne morale,RSI,C,CDI,CRIL2,Bon,17.599700214609808,0.0,0.0,19.063428972186912,,4.322045356317151,0.0,0.0,0.0,0,1,0,1,0,1,0
1297,Personne physique,RSI,C,CDI,CRIC2,Pas bon,17.60659344689671,0.0,0.0,18.560895331694237,,2.596857022011224,0.0,0.0,0.0,0,1,1,1,1,1,1
1298,Personne morale,RSI,C,CDI,CRIL2,Bon,17.64555316794723,0.0,0.0,19.269978891003056,,5.075503433761281,0.0,0.0,0.0,0,1,0,0,1,1,1
1299,Personne physique,REEL,C,CIME,CRIL1,Pas bon,17.72753358339242,0.0,0.0,18.538463788497637,,2.2499999550000007,0.0,0.0,0.0,0,1,1,1,0,1,0
1300,Personne morale,REEL,C,CIME,CRIL1,Bon,17.729697240953005,0.0,0.0,20.671044860816234,,18.941354846575223,0.0,0.0,0.0,0,1,0,0,0,1,0
1301,Personne morale,REEL,C,CIME,CRIL2,Bon,17.747070586791555,0.0,19.665791779510457,0.0,,0.0,347332043.0,6.812241333267015,50986455.0,1,0,0,0,0,1,1
1302,Personne morale,REEL,C,CIME,CRIL1,Bon,17.75026417446719,0.0,0.0,19.11247922041969,,3.904833094706256,0.0,0.0,0.0,0,1,0,0,0,1,0
1303,Personne morale,REEL,C,CIME,CRIL2,Bon,17.77166925514857,0.0,0.0,19.298311363587178,,4.602695473043126,0.0,0.0,0.0,0,1,0,1,0,1,0
1304,Personne morale,REEL,C,CIME,CRIL2,Bon,17.779896556448293,0.0,0.0,19.357757490027495,,4.844581818572455,0.0,0.0,0.0,0,1,0,0,0,1,0
1305,Personne physique,REEL,C,CIME,CRIL2,Pas bon,17.791988281018575,0.0,0.0,20.59132507573958,,16.43374419151325,0.0,0.0,0.0,0,1,1,1,1,1,1
1306,Personne morale,REEL,C,CIME,CRINO,Bon,17.801712980136774,0.0,0.0,18.977841910339148,,3.2418006268932102,0.0,0.0,0.0,0,1,0,0,0,1,0
1307,Personne morale,HRI,C,CDI,CRIS,Bon,17.806803714259242,0.0,0.0,18.578641035129476,,2.1637380665689223,0.0,0.0,0.0,0,1,0,1,0,1,0
1308,Personne morale,REEL,C,CIME,CRIL1,Bon,17.839074956014414,0.0,0.0,22.41684269685832,,97.29695956534957,0.0,0.0,0.0,0,1,0,0,0,1,0
1309,Personne morale,REEL,C,CIME,CRIL2,Bon,17.850547356972594,0.0,0.0,19.764850181379146,,6.782208740256278,0.0,0.0,0.0,0,1,0,0,0,1,0
1310,Personne morale,REEL,C,CIME,CRIL1,Bon,17.865619597870296,0.0,18.430562844755144,0.0,,0.0,100993108.0,1.7593479139921882,0.0,1,0,0,0,0,1,1
1311,Personne physique,REEL,C,CIME,CRISO,Bon,17.878877238694656,0.0,17.88487197414525,0.0,,0.0,58519580.0,1.0060127226453044,0.10420022391206948,1,0,0,0,1,1,1
1312,Personne morale,REEL,C,CIME,CRIL1,Bon,17.905209479220684,0.0,19.310124470497787,0.0,,0.0,243377542.0,4.075180283925289,0.0,1,0,0,0,0,1,1
1313,Personne morale,REEL,C,CIME,CRIC1,Bon,17.94135107406377,0.0,0.0,19.50639167349676,,4.782869097577655,0.0,0.0,0.0,0,1,0,0,0,1,0
1314,Personne morale,REEL,C,CIME,CRIC1,Bon,17.948184426539257,0.0,0.0,19.176637273367835,,3.41594044668101,0.0,0.0,0.0,0,1,0,1,0,1,0
1315,Personne morale,REEL,C,CIME,CRIL2,Bon,17.99315407437628,0.0,0.0,18.497641794347754,,1.6561368819214732,0.0,0.0,0.0,0,1,0,0,0,1,0
1316,Personne morale,REEL,C,CIME,CRIL1,Bon,17.99492709831276,0.0,0.0,20.29644617064003,,9.989345458006605,0.0,0.0,0.0,0,1,0,1,0,1,0
1317,Personne morale,REEL,C,CIME,CRINO,Bon,18.007819365749295,0.0,0.0,19.015978832897332,,2.740552278632962,0.0,0.0,0.0,0,1,0,0,1,1,1
1318,Personne morale,REEL,C,CIME,CRIL2,Bon,18.014965619592743,0.0,0.0,19.596254076843024,,4.861215230889494,0.0,0.0,0.0,0,1,0,0,0,1,0
1319,Personne morale,REEL,C,CIME,CRIC1,Bon,18.036979588483742,0.0,0.0,20.11581663574691,,7.995165491349109,0.0,0.0,0.0,0,1,0,0,1,1,1
1320,Personne morale,REEL,C,CIME,CRIC1,Bon,18.041065456659563,0.0,0.0,18.656210658562102,,1.8499251780980526,0.0,0.0,0.0,0,1,0,0,0,1,0
1321,Personne morale,REEL,C,CIME,CRIC1,Bon,18.101196321854324,0.0,0.0,18.509373769511438,,1.5040740181405277,0.0,0.0,0.0,0,1,0,0,0,1,0
1322,Personne morale,REEL,C,CIME,CRIL1,Bon,18.110207596840475,0.0,0.0,18.498024674739856,,1.4737601626823058,0.0,0.0,0.0,0,1,0,0,0,1,0
1323,Personne morale,REEL,C,CIME,CRIL2,Bon,18.17093652367795,0.0,18.065433366270153,0.0,,0.0,70100000.0,0.8998716187436249,77900000.0,1,0,0,0,1,1,1
1324,Personne morale,REEL,C,CIME,CRIL2,Bon,18.1949355487958,0.0,0.0,18.444329612030895,,1.2832476016215082,0.0,0.0,0.0,0,1,0,0,1,1,1
1325,Personne morale,REEL,C,CIME,CRIL1,Bon,18.198661572785817,0.0,0.0,20.277033023469308,,7.991443838288877,0.0,0.0,0.0,0,1,0,0,0,1,0
1326,Personne morale,REEL,C,CIME,CRIL2,Bon,18.211809864247734,0.0,0.0,19.878103647057273,,5.292516176309104,0.0,0.0,0.0,0,1,0,0,1,1,1
1327,Personne morale,REEL,C,CIME,CRIL2,Bon,18.229472368096044,0.0,0.0,18.948304993398676,,2.0520363044981598,0.0,0.0,0.0,0,1,0,0,1,1,1
1328,Personne physique,REEL,C,CIME,CRIL1,Bon,18.23502265110749,0.0,0.0,18.655784185799487,,1.5231210115345173,0.0,0.0,0.0,0,1,0,0,0,1,0
1329,Personne morale,REEL,C,CIME,CRIL2,Bon,18.235254384242246,0.0,0.0,18.430762709705636,,1.2159289050143978,0.0,0.0,0.0,0,1,0,0,0,1,0
1330,Personne morale,REEL,C,CIME,CRINO,Bon,18.23631795325728,0.0,0.0,18.515426064253596,,1.321950241478812,0.0,0.0,0.0,0,1,0,0,0,1,0
1331,Personne morale,REEL,C,CIME,CRIL2,Bon,18.247601259334814,0.0,0.0,20.087920485634765,,6.298548590608476,0.0,0.0,0.0,0,1,0,0,0,1,0
1332,Personne morale,REEL,C,CIME,CRISO,Bon,18.25223300314692,0.0,0.0,21.273620256211135,,20.519738006106735,0.0,0.0,0.0,0,1,0,0,1,1,1
1333,Personne morale,REEL,C,CIME,CRIL2,Bon,18.260512003536633,0.0,0.0,21.749472957072616,,32.75189926347536,0.0,0.0,0.0,0,1,0,0,0,1,0
1334,Personne morale,REEL,C,CIME,CRIL1,Bon,18.287676652280258,0.0,0.0,21.296984688659624,,20.273366626934862,0.0,0.0,0.0,0,1,0,0,1,1,1
1335,Personne morale,REEL,C,CIME,CRIL2,Bon,18.33389117145321,0.0,0.0,23.195419082277756,,129.2214902524732,0.0,0.0,0.0,0,1,0,0,0,1,0
1336,Personne morale,REEL,C,CIME,CRIL2,Bon,18.352425960725533,0.0,0.0,18.916647720745633,,1.75807903208153,0.0,0.0,0.0,0,1,0,0,1,1,1
1337,Personne morale,REEL,C,CIME,CRIL2,Bon,18.35614223348146,0.0,0.0,19.017687478632478,,1.9377843633303,0.0,0.0,0.0,0,1,0,1,0,1,0
1338,Personne morale,REEL,C,CIME,CRIL2,Bon,18.37483969586207,0.0,0.0,19.897979711000016,,4.586604604983923,0.0,0.0,0.0,0,1,0,0,0,1,0
1339,Personne morale,REEL,C,CIME,CRIL2,Bon,18.425835863461227,0.0,0.0,18.586649350466462,,1.174465885284519,0.0,0.0,0.0,0,1,0,0,0,1,0
1340,Personne morale,REEL,C,CIME,CRIL2,Bon,18.47579713149728,0.0,0.0,20.398191069311267,,6.837306971086228,0.0,0.0,0.0,0,1,0,0,0,1,0
1341,Personne morale,REEL,C,CIME,CRIC2,Bon,18.485291396863378,0.0,0.0,18.739869739243392,,1.289917593225611,0.0,0.0,0.0,0,1,0,0,1,1,1
1342,Personne morale,REEL,C,CIME,CRILEXT,Bon,18.50642991719789,0.0,0.0,19.30683763808375,,2.226448503841109,0.0,0.0,0.0,0,1,0,0,0,1,0
1343,Personne morale,REEL,C,CIME,CRIL1,Bon,18.55561302487451,0.0,18.323939233282573,0.0,,0.0,90779062.0,0.7932048224555442,0.4529109901094564,1,0,0,0,0,1,1
1344,Personne morale,REEL,C,CIME,CRICEXT,Bon,18.58320454543827,0.0,0.0,19.14413483520045,,1.7523018822852294,0.0,0.0,0.0,0,1,0,0,1,1,1
1345,Personne morale,REEL,C,CIME,CRIC2,Bon,18.588893986532334,0.0,0.0,20.922869757970627,,10.318885609211561,0.0,0.0,0.0,0,1,0,0,0,1,0
1346,Personne morale,REEL,C,CIME,CRILEXT,Bon,18.642852919633988,0.0,20.344889785223017,0.0,,0.0,684972866.0,5.485108441726506,0.3791124861500554,1,0,0,0,0,1,1
1347,Personne morale,REEL,C,CIME,CRIL1,Bon,18.671274086758064,0.0,0.0,19.160332745940863,,1.6307803692767842,0.0,0.0,0.0,0,1,0,1,0,1,0
1348,Personne morale,REEL,C,CIME,CRIL2,Bon,18.671458613867127,0.0,0.0,19.942170279094587,,3.5633875914641044,0.0,0.0,0.0,0,1,0,0,0,1,0
1349,Personne morale,REEL,C,CIME,CRIC1,Bon,18.693688176129207,0.0,0.0,19.12186215348746,,1.5344530102179526,0.0,0.0,0.0,0,1,0,0,1,1,1
1350,Personne morale,REEL,C,CIME,CRIEN,Bon,18.699333761895574,0.0,0.0,19.75633364819247,,2.8777245172164156,0.0,0.0,0.0,0,1,0,0,1,1,1
1351,Personne morale,REEL,C,CIME,CRINO,Bon,18.71411186640145,0.0,0.0,20.34362141125999,,5.101372103241261,0.0,0.0,0.0,0,1,0,1,0,1,0
1352,Personne morale,OBNL,C,CIME,CRIL1,Bon,18.7159972175612,0.0,0.0,19.01480507778139,,1.348250538578168,0.0,0.0,0.0,0,1,0,0,0,1,0
1353,Personne morale,REEL,C,CIME,CRIL1,Bon,18.741168775387273,0.0,0.0,19.677422589066282,,2.5504091845666337,0.0,0.0,0.0,0,1,0,0,1,1,1
1354,Personne morale,REEL,C,CIME,CRIC1,Bon,18.742764250367856,0.0,0.0,19.281630924437653,,1.7140631614922959,0.0,0.0,0.0,0,1,0,0,0,1,0
1355,Personne morale,REEL,C,CIME,CRIL2,Bon,18.77555138010636,0.0,0.0,20.309606392279264,,4.636941598517757,0.0,0.0,0.0,0,1,0,0,0,1,0
1356,Personne morale,REEL,C,CIME,CRINO,Bon,18.788479685173833,0.0,0.0,19.113645977961042,,1.3842608125094489,0.0,0.0,0.0,0,1,0,0,1,1,1
1357,Personne morale,REEL,C,CIME,CRIL1,Bon,18.8155496500775,0.0,0.0,18.47688178910557,,0.7127191248832419,0.0,0.0,0.0,0,1,0,0,1,1,1
1358,Personne morale,REEL,C,CIME,CRIC1,Bon,18.825848934651585,0.0,0.0,19.213060863861305,,1.4728685954094811,0.0,0.0,0.0,0,1,0,0,0,1,0
1359,Personne morale,REEL,C,CIME,CRIL1,Bon,18.829341161617247,0.0,0.0,20.706424358039712,,6.534417419801319,0.0,0.0,0.0,0,1,0,0,0,1,0
1360,Personne morale,RSI,C,CDI,CRIC2,Bon,18.845948485892656,0.0,18.845948485892656,0.0,,0.0,153000000.0,0.9999999934640523,0.0,1,0,0,0,0,1,1
1361,Personne morale,REEL,C,CIME,CRIC2,Bon,18.865360251091314,0.0,0.0,21.0777059585289,,9.137124288893748,0.0,0.0,0.0,0,1,0,0,0,1,0
1362,Personne morale,REEL,C,CIME,CRIA,Bon,18.89019344646329,0.0,0.0,18.805670127885463,,0.9189502202615433,0.0,0.0,0.0,0,1,0,0,0,1,0
1363,Personne morale,REEL,C,CIME,CRIC2,Bon,18.92187902723818,0.0,0.0,18.655618200938417,,0.7662392400296532,0.0,0.0,0.0,0,1,0,0,0,1,0
1364,Personne morale,REEL,C,CIME,CRIC1,Bon,18.92958172277694,0.0,0.0,19.949500232853687,,2.7729687797318556,0.0,0.0,0.0,0,1,0,0,0,1,0
1365,Personne morale,REEL,C,CIME,CRIL2,Bon,18.93587028795239,0.0,0.0,18.457226353357918,,0.6196230657852033,0.0,0.0,0.0,0,1,0,0,1,1,1
1366,Personne morale,REEL,C,CIME,CRIL2,Bon,18.947857167837423,0.0,0.0,18.705779607791868,,0.7849952850174585,0.0,0.0,0.0,0,1,0,0,0,1,0
1367,Personne morale,REEL,C,CIME,CRIL2,Bon,18.951307618543,0.0,19.30427098328013,0.0,,0.0,241957096.0,1.4232789943957922,1.136956310584602,1,0,0,0,0,1,1
1368,Personne morale,REEL,C,CIME,CRIC1,Bon,18.978070026491782,0.0,18.672718418405474,0.0,,0.0,128664450.0,0.7368642356848556,-0.3380563931305556,1,0,0,0,0,1,1
1369,Personne morale,REEL,C,CIME,CRIL2,Bon,18.981582852793636,0.0,0.0,18.86367173235976,,0.8887750373375125,0.0,0.0,0.0,0,1,0,0,0,1,0
1370,Personne morale,REEL,C,CIME,CRIL2,Bon,18.98321143371634,0.0,0.0,18.815865503224085,,0.8459069300170681,0.0,0.0,0.0,0,1,0,0,1,1,1
1371,Personne morale,REEL,C,CIME,CRILEXT,Bon,19.007527723043587,0.0,0.0,19.12711933111708,,1.127036479418647,0.0,0.0,0.0,0,1,0,0,0,1,0
1372,Personne morale,REEL,C,CIME,CRIL2,Bon,19.019621679148077,0.0,0.0,21.838714157240688,,16.761632213708143,0.0,0.0,0.0,0,1,0,0,0,1,0
1373,Personne morale,REEL,C,CIME,CRIL2,Bon,19.026858239380836,0.0,0.0,22.804133412481473,,43.696813113415445,0.0,0.0,0.0,0,1,0,0,0,1,0
1374,Personne physique,REEL,C,CIME,CRIE,Bon,19.031636623180347,0.0,18.181808937055283,0.0,,0.0,78751582.0,0.42748858238932136,0.24333845033389953,1,0,0,0,1,1,1
1375,Personne morale,REEL,C,CIME,CRIC2,Bon,19.031861080625408,0.0,0.0,19.404630128038654,,1.4517490104946584,0.0,0.0,0.0,0,1,0,0,1,1,1
1376,Personne morale,REEL,C,CIME,CRIL2,Bon,19.03800419898753,0.0,0.0,19.46806965508693,,1.5373581443289484,0.0,0.0,0.0,0,1,0,0,0,1,0
1377,Personne morale,REEL,C,CIME,CRIL2,Bon,19.041122819418746,0.0,0.0,20.238760213052615,,3.312282046983293,0.0,0.0,0.0,0,1,0,0,0,1,0
1378,Personne morale,REEL,C,CIME,CRIL2,Bon,19.060764648842184,0.0,0.0,18.79627574937003,,0.7675981642926535,0.0,0.0,0.0,0,1,0,0,1,1,1
1379,Personne morale,REEL,C,CIME,CRIL1,Bon,19.061247533750425,0.0,0.0,18.593649768509284,,0.62650546999114,0.0,0.0,0.0,0,1,0,0,0,1,0
1380,Personne morale,REEL,C,CIME,CRINO,Bon,19.06253463538792,0.0,0.0,19.06318972602889,,1.000655299996551,0.0,0.0,0.0,0,1,0,0,0,1,0
1381,Personne morale,REEL,C,CIME,CRISO,Bon,19.070047009827253,0.0,18.784545784086284,0.0,,0.0,143888000.0,0.751637414641228,0.13285700638465278,1,0,0,0,0,1,1
1382,Personne morale,REEL,C,CIME,CRIS,Bon,19.10281642992401,0.0,0.0,18.455162476623833,,0.5232719532545665,0.0,0.0,0.0,0,1,0,0,0,1,0
1383,Personne morale,REEL,C,CIME,CRIL2,Bon,19.116280394747236,0.0,0.0,19.838880394875748,,2.059781682274808,0.0,0.0,0.0,0,1,0,0,0,1,0
1384,Personne morale,REEL,C,CIME,CRIC2,Bon,19.145006734221223,0.0,0.0,18.55133320768512,,0.5522946795891973,0.0,0.0,0.0,0,1,0,0,1,1,1
1385,Personne morale,REEL,C,CIME,CRIL2,Bon,19.155541815574573,0.0,0.0,19.241231414836516,,1.0894680993160017,0.0,0.0,0.0,0,1,0,0,0,1,0
1386,Personne morale,REEL,C,CIME,CRICEXT,Bon,19.167490025311317,0.0,17.84522185678312,0.0,,0.0,56244670.0,0.26653007597376704,-0.4917332311181133,1,0,0,0,0,1,1
1387,Personne morale,REEL,C,CIME,CRIE,Bon,19.16761424896635,0.0,0.0,22.01705714511712,,17.27815342828199,0.0,0.0,0.0,0,1,0,1,0,1,0
1388,Personne morale,REEL,C,CIME,CRINO,Bon,19.170179306678673,0.0,0.0,19.135199398955365,,0.9656248129376374,0.0,0.0,0.0,0,1,0,0,0,1,0
1389,Personne morale,REEL,C,CIME,CRIL2,Bon,19.176893850976878,0.0,0.0,19.187231655174767,,1.0103914192120267,0.0,0.0,0.0,0,1,0,0,1,1,1
1390,Personne physique,REEL,C,CIME,CRILEXT,Pas bon,19.19118727057376,0.0,0.0,21.1530935227016,,7.112873074810368,0.0,0.0,0.0,0,1,1,1,0,1,0
1391,Personne morale,REEL,C,CIME,CRIL1,Bon,19.202969874385442,0.0,0.0,19.183039035516618,,0.9802664627265281,0.0,0.0,0.0,0,1,0,0,0,1,0
1392,Personne morale,REEL,C,CIME,CRIL2,Bon,19.203613060240606,0.0,0.0,20.103214760488623,,2.458623642350291,0.0,0.0,0.0,0,1,0,0,0,1,0
1393,Personne morale,REEL,C,CIME,CRILEXT,Bon,19.215266659029705,0.0,0.0,18.98904258484832,,0.7975393691422993,0.0,0.0,0.0,0,1,0,0,0,1,0
1394,Personne morale,REEL,C,CIME,CRIC1,Bon,19.218622192382114,0.0,0.0,18.895677051511868,,0.7240135675304094,0.0,0.0,0.0,0,1,0,0,0,1,0
1395,Personne morale,REEL,C,CIME,CRIL2,Bon,19.219180447138193,0.0,0.0,19.320690053883855,,1.106840546976492,0.0,0.0,0.0,0,1,0,0,1,1,1
1396,Personne morale,REEL,C,CIME,CRIL2,Bon,19.224031199558958,0.0,0.0,19.99082803870992,,2.1528592386381646,0.0,0.0,0.0,0,1,0,0,0,1,0
1397,Personne morale,REEL,C,CIME,CRIL1,Bon,19.23378966506661,0.0,0.0,20.27017165614115,,2.8189993724043916,0.0,0.0,0.0,0,1,0,0,0,1,0
1398,Personne morale,REEL,C,CIME,CRINO,Bon,19.246716797014983,0.0,0.0,19.158114156427178,,0.9152091639301183,0.0,0.0,0.0,0,1,0,0,0,1,0
1399,Personne physique,REEL,C,CIME,CRIL2,Pas bon,19.246751761987575,0.0,0.0,19.76050182572616,,1.6715478628201585,0.0,0.0,0.0,0,1,1,1,0,1,0
1400,Personne morale,REEL,C,CIME,CRIL1,Bon,19.300130778746723,0.0,0.0,18.753228496994748,,0.5787398052110585,0.0,0.0,0.0,0,1,0,0,0,1,0
1401,Personne morale,REEL,C,CIME,CRIL2,Bon,19.381928011499713,0.0,19.187015461409725,0.0,,0.0,215186458.0,0.8229066141950634,0.6457486023394241,1,0,0,0,0,1,1
1402,Personne morale,REEL,C,CIME,CRIL2,Bon,19.401965305795294,0.0,0.0,19.27320394699798,,0.879183746232169,0.0,0.0,0.0,0,1,0,0,0,1,0
1403,Personne physique,REEL,C,CIME,CRIO,Pas bon,19.416687241444944,0.0,0.0,19.839982236540077,,1.5269846788304533,0.0,0.0,0.0,0,1,1,1,0,1,0
1404,Personne morale,REEL,C,CIME,CRINO,Bon,19.434929423561154,0.0,0.0,19.95573200817541,,1.6833781574618778,0.0,0.0,0.0,0,1,0,0,0,1,0
1405,Personne morale,REEL,C,CIME,CRIL2,Bon,19.435543515431775,0.0,0.0,19.153089540675207,,0.7539313374097797,0.0,0.0,0.0,0,1,0,0,0,1,0
1406,Personne morale,REEL,C,CIME,CRIL1,Bon,19.4415282609795,0.0,17.91695346720506,0.0,,0.0,60427415.0,0.21771360676629944,-0.14007924238803382,1,0,0,0,1,1,1
1407,Personne morale,REEL,C,CIME,CRIL2,Bon,19.464608214565448,0.0,0.0,20.475842141652457,,2.7489909740119294,0.0,0.0,0.0,0,1,0,0,1,1,1
1408,Personne morale,REEL,C,CIME,CRICEXT,Bon,19.471309696377837,0.0,0.0,20.2954205418173,,2.2798527188984568,0.0,0.0,0.0,0,1,0,0,0,1,0
1409,Personne morale,REEL,C,CIME,CRILEXT,Bon,19.49568317039431,0.0,20.716778315412604,0.0,,0.0,993533476.0,3.3908992239218456,293000000.0,1,0,0,0,0,1,1
1410,Personne morale,REEL,C,CIME,CRIC1,Bon,19.497955692054116,0.0,0.0,18.917227309468664,,0.5594906914288692,0.0,0.0,0.0,0,1,0,0,0,1,0
1411,Personne morale,REEL,C,CIME,CRIC2,Bon,19.510334296041833,0.0,0.0,19.790986726920384,,1.3239933413869838,0.0,0.0,0.0,0,1,0,0,0,1,0
1412,Personne morale,REEL,C,CIME,CRIL2,Bon,19.535166385057604,0.0,19.620645529892812,0.0,,0.0,332000000.0,1.0892388415707388,-0.10962754619098476,1,0,0,0,0,1,1
1413,Personne morale,REEL,C,CIME,CRIA,Bon,19.535494969518183,0.0,0.0,18.59882693770404,,0.391931562386469,0.0,0.0,0.0,0,1,0,0,0,1,0
1414,Personne morale,REEL,C,CIME,CRILEXT,Bon,19.569959612997152,0.0,0.0,18.635756397124677,,0.39289879320181964,0.0,0.0,0.0,0,1,0,0,1,1,1
1415,Personne morale,REEL,C,CIME,CRIC1,Bon,19.596254076843024,0.0,0.0,20.303552233943005,,2.0285031480601754,0.0,0.0,0.0,0,1,0,0,0,1,0
1416,Personne morale,REEL,C,CIME,CRIL2,Bon,19.600341080923574,0.0,0.0,19.28946618944797,,0.7328055472818263,0.0,0.0,0.0,0,1,0,0,0,1,0
1417,Personne morale,REEL,C,CIME,CRIC1,Bon,19.6151115165497,0.0,0.0,19.134779993887935,,0.618578282060912,0.0,0.0,0.0,0,1,0,0,1,1,1
1418,Personne morale,REEL,C,CIME,CRIL2,Bon,19.6293977795948,0.0,0.0,19.30960103956453,,0.7262966461204841,0.0,0.0,0.0,0,1,0,0,1,1,1
1419,Personne morale,REEL,C,CIME,CRIC1,Bon,19.630337187755433,0.0,0.0,19.052445920329248,,0.5610802852463864,0.0,0.0,0.0,0,1,0,1,0,1,0
1420,Personne morale,REEL,C,CIME,CRIC2,Bon,19.63584888893354,0.0,0.0,19.010826440815947,,0.5352494100757604,0.0,0.0,0.0,0,1,0,0,0,1,0
1421,Personne morale,REEL,C,CIME,CRICEXT,Bon,19.640165232632313,0.0,0.0,18.68448911135495,,0.38455204985712277,0.0,0.0,0.0,0,1,0,0,0,1,0
1422,Personne morale,REEL,C,CIME,CRIL2,Bon,19.646076852743942,0.0,0.0,19.258835640249554,,0.6789273064876474,0.0,0.0,0.0,0,1,0,0,0,1,0
1423,Personne morale,REEL,C,CIME,CRIC1,Bon,19.650330856384677,0.0,0.0,19.948155269555716,,1.3469252618549525,0.0,0.0,0.0,0,1,0,0,1,1,1
1424,Personne morale,REEL,C,CIME,CRIL1,Bon,19.672954532818885,0.0,0.0,21.083158420027704,,4.096790599267621,0.0,0.0,0.0,0,1,0,0,1,1,1
1425,Personne morale,REEL,C,CIME,CRIL2,Bon,19.678269230883494,0.0,0.0,18.80992095066366,,0.41964410876709685,0.0,0.0,0.0,0,1,0,0,0,1,0
1426,Personne morale,REEL,C,CIME,CRIC1,Bon,19.684264360363272,0.0,0.0,18.83845247398514,,0.42920874515168606,0.0,0.0,0.0,0,1,0,0,1,1,1
1427,Personne physique,REEL,C,CIME,CRIN,Bon,19.68993954779679,0.0,19.519293035953808,0.0,,0.0,300000000.0,0.843119550769041,-0.6231835018541173,1,0,0,0,0,1,1
1428,Personne physique,REEL,C,CIME,CRIC1,Pas bon,19.694156292558027,0.0,0.0,21.755727422765666,,7.858306536463146,0.0,0.0,0.0,0,1,1,2,0,1,0
1429,Personne morale,REEL,C,CIME,CRIL1,Bon,19.70620602152817,0.0,0.0,18.880195090011213,,0.4377921879929917,0.0,0.0,0.0,0,1,0,0,0,1,0
1430,Personne morale,REEL,C,CIME,CRIL2,Bon,19.707229471419698,0.0,19.702348767062276,0.0,,0.0,360264400.0,0.9951311841640516,-0.029040219296717223,1,0,0,0,0,1,1
1431,Personne morale,REEL,C,CIME,CRISO,Bon,19.72906271915115,0.0,0.0,18.435243323007423,,0.27422141746178164,0.0,0.0,0.0,0,1,0,0,1,1,1
1432,Personne morale,REEL,C,CIME,CRICEXT,Bon,19.742290485262792,0.0,19.06631633886289,0.0,,0.0,190719884.0,0.5086606665527887,0.16265461158562844,1,0,0,0,0,1,1
1433,Personne morale,REEL,C,CIME,CRIL2,Bon,19.745657335740827,0.0,0.0,18.905725535631873,,0.4317399643856632,0.0,0.0,0.0,0,1,0,0,0,1,0
1434,Personne morale,REEL,C,CIME,CRILEXT,Bon,19.763762304330236,0.0,0.0,21.50033080795441,,5.677826512005712,0.0,0.0,0.0,0,1,0,0,0,1,0
1435,Personne morale,REEL,C,CIME,CRIL1,Bon,19.774389535388174,0.0,0.0,19.495985527409164,,0.7569909267687586,0.0,0.0,0.0,0,1,0,0,0,1,0
1436,Personne morale,REEL,C,CIME,CRISO,Bon,19.776680270675488,0.0,0.0,20.155680946141377,,1.4608240199029963,0.0,0.0,0.0,0,1,0,0,1,1,1
1437,Personne morale,REEL,C,CIME,CRIL2,Bon,19.77875406370449,0.0,0.0,20.005853563846372,,1.2549547273304091,0.0,0.0,0.0,0,1,0,0,0,1,0
1438,Personne morale,REEL,C,CIME,CRIL2,Bon,19.797869237209827,0.0,18.842553303965374,0.0,,0.0,152481418.0,0.38469058628353764,-0.43467899837386603,1,0,0,0,1,1,1
1439,Personne morale,REEL,C,CIME,CRIC1,Bon,19.80780865257499,0.0,0.0,19.759228715605435,,0.9525811873108074,0.0,0.0,0.0,0,1,0,0,0,1,0
1440,Personne physique,REEL,C,CIME,CRIL1,Pas bon,19.81469523056817,0.0,0.0,20.5954687295517,,2.1831602823538567,0.0,0.0,0.0,0,1,1,1,0,1,0
1441,Personne morale,REEL,C,CIME,CRIL2,Bon,19.83456274497539,0.0,0.0,18.941475361763704,,0.4093898538029066,0.0,0.0,0.0,0,1,0,0,0,1,0
1442,Personne morale,REEL,C,CIME,CRIL1,Bon,19.843049694074516,0.0,0.0,20.91727513356601,,2.9277243200202507,0.0,0.0,0.0,0,1,0,0,1,1,1
1443,Personne morale,REEL,C,CIME,CRIL2,Bon,19.858091867754002,0.0,0.0,18.637847043033414,,0.2951578937526684,0.0,0.0,0.0,0,1,0,0,1,1,1
1444,Personne morale,REEL,C,CIME,CRIL2,Bon,19.858804607674482,0.0,0.0,19.10991452213223,,0.47289112789776977,0.0,0.0,0.0,0,1,0,0,0,1,0
1445,Personne morale,REEL,C,CIME,CRIO,Bon,19.87995824483916,0.0,0.0,19.314178498286434,,0.5679171403062752,0.0,0.0,0.0,0,1,0,0,0,1,0
1446,Personne morale,REEL,C,CIME,CRIL1,Bon,19.88276671036995,0.0,0.0,19.172548744659608,,0.4915370452446321,0.0,0.0,0.0,0,1,0,0,0,1,0
1447,Personne morale,REEL,C,CIME,CRIL2,Bon,19.911112627178248,0.0,0.0,19.525053618539257,,0.6797304122774845,0.0,0.0,0.0,0,1,0,0,1,1,1
1448,Personne morale,REEL,C,CIME,CRIO,Bon,19.91266494524681,0.0,0.0,20.078420310778235,,1.1802843259240825,0.0,0.0,0.0,0,1,0,0,0,1,0
1449,Personne morale,REEL,C,CIME,CRICEXT,Bon,19.921181710697986,0.0,20.46849460322071,0.0,,0.0,775093792.0,1.728601830408859,-0.3330803637455781,1,0,0,0,1,1,1
1450,Personne morale,REEL,C,CIME,CRIC1,Bon,19.946381612548784,0.0,0.0,20.512787204644805,,1.7619225853194451,0.0,0.0,0.0,0,1,0,0,0,1,0
1451,Personne morale,REEL,C,CIME,CRIL1,Bon,19.952714200796677,0.0,0.0,19.884379598794677,,0.933947918284774,0.0,0.0,0.0,0,1,0,0,0,1,0
1452,Personne morale,REEL,C,CIME,CRIL1,Bon,19.955999110935004,0.0,0.0,19.451347319814303,,0.6037157558648386,0.0,0.0,0.0,0,1,0,0,0,1,0
1453,Personne morale,REEL,C,CIME,CRIC2,Bon,19.958836167868647,0.0,0.0,20.87168584292675,,2.4914121399395874,0.0,0.0,0.0,0,1,0,0,1,1,1
1454,Personne morale,REEL,C,CIME,CRIL2,Bon,19.985539615079674,0.0,19.957977980758397,0.0,,0.0,465200000.0,0.972814719839367,0.2537196034509547,1,0,0,0,1,1,1
1455,Personne morale,REEL,C,CIME,CRIL2,Bon,20.000047004720134,0.0,0.0,19.48855989071194,,0.5996032350354847,0.0,0.0,0.0,0,1,0,0,0,1,0
1456,Personne morale,REEL,C,CIME,CRIL2,Bon,20.019207960630514,0.0,0.0,19.486516764816727,,0.5870230460112561,0.0,0.0,0.0,0,1,0,0,1,1,1
1457,Personne morale,REEL,C,CIME,CRIS,Bon,20.04814524274935,0.0,0.0,23.496199081581537,,31.43914708237091,0.0,0.0,0.0,0,1,0,0,1,1,1
1458,Personne morale,REEL,C,CIME,CRIC2,Bon,20.04908235737255,0.0,0.0,19.07649364811782,,0.3781029694730656,0.0,0.0,0.0,0,1,0,0,1,1,1
1459,Personne morale,REEL,C,CIME,CRIC2,Bon,20.061354166730123,0.0,19.998920423312285,0.0,,0.0,484641704.0,0.939475305235789,1.4220625913292777,1,0,0,0,1,1,1
1460,Personne morale,REEL,C,CIME,CRIL2,Bon,20.076904178316898,0.0,0.0,20.53943092280467,,1.588081594268241,0.0,0.0,0.0,0,1,0,0,1,1,1
1461,Personne morale,REEL,C,CIME,CRIC2,Bon,20.095599677606263,0.0,0.0,19.650965359502642,,0.6410586548473666,0.0,0.0,0.0,0,1,0,0,0,1,0
1462,Personne morale,REEL,C,CIME,CRIL2,Bon,20.102952239422645,0.0,0.0,18.934732855005656,,0.31092007593365595,0.0,0.0,0.0,0,1,0,0,0,1,0
1463,Personne morale,REEL,C,CIME,CRIC1,Bon,20.104308879014667,0.0,0.0,19.48461115588071,,0.538107068475205,0.0,0.0,0.0,0,1,0,0,0,1,0
1464,Personne morale,REEL,C,CIME,CRIC1,Bon,20.106976731110624,0.0,0.0,19.0343656683442,,0.3421140670370615,0.0,0.0,0.0,0,1,0,0,1,1,1
1465,Personne physique,REEL,C,CIME,CRIL2,Bon,20.114490416484028,0.0,0.0,18.663643965554776,,0.23437181802594562,0.0,0.0,0.0,0,1,0,0,0,1,0
1466,Personne morale,REEL,C,CIME,CRIE,Bon,20.163390016955585,0.0,0.0,20.958957259019726,,2.2156974754661505,0.0,0.0,0.0,0,1,0,0,0,1,0
1467,Personne morale,REEL,C,CIME,CRIC1,Bon,20.164258882134483,0.0,0.0,20.56918809779225,,1.4991963749225392,0.0,0.0,0.0,0,1,0,0,0,1,0
1468,Personne morale,REEL,C,CIME,CRIL2,Bon,20.166461131214525,0.0,0.0,20.10117081515183,,0.9367954553816688,0.0,0.0,0.0,0,1,0,0,0,1,0
1469,Personne morale,REEL,C,CIME,CRIS,Bon,20.182011579111503,0.0,20.4056735293211,0.0,,0.0,727899486.0,1.2506481648909862,582017793.0,1,0,0,0,0,1,1
1470,Personne morale,REEL,C,CIME,CRIL2,Bon,20.18225320747706,0.0,0.0,19.483566074524465,,0.49723768070473556,0.0,0.0,0.0,0,1,0,0,0,1,0
1471,Personne morale,REEL,C,CIME,CRIL2,Bon,20.20386687693487,0.0,20.20386687693487,0.0,,0.0,594877985.0,0.999999998318983,-0.3739895147055957,1,0,0,0,0,1,1
1472,Personne morale,REEL,C,CIME,CRIL2,Bon,20.203920869742873,0.0,0.0,19.732357444972774,,0.6240258860218455,0.0,0.0,0.0,0,1,0,0,0,1,0
1473,Personne morale,REEL,C,CIME,CRIL2,Bon,20.220819278889667,0.0,0.0,19.865175904744827,,0.7007224697787522,0.0,0.0,0.0,0,1,0,0,1,1,1
1474,Personne morale,REEL,C,CIME,CRIL1,Bon,20.221784901923552,0.0,0.0,19.62126613546823,,0.5485270032107162,0.0,0.0,0.0,0,1,0,0,0,1,0
1475,Personne morale,REEL,C,CIME,CRIC1,Bon,20.227965850973487,0.0,0.0,19.026002565420026,,0.3006034601215496,0.0,0.0,0.0,0,1,0,0,0,1,0
1476,Personne morale,REEL,C,CIME,CRIL2,Bon,20.235437068461536,0.0,0.0,20.20209157357952,,0.9672043360790646,0.0,0.0,0.0,0,1,0,0,0,1,0
1477,Personne morale,REEL,C,CIME,CRIA,Bon,20.252100526810636,0.0,0.0,20.138929218184987,,0.8929976672068122,0.0,0.0,0.0,0,1,0,0,0,1,0
1478,Personne morale,REEL,C,CIME,CRIL2,Bon,20.264135209791494,0.0,0.0,19.774316230091888,,0.6127373004536066,0.0,0.0,0.0,0,1,0,0,0,1,0
1479,Personne morale,REEL,C,CIME,CRIC2,Bon,20.284790607651352,0.0,0.0,19.705377038628253,,0.5602268030548387,0.0,0.0,0.0,0,1,0,0,0,1,0
1480,Personne morale,REEL,C,CIME,CRILEXT,Bon,20.289735608907648,0.0,0.0,19.833337498412245,,0.6335615578357101,0.0,0.0,0.0,0,1,0,0,1,1,1
1481,Personne physique,REEL,C,CIME,CRIL2,Pas bon,20.326893927607156,0.0,0.0,19.34493964944395,,0.3745783513081023,0.0,0.0,0.0,0,1,1,1,0,1,0
1482,Personne morale,REEL,C,CIME,CRIL2,Bon,20.375814974349773,0.0,0.0,20.67077498050443,,1.3430726415571108,0.0,0.0,0.0,0,1,0,0,0,1,0
1483,Personne morale,REEL,C,CIME,CRILEXT,Bon,20.379590165171244,0.0,0.0,19.597014670232223,,0.4572269065720562,0.0,0.0,0.0,0,1,0,0,1,1,1
1484,Personne morale,REEL,C,CIME,CRICEXT,Bon,20.384034720914816,0.0,0.0,20.208370141665043,,0.8388993189868361,0.0,0.0,0.0,0,1,0,0,1,1,1
1485,Personne morale,REEL,C,CIME,CRINO,Bon,20.38663581867833,0.0,21.401398360076776,0.0,,0.0,1970195000.0,2.7587082391919306,0.5644677996147378,1,0,0,0,0,1,1
1486,Personne morale,REEL,C,CIME,CRIL2,Bon,20.409136439529902,0.0,0.0,18.776154467714935,,0.1953461865429989,0.0,0.0,0.0,0,1,0,0,1,1,1
1487,Personne morale,REEL,C,CIME,CRIL2,Bon,20.437660079460077,0.0,0.0,19.980743943501718,,0.6332334420212952,0.0,0.0,0.0,0,1,0,0,0,1,0
1488,Personne morale,REEL,C,CIME,CRIL2,Bon,20.43920371256946,0.0,0.0,18.49939588464484,,0.14373156698912806,0.0,0.0,0.0,0,1,0,0,0,1,0
1489,Personne morale,REEL,C,CIME,CRILEXT,Bon,20.44345911237568,0.0,0.0,20.55128295935102,,1.1138515184669984,0.0,0.0,0.0,0,1,0,0,0,1,0
1490,Personne morale,REEL,C,CIME,CRIL2,Bon,20.51080705464042,0.0,0.0,19.933108889301568,,0.561188643229058,0.0,0.0,0.0,0,1,0,0,1,1,1
1491,Personne morale,REEL,C,CIME,CRIL2,Bon,20.51121907785919,0.0,0.0,20.491416450834976,,0.980392155893172,0.0,0.0,0.0,0,1,0,0,0,1,0
1492,Personne morale,REEL,C,CIME,CRIEN,Bon,20.534825600351645,0.0,0.0,20.190535379495948,,0.7087232107350158,0.0,0.0,0.0,0,1,0,0,0,1,0
1493,Personne morale,REEL,C,CIME,CRICEXT,Bon,20.54502990102548,0.0,0.0,20.126994027003963,,0.6583386095526056,0.0,0.0,0.0,0,1,0,0,1,1,1
1494,Personne physique,REEL,C,CIME,CRIE,Pas bon,20.55614957707768,0.0,0.0,21.024465380089758,,1.5973017545685235,0.0,0.0,0.0,0,1,1,2,0,1,0
1495,Personne morale,REEL,C,CIME,CRIL1,Bon,20.563364509126412,0.0,0.0,18.65499226073936,,0.14832161979174688,0.0,0.0,0.0,0,1,0,0,0,1,0
1496,Personne morale,REEL,C,CIME,CRIC1,Bon,20.56620919840811,0.0,0.0,20.861256990661232,,1.3431905500850658,0.0,0.0,0.0,0,1,0,0,0,1,0
1497,Personne morale,REEL,C,CIME,CRIO,Bon,20.598294897720084,0.0,0.0,19.422431461363843,,0.3085524481029436,0.0,0.0,0.0,0,1,0,0,0,1,0
1498,Personne morale,REEL,C,CIME,CRIC2,Bon,20.62398635979396,0.0,0.0,19.178388615716624,,0.23560520173788102,0.0,0.0,0.0,0,1,0,0,1,1,1
1499,Personne morale,REEL,C,CIME,CRIC1,Bon,20.660816099181158,0.0,0.0,19.94878913178572,,0.4906486589399515,0.0,0.0,0.0,0,1,0,0,1,1,1
1500,Personne morale,REEL,C,CIME,CRIL2,Bon,20.662341508472423,0.0,0.0,18.43912660812432,,0.10826050096867615,0.0,0.0,0.0,0,1,0,0,1,1,1
1501,Personne morale,REEL,C,CIME,CRIE,Bon,20.670676826639326,0.0,20.398681393481603,0.0,,0.0,722827666.0,0.7618577393120348,0.6335570235430867,1,0,0,0,0,1,1
1502,Personne morale,REEL,C,CIME,CRILEXT,Bon,20.71222023021755,0.0,0.0,19.44395222699361,,0.28131844169525033,0.0,0.0,0.0,0,1,0,0,1,1,1
1503,Personne morale,REEL,C,CIME,CRIO,Bon,20.72609063444656,0.0,0.0,20.574890844015073,,0.8596759254790881,0.0,0.0,0.0,0,1,0,0,1,1,1
1504,Personne morale,REEL,C,CIME,CRIL2,Bon,20.72963579263176,0.0,0.0,19.060102991876818,,0.18833503408007354,0.0,0.0,0.0,0,1,0,0,0,1,0
1505,Personne morale,REEL,C,CIME,CRICEXT,Bon,20.747741137145667,0.0,20.74602413410067,0.0,,0.0,1023019242.0,0.998284469185621,-0.24438637004827568,1,0,0,0,0,1,1
1506,Personne morale,REEL,C,CIME,CRIC1,Bon,20.77360295254069,0.0,0.0,21.638769227748917,,2.3754010224909368,0.0,0.0,0.0,0,1,0,0,0,1,0
1507,Personne morale,REEL,C,CIME,CRIA,Bon,20.798901150620022,0.0,0.0,20.80949912797232,,1.0106543339029246,0.0,0.0,0.0,0,1,0,0,0,1,0
1508,Personne morale,REEL,C,CIME,CRIC2,Pas bon,20.800142718059703,0.0,0.0,19.875808024100827,,0.3967953206758342,0.0,0.0,0.0,0,1,1,1,0,1,0
1509,Personne morale,REEL,C,CIME,CRIL2,Bon,20.811384447476684,0.0,0.0,18.697707729543794,,0.12079302617186617,0.0,0.0,0.0,0,1,0,0,0,1,0
1510,Personne morale,REEL,C,CIME,CRISO,Bon,20.827231640345108,0.0,0.0,19.997009958594923,,0.43595263196487,0.0,0.0,0.0,0,1,0,0,0,1,0
1511,Personne morale,REEL,C,CIME,CRIL2,Bon,20.839045831410093,0.0,0.0,20.086893554693734,,0.4713509816034242,0.0,0.0,0.0,0,1,0,0,0,1,0
1512,Personne morale,REEL,C,CIME,CRIL2,Bon,20.84953773471045,0.0,0.0,20.92018037961805,,1.0731976438102384,0.0,0.0,0.0,0,1,0,0,0,1,0
1513,Personne morale,REEL,C,CIME,CRIL2,Bon,20.853691889113254,0.0,20.350812076800153,0.0,,0.0,689041511.0,0.6047864770363283,1.484054167445954,1,0,0,0,0,1,1
1514,Personne morale,REEL,C,CIME,CRIC2,Bon,20.857514681390818,0.0,0.0,19.10669030721902,,0.1736307468568964,0.0,0.0,0.0,0,1,0,0,1,1,1
1515,Personne morale,REEL,C,CIME,CRIC1,Bon,20.88398130333177,0.0,0.0,20.57407606179119,,0.733516458969369,0.0,0.0,0.0,0,1,0,0,0,1,0
1516,Personne morale,REEL,C,CIME,CRIL2,Bon,20.893582670358896,0.0,0.0,20.138902086582593,,0.4701607668821698,0.0,0.0,0.0,0,1,0,0,0,1,0
1517,Personne morale,REEL,C,CIME,CRIL1,Bon,20.898425494288002,0.0,0.0,19.179768462364972,,0.17930678874335537,0.0,0.0,0.0,0,1,0,0,0,1,0
1518,Personne morale,REEL,C,CIME,CRILEXT,Bon,20.899531296714677,0.0,0.0,18.969892742523562,,0.14520067033568332,0.0,0.0,0.0,0,1,0,0,0,1,0
1519,Personne morale,REEL,C,CIME,CRILEXT,Bon,20.901388514940617,0.0,0.0,21.48850249003827,,1.7987895646842356,0.0,0.0,0.0,0,1,0,0,0,1,0
1520,Personne morale,REEL,C,CIME,CRIEN,Bon,20.91136321568734,0.0,0.0,21.390563529743883,,1.6147825659814812,0.0,0.0,0.0,0,1,0,0,0,1,0
1521,Personne morale,REEL,C,CIME,CRILEXT,Bon,20.93858284622658,0.0,0.0,20.10027051199178,,0.432439720842022,0.0,0.0,0.0,0,1,0,0,0,1,0
1522,Personne morale,HRI,C,CDI,CRIC2,Bon,20.94709022843634,0.0,0.0,18.912908215271024,,0.13078742035004734,0.0,0.0,0.0,0,1,0,1,0,1,0
1523,Personne morale,REEL,C,CIME,CRIL2,Bon,20.95027903471199,0.0,0.0,20.102370149062352,,0.42830963979258374,0.0,0.0,0.0,0,1,0,0,0,1,0
1524,Personne morale,REEL,C,CIME,CRIN,Bon,20.954311886705874,0.0,0.0,19.055559862887975,,0.14975539302419444,0.0,0.0,0.0,0,1,0,0,0,1,0
1525,Personne morale,REEL,C,CIME,CRIL2,Bon,20.95676556229286,0.0,20.945837319860694,0.0,,0.0,1249285118.0,0.9891312530901268,0.6132572345147944,1,0,0,0,0,1,1
1526,Personne morale,REEL,C,CIME,CRISO,Bon,20.968412641030856,0.0,0.0,19.64190705284951,,0.26540306962194415,0.0,0.0,0.0,0,1,0,0,0,1,0
1527,Personne morale,REEL,C,CIME,CRIL1,Bon,20.97694028795938,0.0,0.0,19.392798446355744,,0.2051237454973733,0.0,0.0,0.0,0,1,0,0,0,1,0
1528,Personne morale,REEL,C,CIME,CRIL2,Bon,20.97939185239805,0.0,0.0,18.590001851591374,,0.09168559418783481,0.0,0.0,0.0,0,1,0,0,0,1,0
1529,Personne morale,REEL,C,CIME,CRIL2,Bon,20.981838055301846,0.0,0.0,19.304885804097616,,0.18694286280108596,0.0,0.0,0.0,0,1,0,0,0,1,0
1530,Personne morale,REEL,C,CIME,CRIL2,Bon,20.9847931212437,0.0,18.051210010537265,0.0,,0.0,69110000.0,0.05320605224102487,-0.2944167539806973,1,0,0,0,1,1,1
1531,Personne morale,REEL,C,CIME,CRIL2,Bon,20.993667832135714,0.0,0.0,21.10343812889474,,1.1160216864523427,0.0,0.0,0.0,0,1,0,0,0,1,0
1532,Personne morale,REEL,C,CIME,CRIL2,Bon,21.030907142813348,0.0,19.731037462784837,0.0,,0.0,370749600.0,0.2725673109486769,0.23993892412038384,1,0,0,0,1,1,1
1533,Personne morale,REEL,C,CIME,CRIL1,Bon,21.03369651069565,0.0,21.02051568812723,0.0,,0.0,1346151594.0,0.9869056633348925,-0.09976957360270935,1,0,0,0,0,1,1
1534,Personne physique,REEL,C,CIME,CRIL2,Pas bon,21.047905722295955,0.0,0.0,20.75809967064546,,0.748408705413942,0.0,0.0,0.0,0,1,1,2,0,1,0
1535,Personne morale,REEL,C,CIME,CRIL2,Bon,21.073781042187345,0.0,0.0,18.713996425288112,,0.09444056120265285,0.0,0.0,0.0,0,1,0,0,0,1,0
1536,Personne morale,REEL,C,CIME,CRIL2,Bon,21.081988333916982,0.0,0.0,19.92409277497749,,0.31414658802595,0.0,0.0,0.0,0,1,0,0,0,1,0
1537,Personne morale,REEL,C,CIME,CRIL2,Bon,21.08483642125798,0.0,0.0,18.92779631397224,,0.11566697600547537,0.0,0.0,0.0,0,1,0,0,1,1,1
1538,Personne morale,REEL,C,CIME,CRIL2,Bon,21.1419756277255,0.0,0.0,19.6009591387924,,0.21416329546910878,0.0,0.0,0.0,0,1,0,0,0,1,0
1539,Personne morale,REEL,C,CIME,CRIL1,Bon,21.166645454854542,0.0,0.0,20.744798419947138,,0.6558343508415597,0.0,0.0,0.0,0,1,0,0,0,1,0
1540,Personne morale,REEL,C,CIME,CRIL2,Bon,21.166875911851452,0.0,0.0,19.53585841916653,,0.19573031796446777,0.0,0.0,0.0,0,1,0,0,0,1,0
1541,Personne morale,REEL,C,CIME,CRILEXT,Bon,21.216097988176397,0.0,20.999459610625934,0.0,,0.0,1318103252.0,0.8052211020783261,1.802522208071042,1,0,0,0,0,1,1
1542,Personne morale,REEL,C,CIME,CRIL2,Bon,21.22549465948059,0.0,20.520794633876154,0.0,,0.0,816710000.0,0.49425681580518155,-0.23881596644224803,1,0,0,0,0,1,1
1543,Personne morale,REEL,C,CIME,CRIC1,Bon,21.253134863988596,0.0,0.0,18.611267970780727,,0.07122816937828137,0.0,0.0,0.0,0,1,0,0,0,1,0
1544,Personne morale,REEL,C,CIME,CRICEXT,Bon,21.300651375519013,0.0,0.0,20.06130442566122,,0.289573261503292,0.0,0.0,0.0,0,1,0,0,0,1,0
1545,Personne morale,REEL,C,CIME,CRILEXT,Bon,21.308326421131344,0.0,0.0,20.303037868584852,,0.36593902637288395,0.0,0.0,0.0,0,1,0,0,0,1,0
1546,Personne morale,REEL,C,CIME,CRIL2,Bon,21.309249210228433,0.0,0.0,20.229055736004668,,0.33952982846317004,0.0,0.0,0.0,0,1,0,0,0,1,0
1547,Personne morale,REEL,C,CIME,CRIL2,Bon,21.31092718733033,0.0,0.0,20.120286275864956,,0.3040263470836875,0.0,0.0,0.0,0,1,0,0,0,1,0
1548,Personne morale,REEL,C,CIME,CRIO,Bon,21.32476705539925,0.0,0.0,20.959501133759314,,0.6940120729607956,0.0,0.0,0.0,0,1,0,0,0,1,0
1549,Personne morale,REEL,C,CIME,CRIL2,Bon,21.326339901263935,0.0,0.0,22.205259248387048,,2.4082957673966727,0.0,0.0,0.0,0,1,0,0,1,1,1
1550,Personne morale,REEL,C,CIME,CRIO,Bon,21.34082371680398,0.0,0.0,20.254656665392467,,0.3375076666224177,0.0,0.0,0.0,0,1,0,0,0,1,0
1551,Personne morale,REEL,C,CIME,CRIL2,Bon,21.357746606268485,0.0,0.0,20.387749193400666,,0.37908401831238386,0.0,0.0,0.0,0,1,0,0,1,1,1
1552,Personne morale,REEL,C,CIME,CRIL1,Bon,21.36756648944851,0.0,0.0,19.578386952529875,,0.16709721000807964,0.0,0.0,0.0,0,1,0,0,0,1,0
1553,Personne morale,REEL,C,CIME,CRIL2,Bon,21.373882331190877,0.0,0.0,19.984028436185806,,0.24911169791465748,0.0,0.0,0.0,0,1,0,0,1,1,1
1554,Personne morale,REEL,C,CIME,CRIC2,Bon,21.37998019261867,0.0,0.0,21.065370978925912,,0.7300741209814716,0.0,0.0,0.0,0,1,0,0,0,1,0
1555,Personne morale,REEL,C,CIME,CRIC2,Bon,21.381578423613167,0.0,0.0,20.81475285778316,,0.5673235138849567,0.0,0.0,0.0,0,1,0,0,1,1,1
1556,Personne morale,REEL,C,CIME,CRIS,Bon,21.396607245175232,0.0,21.170958118248688,0.0,,0.0,1564697134.0,0.7979980480678012,0.10759549515262473,1,0,0,0,0,1,1
1557,Personne morale,REEL,C,CIME,CRIL2,Bon,21.404782477727405,0.0,0.0,19.480447725526854,,0.1459728321627747,0.0,0.0,0.0,0,1,0,0,0,1,0
1558,Personne morale,REEL,C,CIME,CRIL1,Bon,21.42429657097648,0.0,0.0,18.467581667487178,,0.05198942673830535,0.0,0.0,0.0,0,1,0,0,1,1,1
1559,Personne morale,REEL,C,CIME,CRILEXT,Bon,21.48733699301113,0.0,0.0,20.995086326210682,,0.6112491262985884,0.0,0.0,0.0,0,1,0,0,0,1,0
1560,Personne morale,REEL,C,CIME,CRIL1,Bon,21.499852180689132,0.0,0.0,19.272675549260505,,0.10783245104623083,0.0,0.0,0.0,0,1,0,0,0,1,0
1561,Personne morale,REEL,C,DGE,DGE,Bon,21.53286091782164,0.0,21.199659487698536,0.0,,0.0,1610256769.0,0.7166258291423897,-0.2571776756074198,1,0,0,0,0,1,1
1562,Personne morale,REEL,C,DGE,DGE,Bon,21.56134381871953,0.0,18.879171484749918,0.0,,0.0,158168500.0,0.06841437331178163,-0.14505863864196417,1,0,0,0,1,1,1
1563,Personne morale,REEL,C,CIME,CRIL1,Bon,21.581367916420014,0.0,0.0,21.103430559824492,,0.6200610380758685,0.0,0.0,0.0,0,1,0,0,0,1,0
1564,Personne morale,REEL,C,CIME,CRIL2,Bon,21.59274346170523,0.0,0.0,20.83461693776443,,0.4685434096923467,0.0,0.0,0.0,0,1,0,0,0,1,0
1565,Personne morale,REEL,C,CIME,CRIL1,Bon,21.59350006521404,0.0,0.0,20.92107009901997,,0.5104666523514572,0.0,0.0,0.0,0,1,0,0,0,1,0
1566,Personne morale,REEL,C,CIME,CRIL1,Bon,21.607483594760094,0.0,0.0,18.609504358148875,,0.04988777756069096,0.0,0.0,0.0,0,1,0,0,0,1,0
1567,Personne morale,REEL,C,CIME,CRIL2,Bon,21.614378332223943,0.0,0.0,19.154085969643,,0.08540997622531235,0.0,0.0,0.0,0,1,0,0,1,1,1
1568,Personne morale,REEL,C,CIME,CRIL2,Bon,21.644928047762473,0.0,0.0,18.715049152951426,,0.05340350479732275,0.0,0.0,0.0,0,1,0,0,0,1,0
1569,Personne morale,REEL,C,CIME,CRIL2,Bon,21.657192444915662,0.0,0.0,21.081286134690732,,0.5621951142703194,0.0,0.0,0.0,0,1,0,0,1,1,1
1570,Personne morale,REEL,C,CIME,CRIL2,Bon,21.664916730257936,0.0,0.0,19.11055428700336,,0.07774178067741157,0.0,0.0,0.0,0,1,0,0,1,1,1
1571,Personne morale,REEL,C,CIME,CRIC2,Bon,21.671767519355125,0.0,21.671767519355125,0.0,,0.0,2581838345.0,0.999999999612679,0.12975194970912607,1,0,0,0,0,1,1
1572,Personne morale,REEL,C,DGE,DGE,Bon,21.699816460036764,0.0,0.0,20.904238570320242,,0.45132034578387564,0.0,0.0,0.0,0,1,0,0,1,1,1
1573,Personne morale,REEL,C,CIME,CRIL1,Bon,21.706555756533437,0.0,0.0,21.017473042090415,,0.5020363682566533,0.0,0.0,0.0,0,1,0,0,0,1,0
1574,Personne morale,REEL,C,DGE,DGE,Bon,21.707020795031113,0.0,21.093222422893174,0.0,,0.0,1447671763.0,0.5412909345732393,0.39780541380420287,1,0,0,0,0,1,1
1575,Personne morale,REEL,C,CIME,CRIL2,Bon,21.71129540535887,0.0,0.0,20.60655239557007,,0.3312960107624275,0.0,0.0,0.0,0,1,0,0,0,1,0
1576,Personne morale,REEL,C,CIME,CRIL1,Bon,21.72017140670409,0.0,0.0,20.53607846083097,,0.30602363327752696,0.0,0.0,0.0,0,1,0,0,0,1,0
1577,Personne morale,REEL,C,DGE,DGE,Bon,21.730817602248838,0.0,17.89956667517906,0.0,,0.0,59385857.0,0.021682475097594932,-0.3327442733421096,1,0,0,0,1,1,1
1578,Personne morale,REEL,C,CIME,CRIL2,Bon,21.7323372546963,0.0,0.0,20.949350242905425,,0.45703878974935414,0.0,0.0,0.0,0,1,0,0,1,1,1
1579,Personne morale,REEL,C,CIME,CRIL2,Bon,21.761797106061266,0.0,0.0,21.075853149692325,,0.5036146145531861,0.0,0.0,0.0,0,1,0,0,0,1,0
1580,Personne morale,REEL,C,CIME,CRIL2,Bon,21.768606503697058,0.0,0.0,21.047094712060375,,0.4860169435780401,0.0,0.0,0.0,0,1,0,0,0,1,0
1581,Personne morale,REEL,C,DGE,DGE,Bon,21.785246500677864,0.0,0.0,21.260805490909657,,0.5918861301301908,0.0,0.0,0.0,0,1,0,0,1,1,1
1582,Personne morale,REEL,C,CIME,CRIL2,Bon,21.789527870745157,0.0,0.0,20.994219209956125,,0.45144187066720853,0.0,0.0,0.0,0,1,0,0,0,1,0
1583,Personne morale,REEL,C,CIME,CRIA,Bon,21.790545685082755,0.0,0.0,22.509803153774445,,2.052908295538749,0.0,0.0,0.0,0,1,0,0,0,1,0
1584,Personne morale,HRI,C,CDI,CRIC2,Bon,21.793393514409814,0.0,0.0,19.002397093939173,,0.06136004269817549,0.0,0.0,0.0,0,1,0,1,0,1,0
1585,Personne morale,REEL,C,CIME,CRIL1,Bon,21.802303728351884,0.0,20.724120084972647,0.0,,0.0,1000854612.0,0.34021291241424695,0.02974729448096673,1,0,0,0,0,1,1
1586,Personne morale,REEL,C,DGE,DGE,Bon,21.823627691897144,0.0,0.0,19.837920520763596,,0.13728349652290023,0.0,0.0,0.0,0,1,0,0,1,1,1
1587,Personne morale,REEL,C,DGE,DGE,Bon,21.86344513054559,0.0,0.0,21.54431767715518,,0.7267829121369792,0.0,0.0,0.0,0,1,0,0,0,1,0
1588,Personne morale,REEL,C,DGE,DGE,Bon,21.8969145692956,0.0,0.0,21.935289896160327,,1.039121169478512,0.0,0.0,0.0,0,1,0,0,1,1,1
1589,Personne morale,REEL,C,DGE,DGE,Bon,21.900539634333324,0.0,18.492659198148512,0.0,,0.0,107463218.0,0.03311130727259717,-0.15130763407079226,1,0,0,0,0,1,1
1590,Personne morale,REEL,C,DGE,DGE,Bon,21.93072847939732,0.0,0.0,22.844361910571028,,2.4933655666956036,0.0,0.0,0.0,0,1,0,0,0,1,0
1591,Personne morale,REEL,C,DGE,DGE,Bon,21.948603253622704,0.0,19.77759436480174,0.0,,0.0,388418670.0,0.11406248218455875,1.8896373075887523,1,0,0,0,1,1,1
1592,Personne morale,REEL,C,DGE,DGE,Bon,21.951112513908566,0.0,21.64792751686744,0.0,,0.0,2521015205.0,0.7384624700682476,0.0,1,0,0,0,0,1,1
1593,Personne morale,REEL,C,DGE,DGE,Bon,21.954857309758335,0.0,0.0,20.95369464461886,,0.3674519688294146,0.0,0.0,0.0,0,1,0,0,1,1,1
1594,Personne morale,REEL,C,DGE,DGE,Bon,21.95506547685526,0.0,19.06179509357711,0.0,,0.0,189859539.0,0.05539475368470254,0.23806000349477327,1,0,0,0,0,1,1
1595,Personne morale,REEL,C,DGE,DGE,Bon,21.97835953090405,0.0,0.0,21.713136968318018,,0.7670352173505803,0.0,0.0,0.0,0,1,0,0,0,1,0
1596,Personne morale,REEL,C,DGE,DGE,Bon,22.008554844075856,0.0,20.080803325799405,0.0,,0.0,525995557.0,0.1454749284644021,0.08010227012752365,1,0,0,0,1,1,1
1597,Personne morale,REEL,C,DGE,DGE,Bon,22.02181402663589,0.0,0.0,18.52503448898668,,0.03029478944826731,0.0,0.0,0.0,0,1,0,0,1,1,1
1598,Personne morale,REEL,C,DGE,DGE,Bon,22.063759644342323,0.0,0.0,18.653376336912135,,0.03302853760353642,0.0,0.0,0.0,0,1,0,0,0,1,0
1599,Personne morale,REEL,C,DGE,DGE,Bon,22.074642502877833,0.0,22.11559362975691,0.0,,0.0,4024206677.0,1.0418011879669111,0.08287684317549476,1,0,0,0,1,1,1
1600,Personne morale,REEL,C,DGE,DGE,Bon,22.108989353915778,0.0,0.0,20.44628004675982,,0.18962453216504663,0.0,0.0,0.0,0,1,0,0,0,1,0
1601,Personne morale,REEL,C,DGE,DGE,Bon,22.11118053111739,0.0,21.508689202581678,0.0,,0.0,2193335326.0,0.5474460675006987,-0.1585042627981205,1,0,0,0,0,1,1
1602,Personne morale,REEL,C,DGE,DGE,Bon,22.14966682781418,0.0,0.0,21.703927840347703,,0.6403508896187103,0.0,0.0,0.0,0,1,0,0,0,1,0
1603,Personne morale,REEL,C,DGE,DGE,Bon,22.151453104795326,0.0,0.0,18.562443431327843,,0.027625675080330984,0.0,0.0,0.0,0,1,0,0,0,1,0
1604,Personne morale,REEL,C,DGE,DGE,Bon,22.19342402855785,0.0,0.0,22.02604225646481,,0.8458766173694715,0.0,0.0,0.0,0,1,0,0,0,1,0
1605,Personne morale,REEL,C,DGE,DGE,Bon,22.209657337982076,0.0,0.0,21.632924530189054,,0.5617306535064321,0.0,0.0,0.0,0,1,0,0,0,1,0
1606,Personne morale,REEL,C,DGE,DGE,Bon,22.222072979185416,0.0,0.0,21.487328019516287,,0.4796277675785866,0.0,0.0,0.0,0,1,0,0,0,1,0
1607,Personne morale,REEL,C,DGE,DGE,Bon,22.224791541590285,0.0,20.274753605867335,0.0,,0.0,638577500.0,0.14226867419633424,0.8272351880689823,1,0,0,0,1,1,1
1608,Personne morale,REEL,C,DGE,DGE,Bon,22.259387558300794,0.0,18.29794798987589,0.0,,0.0,88450000.0,0.01903569116229945,0.24492643921288537,1,0,0,0,1,1,1
1609,Personne morale,REEL,C,DGE,DGE,Bon,22.2621705740201,0.0,18.410630418199872,0.0,,0.0,99000000.0,0.021246987339498636,-0.19529132155121873,1,0,0,0,1,1,1
1610,Personne morale,REEL,C,DGE,DGE,Bon,22.265053555740955,0.0,0.0,19.961557045464737,,0.09990889957924222,0.0,0.0,0.0,0,1,0,0,1,1,1
1611,Personne morale,REEL,C,DGE,DGE,Bon,22.268784972162,0.0,0.0,20.910572138398404,,0.25711988234195376,0.0,0.0,0.0,0,1,0,0,1,1,1
1612,Personne morale,REEL,C,DGE,DGE,Bon,22.29540501671087,0.0,0.0,22.475111678304554,,1.1968662245845958,0.0,0.0,0.0,0,1,0,0,0,1,0
1613,Personne morale,REEL,C,DGE,DGE,Bon,22.33671856381658,0.0,0.0,21.03485593330373,,0.27202463926786874,0.0,0.0,0.0,0,1,0,0,0,1,0
1614,Personne morale,REEL,C,DGE,DGE,Bon,22.338214320256995,0.0,0.0,18.687533068149786,,0.025973428098534822,0.0,0.0,0.0,0,1,0,0,1,1,1
1615,Personne morale,REEL,C,DGE,DGE,Bon,22.35860598305983,0.0,0.0,19.856585087860456,,0.08191928075477864,0.0,0.0,0.0,0,1,0,0,0,1,0
1616,Personne morale,REEL,C,DGE,DGE,Bon,22.432508009298516,0.0,0.0,22.856790075816242,,1.5284926694088565,0.0,0.0,0.0,0,1,0,0,0,1,0
1617,Personne morale,REEL,C,DGE,DGE,Bon,22.451545247778625,0.0,0.0,19.416810305487576,,0.048087406946912034,0.0,0.0,0.0,0,1,0,0,0,1,0
1618,Personne morale,REEL,C,DGE,DGE,Bon,22.454702749887897,0.0,0.0,21.912077092365344,,0.581220161863197,0.0,0.0,0.0,0,1,0,0,1,1,1
1619,Personne morale,REEL,C,DGE,DGE,Bon,22.460976333654347,0.0,0.0,19.45541374658413,,0.04951089212800361,0.0,0.0,0.0,0,1,0,0,0,1,0
1620,Personne morale,REEL,C,DGE,DGE,Bon,22.49687099215326,0.0,18.156978431698068,0.0,,0.0,76820218.0,0.013037928747618473,0.19106438654127592,1,0,0,0,0,1,1
1621,Personne morale,REEL,C,DGE,DGE,Bon,22.53411746758743,0.0,0.0,22.41592153362103,,0.8885219437660511,0.0,0.0,0.0,0,1,0,0,1,1,1
1622,Personne morale,REEL,C,DGE,DGE,Bon,22.562192665419083,0.0,0.0,20.026924540625647,,0.07924046992248202,0.0,0.0,0.0,0,1,0,0,1,1,1
1623,Personne morale,REEL,C,DGE,DGE,Bon,22.589724000472263,0.0,0.0,21.949824966073226,,0.5273456649725693,0.0,0.0,0.0,0,1,0,0,0,1,0
1624,Personne morale,REEL,C,DGE,DGE,Bon,22.59197826240137,0.0,0.0,21.00789572321327,,0.20513591081332833,0.0,0.0,0.0,0,1,0,0,0,1,0
1625,Personne morale,REEL,C,DGE,DGE,Bon,22.656147907071503,0.0,0.0,20.88157174356339,,0.16955529785033996,0.0,0.0,0.0,0,1,0,0,0,1,0
1626,Personne morale,REEL,C,DGE,DGE,Bon,22.666488709506414,0.0,0.0,20.649850638154415,,0.1331021936595275,0.0,0.0,0.0,0,1,0,0,1,1,1
1627,Personne morale,REEL,C,DGE,DGE,Bon,22.67140288177062,0.0,17.729032239815687,0.0,,0.0,50074989.0,0.007137657327044397,-0.25207400797732277,1,0,0,0,1,1,1
1628,Personne morale,REEL,C,DGE,DGE,Bon,22.679763326792262,0.0,23.186956430608156,0.0,,0.0,11748089053.0,1.6606234493071632,0.3223149776856597,1,0,0,0,0,1,1
1629,Personne morale,REEL,C,DGE,DGE,Bon,22.687448676314055,0.0,0.0,22.345555946141207,,0.7104244075851128,0.0,0.0,0.0,0,1,0,0,0,1,0
1630,Personne morale,REEL,C,DGE,DGE,Bon,22.715466389186787,0.0,0.0,19.340029702679992,,0.034203178846855385,0.0,0.0,0.0,0,1,0,0,1,1,1
1631,Personne morale,REEL,C,DGE,DGE,Bon,22.71801338170879,0.0,0.0,19.235510847933337,,0.03073041069804382,0.0,0.0,0.0,0,1,0,0,0,1,0
1632,Personne morale,REEL,C,DGE,DGE,Bon,22.78396239581191,0.0,0.0,22.592808635990423,,0.8260055717897998,0.0,0.0,0.0,0,1,0,0,1,1,1
1633,Personne morale,REEL,C,DGE,DGE,Bon,22.793073593377233,0.0,0.0,22.384173448387852,,0.6643805706127867,0.0,0.0,0.0,0,1,0,0,1,1,1
1634,Personne morale,REEL,C,DGE,DGE,Bon,22.820846083645744,0.0,0.0,22.715370742563803,,0.899896662928509,0.0,0.0,0.0,0,1,0,0,0,1,0
1635,Personne morale,REEL,C,DGE,DGE,Bon,22.822738659681125,0.0,0.0,22.59808850142526,,0.7987956218141443,0.0,0.0,0.0,0,1,0,0,0,1,0
1636,Personne morale,REEL,C,DGE,DGE,Bon,22.853730925628994,0.0,0.0,22.279351678851196,,0.5630542779858889,0.0,0.0,0.0,0,1,0,0,0,1,0
1637,Personne morale,REEL,C,DGE,DGE,Bon,22.89099465467497,0.0,0.0,19.090169446770126,,0.02235231881875134,0.0,0.0,0.0,0,1,0,0,0,1,0
1638,Personne morale,REEL,C,DGE,DGE,Bon,22.8981582320583,0.0,18.16542471203379,0.0,,0.0,77471811.0,0.008802376537024035,0.1046059662442364,1,0,0,0,0,1,1
1639,Personne morale,REEL,C,DGE,DGE,Bon,22.898628337889544,0.0,22.918497583691916,0.0,,0.0,8982082383.0,1.0200679530261916,-0.16201467288586976,1,0,0,0,0,1,1
1640,Personne morale,REEL,C,DGE,DGE,Bon,22.903996777673182,0.0,0.0,22.72806765609912,,0.8386774252532919,0.0,0.0,0.0,0,1,0,0,0,1,0
1641,Personne morale,REEL,C,DGE,DGE,Bon,22.94221842420335,0.0,0.0,20.649100264364584,,0.10095118852239275,0.0,0.0,0.0,0,1,0,0,0,1,0
1642,Personne morale,REEL,C,DGE,DGE,Bon,22.989488713103004,0.0,0.0,23.823959055095344,,2.303593608202904,0.0,0.0,0.0,0,1,0,0,0,1,0
1643,Personne morale,REEL,C,DGE,DGE,Bon,22.995068700805337,0.0,18.834279358569916,0.0,,0.0,151225000.0,0.015595242973151263,0.09431221976124092,1,0,0,0,1,1,1
1644,Personne morale,REEL,C,DGE,DGE,Bon,23.015199618183573,0.0,18.344296347324832,0.0,,0.0,92646000.0,0.009363807550249407,0.4061431273787616,1,0,0,0,0,1,1
1645,Personne morale,REEL,C,DGE,DGE,Bon,23.029696198709306,0.0,0.0,19.893254039307834,,0.043437065364912375,0.0,0.0,0.0,0,1,0,0,1,1,1
1646,Personne morale,REEL,C,DGE,DGE,Bon,23.07732530866625,0.0,0.0,21.854761417940068,,0.29447419846621925,0.0,0.0,0.0,0,1,0,0,1,1,1
1647,Personne morale,REEL,C,DGE,DGE,Bon,23.111778419194277,0.0,0.0,23.028909940393525,,0.9204722007753557,0.0,0.0,0.0,0,1,0,0,1,1,1
1648,Personne morale,REEL,C,DGE,DGE,Bon,23.113335532632806,0.0,18.420680753952364,0.0,,0.0,100000000.0,0.00916232979063328,0.004895701654540205,1,0,0,0,0,1,1
1649,Personne morale,REEL,C,DGE,DGE,Bon,23.127276375154217,0.0,18.963455956353126,0.0,,0.0,172077575.0,0.015548044177834898,0.14381045198021614,1,0,0,0,0,1,1
1650,Personne morale,REEL,C,DGE,DGE,Bon,23.12890974736206,0.0,19.56712723841997,0.0,,0.0,314699016.0,0.02838817731767011,-0.33275644722444775,1,0,0,0,1,1,1
1651,Personne morale,REEL,C,DGE,DGE,Bon,23.17473486673613,0.0,0.0,23.29535953762581,,1.1282013859827806,0.0,0.0,0.0,0,1,0,0,1,1,1
1652,Personne morale,REEL,C,DGE,DGE,Bon,23.181799699121424,0.0,0.0,22.820997589880985,,0.6971169377327286,0.0,0.0,0.0,0,1,0,0,0,1,0
1653,Personne morale,REEL,C,DGE,DGE,Bon,23.182600575699446,0.0,0.0,23.23793593842218,,1.0568949983474485,0.0,0.0,0.0,0,1,0,0,0,1,0
1654,Personne morale,REEL,C,DGE,DGE,Bon,23.224771535761434,0.0,19.192977559669124,0.0,,0.0,216473253.0,0.017742471733617468,-0.048402347785264664,1,0,0,0,0,1,1
1655,Personne morale,REEL,C,DGE,DGE,Bon,23.225559329744623,0.0,0.0,18.88677263230601,,0.013052354974040366,0.0,0.0,0.0,0,1,0,0,0,1,0
1656,Personne morale,REEL,C,DGE,DGE,Bon,23.23010550767219,0.0,0.0,18.42095041758716,,0.00815474673268569,0.0,0.0,0.0,0,1,0,0,1,1,1
1657,Personne morale,REEL,C,DGE,DGE,Pas bon,23.240992945781656,0.0,20.749595914013433,0.0,,0.0,1026679775.0,0.08279421950725648,0.17588007006796258,1,0,1,1,0,1,0
1658,Personne morale,REEL,C,DGE,DGE,Bon,23.373434540611434,0.0,0.0,25.449075478203955,,7.969652872468502,0.0,0.0,0.0,0,1,0,0,0,1,0
1659,Personne morale,REEL,C,DGE,DGE,Bon,23.373799600149237,0.0,0.0,23.300774156759744,,0.9295771780600801,0.0,0.0,0.0,0,1,0,0,0,1,0
1660,Personne morale,REEL,C,DGE,DGE,Bon,23.408727941011097,0.0,0.0,20.874154871673365,,0.07929556567937672,0.0,0.0,0.0,0,1,0,0,0,1,0
1661,Personne morale,REEL,C,DGE,DGE,Bon,23.413700339427752,0.0,0.0,22.455317173857367,,0.38351246104839776,0.0,0.0,0.0,0,1,0,0,1,1,1
1662,Personne morale,REEL,C,DGE,DGE,Bon,23.57125896340769,0.0,0.0,20.379971867122556,,0.04111891280735045,0.0,0.0,0.0,0,1,0,0,0,1,0
1663,Personne morale,REEL,C,DGE,DGE,Bon,23.590055735523435,0.0,0.0,22.664775489575284,,0.39642030826449737,0.0,0.0,0.0,0,1,0,0,0,1,0
1664,Personne morale,REEL,C,DGE,DGE,Bon,23.648408478476746,0.0,0.0,20.82454101978451,,0.05937586433003127,0.0,0.0,0.0,0,1,0,0,1,1,1
1665,Personne morale,REEL,C,DGE,DGE,Bon,23.698938516462096,0.0,0.0,23.14088081203415,,0.5723195987776938,0.0,0.0,0.0,0,1,0,0,0,1,0
1666,Personne morale,REEL,C,DGE,DGE,Bon,23.884701266847603,0.0,0.0,20.54192113767175,,0.035338575180563415,0.0,0.0,0.0,0,1,0,0,0,1,0
1667,Personne morale,REEL,C,DGE,DGE,Bon,23.89035692306701,0.0,0.0,20.789396964213328,,0.04500597772099552,0.0,0.0,0.0,0,1,0,0,0,1,0
1668,Personne morale,REEL,C,DGE,DGE,Bon,23.909961446409923,0.0,0.0,22.443741229559127,,0.23079619813640415,0.0,0.0,0.0,0,1,0,0,0,1,0
1669,Personne morale,REEL,C,DGE,DGE,Bon,23.919382019384123,0.0,0.0,20.02829954680947,,0.020423226444715736,0.0,0.0,0.0,0,1,0,0,0,1,0
1670,Personne morale,REEL,C,DGE,DGE,Bon,23.9240867505758,0.0,21.684437495391702,0.0,,0.0,2614758282.0,0.10649585065617484,-0.2504245846235641,1,0,0,0,0,1,1
1671,Personne morale,REEL,C,DGE,DGE,Bon,24.02990577001101,0.0,0.0,21.421789407286703,,0.07367318666961604,0.0,0.0,0.0,0,1,0,0,1,1,1
1672,Personne morale,REEL,C,DGE,DGE,Bon,24.144269660537994,0.0,0.0,23.868617077567837,,0.7590766010623042,0.0,0.0,0.0,0,1,0,0,0,1,0
1673,Personne morale,REEL,C,DGE,DGE,Bon,24.248508386920566,0.0,22.82077486258348,0.0,,0.0,8145853506.0,0.2398519251815515,0.13053215428314552,1,0,0,0,0,1,1
1674,Personne morale,REEL,C,DGE,DGE,Bon,24.466152473915194,0.0,0.0,24.14419229238276,,0.7247270472521178,0.0,0.0,0.0,0,1,0,0,1,1,1
1675,Personne morale,REEL,C,DGE,DGE,Bon,24.525507393576845,0.0,20.835058324155096,0.0,,0.0,1118280778.0,0.024960790375030288,-0.2349340817999516,1,0,0,0,1,1,1
1676,Personne morale,REEL,C,DGE,DGE,Bon,24.74949108130818,0.0,19.46914484375278,0.0,,0.0,285326541.0,0.005090667889275138,0.24635252770256105,1,0,0,0,0,1,1
1677,Personne morale,REEL,C,DGE,DGE,Bon,24.811086910006566,0.0,0.0,22.48008303486206,,0.09719812329982573,0.0,0.0,0.0,0,1,0,0,1,1,1
1678,Personne morale,REEL,C,DGE,DGE,Bon,25.02768027981007,0.0,0.0,21.438266975658514,,0.027614526986391347,0.0,0.0,0.0,0,1,0,0,0,1,0
1679,Personne morale,REEL,C,DGE,DGE,Bon,25.02817914520635,0.0,0.0,23.530498718881105,,0.2236483277120575,0.0,0.0,0.0,0,1,0,0,0,1,0
1680,Personne morale,REEL,C,DGE,DGE,Bon,25.080190097505383,0.0,0.0,24.18186452078579,,0.40725099969772344,0.0,0.0,0.0,0,1,0,0,1,1,1
1681,Personne morale,REEL,C,DGE,DGE,Bon,25.164123989150383,0.0,0.0,22.203057134028082,,0.051763663362861666,0.0,0.0,0.0,0,1,0,0,0,1,0
1682,Personne morale,REEL,C,DGE,DGE,Bon,25.51967777505866,0.0,24.533921645572853,0.0,,0.0,45180058624.0,0.3731569652443968,0.3171579889296329,1,0,0,0,0,1,1
1683,Personne morale,REEL,C,DGE,DGE,Bon,25.953877424928276,0.0,25.770925965755808,0.0,,0.0,155657818794.0,0.8328085799682665,0.06524705640806985,1,0,0,0,0,1,1
1684,Personne morale,REEL,C,DGE,DGE,Pas bon,26.601881032446634,0.0,0.0,24.23727491940925,,0.09398631305917259,0.0,0.0,0.0,0,1,1,1,0,1,0
1685,Personne morale,REEL,C,DGE,DGE,Bon,26.685415983520343,0.0,22.630992403790742,0.0,,0.0,6737753540.0,0.017345475583566205,0.06704416663574339,1,0,0,0,0,1,1
1686,Personne morale,REEL,C,DGE,DGE,Bon,26.697255996508325,0.0,0.0,26.37564111853236,,0.7249773413113815,0.0,0.0,0.0,0,1,0,0,1,1,1
1687,Personne morale,REEL,C,CIME,CRINO,Bon,20.276928400238752,0.0,0.0,19.01155349753596,,0.2821335021351629,0.0,0.0,0.0,0,1,0,0,0,1,0
1688,Personne morale,REEL,C,CIME,CRIO,Bon,19.505380433004493,0.0,0.0,19.364326457263186,,0.868442432228315,0.0,0.0,0.0,0,1,0,0,0,1,0
1689,Personne morale,REEL,C,CIME,CRIL1,Bon,19.923469259366684,0.0,18.022523066420053,0.0,,0.0,67155612.0,0.14942716315686771,0.5747465091933626,1,0,0,0,0,1,1
1690,Personne morale,REEL,C,CIME,CRIL1,Bon,20.25627978782275,0.0,18.279882762073576,0.0,,0.0,86866477.0,0.13856759286745376,-0.26698789632110415,1,0,0,0,1,1,1
1691,Personne morale,REEL,C,CIME,CRIL2,Bon,20.645549999343086,0.0,0.0,21.286943035320437,,1.8991245852813698,0.0,0.0,0.0,0,1,0,0,1,1,1
1692,Personne morale,REEL,C,DGE,DGE,Bon,22.186815586387308,0.0,21.898189729059784,0.0,,0.0,3237896504.0,0.7492924950304335,-0.0016780752311629195,1,0,0,0,0,1,1
1693,Personne morale,REEL,C,DGE,DGE,Bon,22.219219123659435,0.0,19.946461618215917,0.0,,0.0,459873319.0,0.1030276883837694,0.372627874496298,1,0,0,0,0,1,1
1694,Personne morale,REEL,C,DGE,DGE,Bon,22.399767169526136,0.0,0.0,20.760080219707596,,0.19404077709735854,0.0,0.0,0.0,0,1,0,0,0,1,0
1695,Personne morale,REEL,C,DGE,DGE,Bon,23.48894568352298,0.0,23.49293348731932,0.0,,0.0,15953331044.0,1.003995765602904,0.06207494148290259,1,0,0,0,0,1,1
1696,Personne physique,REEL,C,CIME,CRIL1,Pas bon,17.93925211322101,0.0,0.0,18.795686651448673,,2.3547499214314627,0.0,0.0,0.0,0,1,1,1,1,1,1
1697,Personne morale,REEL,C,CIME,CRILEXT,Bon,18.168237119798274,0.0,0.0,18.42635394089525,,1.2944900206655938,0.0,0.0,0.0,0,1,0,0,1,1,1
1698,Personne morale,REEL,C,CIME,CRIL2,Bon,18.763669565720974,0.0,0.0,20.380402859975984,,5.036610282654827,0.0,0.0,0.0,0,1,0,0,0,1,0
1699,Personne morale,REEL,C,CIME,CRIL1,Bon,19.020626042186166,0.0,19.2784221982427,0.0,,0.0,235782940.0,1.2940749968964376,2.2926043713905973,1,0,0,0,0,1,1
1700,Personne morale,REEL,C,CIME,CRISO,Bon,19.350053594538306,0.0,0.0,19.423908887080753,,1.076650990846865,0.0,0.0,0.0,0,1,0,0,0,1,0
1701,Personne morale,REEL,C,DGE,DGE,Bon,19.440085746163213,0.0,19.99874053610904,0.0,,0.0,484554531.0,1.7483190577288112,-0.2892944855154643,1,0,0,0,0,1,1
1702,Personne morale,REEL,C,CIME,CRICEXT,Bon,19.687654637234957,0.0,19.687654637234957,0.0,,0.0,355009332.0,0.9999999971831727,-0.24144018738763834,1,0,0,0,0,1,1
1703,Personne morale,REEL,C,CIME,CRIL1,Bon,20.782892314665077,0.0,0.0,22.60607936075627,,6.191559824209037,0.0,0.0,0.0,0,1,0,0,0,1,0
1704,Personne morale,REEL,C,CIME,CRIL1,Bon,21.417502551248848,0.0,0.0,20.656911416327578,,0.46739005424863705,0.0,0.0,0.0,0,1,0,0,0,1,0
1705,Personne morale,REEL,C,DGE,DGE,Bon,22.47666981888531,0.0,0.0,21.944213851365515,,0.5871611485320921,0.0,0.0,0.0,0,1,0,0,0,1,0
1706,Personne morale,REEL,C,DGE,DGE,Pas bon,24.942373062853164,0.0,19.959073682920643,0.0,,0.0,465710000.0,0.006851419772818389,0.11057162577856623,1,0,1,1,1,1,1
1707,Personne morale,RSI,C,CDI,CRILEXT,Bon,0.0,0.0,0.0,20.268613560798205,0.0,634668618.0,0.0,0.0,0.0,0,1,0,1,0,0,0
1708,Personne morale,REEL,C,CIME,CRICEXT,Bon,20.429750159392707,0.0,20.43909430599356,0.0,0.0,0.0,752637532.0,1.009387938093508,745637532.0,1,0,0,0,1,1,1
1709,Personne physique,HRI,PC,CDI,CRIA,Bon,0.0,0.0,0.0,0.0,0.0,0.0,0.0,0.0,0.0,0,0,0,0,0,0,0
1710,Personne physique,HRI,PC,CDI,CRIA,Bon,0.0,0.0,0.0,0.0,0.0,0.0,0.0,0.0,0.0,0,0,0,1,0,0,0
1711,Personne physique,IL,PC,CDI,CRIA,Bon,0.0,0.0,0.0,0.0,0.0,0.0,0.0,0.0,0.0,0,0,0,0,0,0,0
1712,Personne physique,IL,PC,CDI,CRIA,Bon,0.0,0.0,0.0,0.0,0.0,0.0,0.0,0.0,0.0,0,0,0,1,0,0,0
1713,Personne physique,IL,PC,CDI,CRIA,Bon,0.0,0.0,0.0,0.0,0.0,0.0,0.0,0.0,0.0,0,0,0,1,0,0,0
1714,Personne physique,IL,PC,CDI,CRIA,Bon,0.0,0.0,0.0,0.0,0.0,0.0,0.0,0.0,0.0,0,0,0,0,0,0,0
1715,Personne physique,IL,PC,CDI,CRIA,Bon,0.0,0.0,0.0,0.0,0.0,0.0,0.0,0.0,0.0,0,0,0,0,0,0,0
1716,Personne physique,IL,PC,CDI,CRIA,Bon,0.0,0.0,0.0,0.0,0.0,0.0,0.0,0.0,0.0,0,0,0,0,0,0,0
1717,Personne physique,IL,PC,CDI,CRIA,Bon,0.0,0.0,0.0,0.0,0.0,0.0,0.0,0.0,0.0,0,0,0,0,0,0,0
1718,Personne physique,IL,PC,CDI,CRIA,Bon,0.0,0.0,0.0,0.0,0.0,0.0,0.0,0.0,0.0,0,0,0,0,0,0,0
1719,Personne physique,IL,PC,CDI,CRIA,Bon,0.0,0.0,0.0,0.0,0.0,0.0,0.0,0.0,0.0,0,0,0,0,0,0,0
1720,Personne physique,IL,PC,CDI,CRIA,Bon,0.0,0.0,0.0,0.0,0.0,0.0,0.0,0.0,0.0,0,0,0,0,0,0,0
1721,Personne physique,IL,PC,CDI,CRIA,Bon,0.0,0.0,0.0,0.0,0.0,0.0,0.0,0.0,0.0,0,0,0,0,0,0,0
1722,Personne physique,IL,PC,CDI,CRIA,Bon,0.0,0.0,0.0,0.0,0.0,0.0,0.0,0.0,0.0,0,0,0,0,0,0,0
1723,Personne physique,RSI,PC,CDI,CRIA,Bon,0.0,0.0,0.0,0.0,0.0,0.0,0.0,0.0,0.0,0,0,0,0,0,0,0
1724,Personne physique,RSI,PC,CDI,CRIA,Bon,0.0,0.0,0.0,0.0,0.0,0.0,0.0,0.0,0.0,0,0,0,1,0,0,0
1725,Personne physique,RSI,PC,CDI,CRIA,Bon,0.0,0.0,0.0,0.0,0.0,0.0,0.0,0.0,0.0,0,0,0,1,0,0,0
1726,Personne physique,SALARIE,PC,CDI,CRIA,Bon,0.0,0.0,0.0,0.0,0.0,0.0,0.0,0.0,0.0,0,0,0,1,0,0,0
1727,Personne physique,SALARIE,PC,CDI,CRIA,Bon,0.0,0.0,0.0,0.0,0.0,0.0,0.0,0.0,0.0,0,0,0,1,0,0,0
1728,Personne physique,SALARIE,PC,CDI,CRIA,Bon,0.0,0.0,0.0,0.0,0.0,0.0,0.0,0.0,0.0,0,0,0,1,0,0,0
1729,Personne physique,SALARIE,PC,CDI,CRIA,Bon,0.0,0.0,0.0,0.0,0.0,0.0,0.0,0.0,0.0,0,0,0,1,0,0,0
1730,Personne physique,SALARIE,PC,CDI,CRIA,Bon,0.0,0.0,0.0,0.0,0.0,0.0,0.0,0.0,0.0,0,0,0,1,0,0,0
1731,Personne physique,SALARIE,PC,CDI,CRIA,Bon,0.0,0.0,0.0,0.0,0.0,0.0,0.0,0.0,0.0,0,0,0,1,0,0,0
1732,Personne physique,SALARIE,PC,CDI,CRIA,Bon,0.0,0.0,0.0,0.0,0.0,0.0,0.0,0.0,0.0,0,0,0,1,0,0,0
1733,Personne physique,SALARIE,PC,CDI,CRIA,Bon,0.0,0.0,0.0,0.0,0.0,0.0,0.0,0.0,0.0,0,0,0,1,0,0,0
1734,Personne physique,SALARIE,PC,CDI,CRIA,Bon,0.0,0.0,0.0,0.0,0.0,0.0,0.0,0.0,0.0,0,0,0,1,0,0,0
1735,Personne physique,SALARIE,PC,CDI,CRIA,Bon,0.0,0.0,0.0,0.0,0.0,0.0,0.0,0.0,0.0,0,0,0,1,0,0,0
1736,Personne physique,RSI,PC,CDI,CRIA,Bon,0.0,0.0,0.0,0.0,0.0,0.0,0.0,0.0,0.0,0,0,0,0,1,0,1
1737,Personne physique,RSI,PC,CDI,CRIA,Bon,0.0,0.0,0.0,0.0,0.0,0.0,0.0,0.0,0.0,0,0,0,0,1,0,1
1738,Personne physique,RSI,PC,CDI,CRIA,Bon,0.0,0.0,0.0,0.0,0.0,0.0,0.0,0.0,0.0,0,0,0,0,1,0,1
1739,Personne morale,RSI,PC,CDI,CRIA,Bon,0.0,0.0,0.0,0.0,0.0,0.0,0.0,0.0,0.0,0,0,0,0,1,0,1
1740,Personne morale,RSI,PC,CDI,CRIA,Bon,0.0,0.0,0.0,0.0,0.0,0.0,0.0,0.0,0.0,0,0,0,0,1,0,1
1741,Personne morale,HRI,PC,CDI,CRIC1,Bon,0.0,0.0,0.0,0.0,0.0,0.0,0.0,0.0,0.0,0,0,0,1,0,0,0
1742,Personne morale,HRI,PC,CDI,CRIC1,Bon,0.0,0.0,0.0,0.0,0.0,0.0,0.0,0.0,0.0,0,0,0,1,0,0,0
1743,Personne morale,HRI,PC,CDI,CRIC1,Bon,0.0,0.0,0.0,0.0,0.0,0.0,0.0,0.0,0.0,0,0,0,1,0,0,0
1744,Personne morale,HRI,PC,CDI,CRIC1,Bon,0.0,0.0,0.0,0.0,0.0,0.0,0.0,0.0,0.0,0,0,0,1,0,0,0
1745,Personne physique,HRI,PC,CDI,CRIC1,Bon,0.0,0.0,0.0,0.0,0.0,0.0,0.0,0.0,0.0,0,0,0,1,0,0,0
1746,Personne physique,HRI,PC,CDI,CRIC1,Bon,0.0,0.0,0.0,0.0,0.0,0.0,0.0,0.0,0.0,0,0,0,1,0,0,0
1747,Personne physique,HRI,PC,CDI,CRIC1,Bon,0.0,0.0,0.0,0.0,0.0,0.0,0.0,0.0,0.0,0,0,0,1,0,0,0
1748,Personne physique,HRI,PC,CDI,CRIC1,Bon,0.0,0.0,0.0,0.0,0.0,0.0,0.0,0.0,0.0,0,0,0,1,0,0,0
1749,Personne physique,HRI,PC,CDI,CRIC1,Bon,0.0,0.0,0.0,0.0,0.0,0.0,0.0,0.0,0.0,0,0,0,1,0,0,0
1750,Personne physique,HRI,PC,CDI,CRIC1,Bon,0.0,0.0,0.0,0.0,0.0,0.0,0.0,0.0,0.0,0,0,0,1,0,0,0
1751,Personne physique,HRI,PC,CDI,CRIC1,Bon,0.0,0.0,0.0,0.0,0.0,0.0,0.0,0.0,0.0,0,0,0,1,0,0,0
1752,Personne physique,HRI,PC,CDI,CRIC1,Bon,0.0,0.0,0.0,0.0,0.0,0.0,0.0,0.0,0.0,0,0,0,1,0,0,0
1753,Personne physique,HRI,PC,CDI,CRIC1,Bon,0.0,0.0,0.0,0.0,0.0,0.0,0.0,0.0,0.0,0,0,0,1,0,0,0
1754,Personne physique,HRI,PC,CDI,CRIC1,Bon,0.0,0.0,0.0,0.0,0.0,0.0,0.0,0.0,0.0,0,0,0,1,0,0,0
1755,Personne physique,HRI,PC,CDI,CRIC1,Bon,0.0,0.0,0.0,0.0,0.0,0.0,0.0,0.0,0.0,0,0,0,1,0,0,0
1756,Personne physique,HRI,PC,CDI,CRIC1,Bon,0.0,0.0,0.0,0.0,0.0,0.0,0.0,0.0,0.0,0,0,0,1,0,0,0
1757,Personne physique,HRI,PC,CDI,CRIC1,Bon,0.0,0.0,0.0,0.0,0.0,0.0,0.0,0.0,0.0,0,0,0,1,0,0,0
1758,Personne physique,HRI,PC,CDI,CRIC1,Bon,0.0,0.0,0.0,0.0,0.0,0.0,0.0,0.0,0.0,0,0,0,1,0,0,0
1759,Personne physique,HRI,PC,CDI,CRIC1,Bon,0.0,0.0,0.0,0.0,0.0,0.0,0.0,0.0,0.0,0,0,0,1,0,0,0
1760,Personne physique,HRI,PC,CDI,CRIC1,Bon,0.0,0.0,0.0,0.0,0.0,0.0,0.0,0.0,0.0,0,0,0,1,0,0,0
1761,Personne physique,HRI,PC,CDI,CRIC1,Bon,0.0,0.0,0.0,0.0,0.0,0.0,0.0,0.0,0.0,0,0,0,1,0,0,0
1762,Personne physique,HRI,PC,CDI,CRIC1,Bon,0.0,0.0,0.0,0.0,0.0,0.0,0.0,0.0,0.0,0,0,0,1,0,0,0
1763,Personne physique,HRI,PC,CDI,CRIC1,Bon,0.0,0.0,0.0,0.0,0.0,0.0,0.0,0.0,0.0,0,0,0,1,0,0,0
1764,Personne physique,HRI,PC,CDI,CRIC1,Bon,0.0,0.0,0.0,0.0,0.0,0.0,0.0,0.0,0.0,0,0,0,1,0,0,0
1765,Personne physique,HRI,PC,CDI,CRIC1,Bon,0.0,0.0,0.0,0.0,0.0,0.0,0.0,0.0,0.0,0,0,0,1,0,0,0
1766,Personne physique,HRI,PC,CDI,CRIC1,Bon,0.0,0.0,0.0,0.0,0.0,0.0,0.0,0.0,0.0,0,0,0,1,0,0,0
1767,Personne physique,HRI,PC,CDI,CRIC1,Bon,0.0,0.0,0.0,0.0,0.0,0.0,0.0,0.0,0.0,0,0,0,1,0,0,0
1768,Personne physique,HRI,PC,CDI,CRIC1,Bon,0.0,0.0,0.0,0.0,0.0,0.0,0.0,0.0,0.0,0,0,0,1,0,0,0
1769,Personne physique,HRI,PC,CDI,CRIC1,Bon,0.0,0.0,0.0,0.0,0.0,0.0,0.0,0.0,0.0,0,0,0,1,0,0,0
1770,Personne physique,HRI,PC,CDI,CRIC1,Bon,0.0,0.0,0.0,0.0,0.0,0.0,0.0,0.0,0.0,0,0,0,1,0,0,0
1771,Personne physique,HRI,PC,CDI,CRIC1,Bon,0.0,0.0,0.0,0.0,0.0,0.0,0.0,0.0,0.0,0,0,0,1,0,0,0
1772,Personne physique,HRI,PC,CDI,CRIC1,Bon,0.0,0.0,0.0,0.0,0.0,0.0,0.0,0.0,0.0,0,0,0,1,0,0,0
1773,Personne physique,HRI,PC,CDI,CRIC1,Bon,0.0,0.0,0.0,0.0,0.0,0.0,0.0,0.0,0.0,0,0,0,1,0,0,0
1774,Personne physique,HRI,PC,CDI,CRIC1,Bon,0.0,0.0,0.0,0.0,0.0,0.0,0.0,0.0,0.0,0,0,0,1,0,0,0
1775,Personne physique,HRI,PC,CDI,CRIC1,Bon,0.0,0.0,0.0,0.0,0.0,0.0,0.0,0.0,0.0,0,0,0,1,0,0,0
1776,Personne physique,HRI,PC,CDI,CRIC1,Bon,0.0,0.0,0.0,0.0,0.0,0.0,0.0,0.0,0.0,0,0,0,1,0,0,0
1777,Personne physique,HRI,PC,CDI,CRIC1,Bon,0.0,0.0,0.0,0.0,0.0,0.0,0.0,0.0,0.0,0,0,0,1,0,0,0
1778,Personne physique,HRI,PC,CDI,CRIC1,Bon,0.0,0.0,0.0,0.0,0.0,0.0,0.0,0.0,0.0,0,0,0,1,0,0,0
1779,Personne physique,HRI,PC,CDI,CRIC1,Bon,0.0,0.0,0.0,0.0,0.0,0.0,0.0,0.0,0.0,0,0,0,1,0,0,0
1780,Personne physique,HRI,PC,CDI,CRIC1,Bon,0.0,0.0,0.0,0.0,0.0,0.0,0.0,0.0,0.0,0,0,0,1,0,0,0
1781,Personne physique,HRI,PC,CDI,CRIC1,Bon,0.0,0.0,0.0,0.0,0.0,0.0,0.0,0.0,0.0,0,0,0,1,0,0,0
1782,Personne physique,HRI,PC,CDI,CRIC1,Bon,0.0,0.0,0.0,0.0,0.0,0.0,0.0,0.0,0.0,0,0,0,1,0,0,0
1783,Personne physique,HRI,PC,CDI,CRIC1,Bon,0.0,0.0,0.0,0.0,0.0,0.0,0.0,0.0,0.0,0,0,0,1,0,0,0
1784,Personne physique,HRI,PC,CDI,CRIC1,Bon,0.0,0.0,0.0,0.0,0.0,0.0,0.0,0.0,0.0,0,0,0,1,0,0,0
1785,Personne physique,HRI,PC,CDI,CRIC1,Bon,0.0,0.0,0.0,0.0,0.0,0.0,0.0,0.0,0.0,0,0,0,1,0,0,0
1786,Personne physique,HRI,PC,CDI,CRIC1,Bon,0.0,0.0,0.0,0.0,0.0,0.0,0.0,0.0,0.0,0,0,0,1,0,0,0
1787,Personne physique,HRI,PC,CDI,CRIC1,Bon,0.0,0.0,0.0,0.0,0.0,0.0,0.0,0.0,0.0,0,0,0,1,0,0,0
1788,Personne physique,HRI,PC,CDI,CRIC1,Bon,0.0,0.0,0.0,0.0,0.0,0.0,0.0,0.0,0.0,0,0,0,1,0,0,0
1789,Personne physique,HRI,PC,CDI,CRIC1,Bon,0.0,0.0,0.0,0.0,0.0,0.0,0.0,0.0,0.0,0,0,0,1,0,0,0
1790,Personne physique,HRI,PC,CDI,CRIC1,Bon,0.0,0.0,0.0,0.0,0.0,0.0,0.0,0.0,0.0,0,0,0,0,0,0,0
1791,Personne physique,HRI,PC,CDI,CRIC1,Bon,0.0,0.0,0.0,0.0,0.0,0.0,0.0,0.0,0.0,0,0,0,1,0,0,0
1792,Personne physique,HRI,PC,CDI,CRIC1,Bon,0.0,0.0,0.0,0.0,0.0,0.0,0.0,0.0,0.0,0,0,0,1,0,0,0
1793,Personne physique,IL,PC,CDI,CRIC1,Bon,0.0,0.0,0.0,0.0,0.0,0.0,0.0,0.0,0.0,0,0,0,1,0,0,0
1794,Personne physique,IL,PC,CDI,CRIC1,Bon,0.0,0.0,0.0,0.0,0.0,0.0,0.0,0.0,0.0,0,0,0,1,0,0,0
1795,Personne physique,IL,PC,CDI,CRIC1,Bon,0.0,0.0,0.0,0.0,0.0,0.0,0.0,0.0,0.0,0,0,0,1,0,0,0
1796,Personne physique,IL,PC,CDI,CRIC1,Bon,0.0,0.0,0.0,0.0,0.0,0.0,0.0,0.0,0.0,0,0,0,1,0,0,0
1797,Personne physique,IL,PC,CDI,CRIC1,Bon,0.0,0.0,0.0,0.0,0.0,0.0,0.0,0.0,0.0,0,0,0,1,0,0,0
1798,Personne physique,IL,PC,CDI,CRIC1,Bon,0.0,0.0,0.0,0.0,0.0,0.0,0.0,0.0,0.0,0,0,0,1,0,0,0
1799,Personne morale,IL,PC,CDI,CRIC1,Bon,0.0,0.0,0.0,0.0,0.0,0.0,0.0,0.0,0.0,0,0,0,1,0,0,0
1800,Personne physique,IL,PC,CDI,CRIC1,Bon,0.0,0.0,0.0,0.0,0.0,0.0,0.0,0.0,0.0,0,0,0,1,0,0,0
1801,Personne physique,IL,PC,CDI,CRIC1,Bon,0.0,0.0,0.0,0.0,0.0,0.0,0.0,0.0,0.0,0,0,0,1,0,0,0
1802,Personne physique,IL,PC,CDI,CRIC1,Bon,0.0,0.0,0.0,0.0,0.0,0.0,0.0,0.0,0.0,0,0,0,0,0,0,0
1803,Personne physique,IL,PC,CDI,CRIC1,Bon,0.0,0.0,0.0,0.0,0.0,0.0,0.0,0.0,0.0,0,0,0,0,0,0,0
1804,Personne physique,IL,PC,CDI,CRIC1,Bon,0.0,0.0,0.0,0.0,0.0,0.0,0.0,0.0,0.0,0,0,0,1,0,0,0
1805,Personne physique,IL,PC,CDI,CRIC1,Bon,0.0,0.0,0.0,0.0,0.0,0.0,0.0,0.0,0.0,0,0,0,1,0,0,0
1806,Personne physique,IL,PC,CDI,CRIC1,Bon,0.0,0.0,0.0,0.0,0.0,0.0,0.0,0.0,0.0,0,0,0,1,0,0,0
1807,Personne physique,IL,PC,CDI,CRIC1,Bon,0.0,0.0,0.0,0.0,0.0,0.0,0.0,0.0,0.0,0,0,0,1,0,0,0
1808,Personne physique,IL,PC,CDI,CRIC1,Bon,0.0,0.0,0.0,0.0,0.0,0.0,0.0,0.0,0.0,0,0,0,1,0,0,0
1809,Personne physique,IL,PC,CDI,CRIC1,Bon,0.0,0.0,0.0,0.0,0.0,0.0,0.0,0.0,0.0,0,0,0,1,0,0,0
1810,Personne physique,IL,PC,CDI,CRIC1,Bon,0.0,0.0,0.0,0.0,0.0,0.0,0.0,0.0,0.0,0,0,0,1,0,0,0
1811,Personne physique,IL,PC,CDI,CRIC1,Bon,0.0,0.0,0.0,0.0,0.0,0.0,0.0,0.0,0.0,0,0,0,1,0,0,0
1812,Personne physique,IL,PC,CDI,CRIC1,Bon,0.0,0.0,0.0,0.0,0.0,0.0,0.0,0.0,0.0,0,0,0,1,0,0,0
1813,Personne physique,IL,PC,CDI,CRIC1,Bon,0.0,0.0,0.0,0.0,0.0,0.0,0.0,0.0,0.0,0,0,0,1,0,0,0
1814,Personne morale,OBNL,PC,CIME,CRIC1,Bon,0.0,0.0,0.0,0.0,0.0,0.0,0.0,0.0,0.0,0,0,0,1,0,0,0
1815,Personne morale,RSI,PC,CDI,CRIC1,Bon,0.0,0.0,0.0,0.0,0.0,0.0,0.0,0.0,0.0,0,0,0,1,0,0,0
1816,Personne morale,RSI,PC,CDI,CRIC1,Bon,0.0,0.0,0.0,0.0,0.0,0.0,0.0,0.0,0.0,0,0,0,1,0,0,0
1817,Personne morale,RSI,PC,CDI,CRIC1,Bon,0.0,0.0,0.0,0.0,0.0,0.0,0.0,0.0,0.0,0,0,0,1,0,0,0
1818,Personne morale,RSI,PC,CDI,CRIC1,Bon,0.0,0.0,0.0,0.0,0.0,0.0,0.0,0.0,0.0,0,0,0,1,0,0,0
1819,Personne morale,RSI,PC,CDI,CRIC1,Bon,0.0,0.0,0.0,0.0,0.0,0.0,0.0,0.0,0.0,0,0,0,1,0,0,0
1820,Personne morale,RSI,PC,CDI,CRIC1,Bon,0.0,0.0,0.0,0.0,0.0,0.0,0.0,0.0,0.0,0,0,0,1,0,0,0
1821,Personne physique,RSI,PC,CDI,CRIC1,Bon,0.0,0.0,0.0,0.0,0.0,0.0,0.0,0.0,0.0,0,0,0,1,0,0,0
1822,Personne physique,RSI,PC,CDI,CRIC1,Bon,0.0,0.0,0.0,0.0,0.0,0.0,0.0,0.0,0.0,0,0,0,1,0,0,0
1823,Personne physique,RSI,PC,CDI,CRIC1,Bon,0.0,0.0,0.0,0.0,0.0,0.0,0.0,0.0,0.0,0,0,0,1,0,0,0
1824,Personne physique,RSI,PC,CDI,CRIC1,Bon,0.0,0.0,0.0,0.0,0.0,0.0,0.0,0.0,0.0,0,0,0,1,0,0,0
1825,Personne physique,RSI,PC,CDI,CRIC1,Bon,0.0,0.0,0.0,0.0,0.0,0.0,0.0,0.0,0.0,0,0,0,1,0,0,0
1826,Personne physique,RSI,PC,CDI,CRIC1,Bon,0.0,0.0,0.0,0.0,0.0,0.0,0.0,0.0,0.0,0,0,0,1,0,0,0
1827,Personne physique,RSI,PC,CDI,CRIC1,Bon,0.0,0.0,0.0,0.0,0.0,0.0,0.0,0.0,0.0,0,0,0,1,0,0,0
1828,Personne physique,RSI,PC,CDI,CRIC1,Bon,0.0,0.0,0.0,0.0,0.0,0.0,0.0,0.0,0.0,0,0,0,1,0,0,0
1829,Personne physique,RSI,PC,CDI,CRIC1,Bon,0.0,0.0,0.0,0.0,0.0,0.0,0.0,0.0,0.0,0,0,0,1,0,0,0
1830,Personne physique,RSI,PC,CDI,CRIC1,Bon,0.0,0.0,0.0,0.0,0.0,0.0,0.0,0.0,0.0,0,0,0,1,0,0,0
1831,Personne physique,RSI,PC,CDI,CRIC1,Bon,0.0,0.0,0.0,0.0,0.0,0.0,0.0,0.0,0.0,0,0,0,1,0,0,0
1832,Personne physique,RSI,PC,CDI,CRIC1,Bon,0.0,0.0,0.0,0.0,0.0,0.0,0.0,0.0,0.0,0,0,0,1,0,0,0
1833,Personne physique,RSI,PC,CDI,CRIC1,Bon,0.0,0.0,0.0,0.0,0.0,0.0,0.0,0.0,0.0,0,0,0,1,0,0,0
1834,Personne physique,SALARIE,PC,CDI,CRIC1,Bon,0.0,0.0,0.0,0.0,0.0,0.0,0.0,0.0,0.0,0,0,0,1,0,0,0
1835,Personne physique,SALARIE,PC,CDI,CRIC1,Bon,0.0,0.0,0.0,0.0,0.0,0.0,0.0,0.0,0.0,0,0,0,1,0,0,0
1836,Personne physique,SALARIE,PC,CDI,CRIC1,Bon,0.0,0.0,0.0,0.0,0.0,0.0,0.0,0.0,0.0,0,0,0,1,0,0,0
1837,Personne physique,SALARIE,PC,CDI,CRIC1,Bon,0.0,0.0,0.0,0.0,0.0,0.0,0.0,0.0,0.0,0,0,0,1,0,0,0
1838,Personne physique,SALARIE,PC,CDI,CRIC1,Bon,0.0,0.0,0.0,0.0,0.0,0.0,0.0,0.0,0.0,0,0,0,1,0,0,0
1839,Personne physique,SALARIE,PC,CDI,CRIC1,Bon,0.0,0.0,0.0,0.0,0.0,0.0,0.0,0.0,0.0,0,0,0,1,0,0,0
1840,Personne physique,SALARIE,PC,CDI,CRIC1,Bon,0.0,0.0,0.0,0.0,0.0,0.0,0.0,0.0,0.0,0,0,0,1,0,0,0
1841,Personne physique,SALARIE,PC,CDI,CRIC1,Bon,0.0,0.0,0.0,0.0,0.0,0.0,0.0,0.0,0.0,0,0,0,1,0,0,0
1842,Personne physique,SALARIE,PC,CDI,CRIC1,Bon,0.0,0.0,0.0,0.0,0.0,0.0,0.0,0.0,0.0,0,0,0,1,0,0,0
1843,Personne physique,SALARIE,PC,CDI,CRIC1,Bon,0.0,0.0,0.0,0.0,0.0,0.0,0.0,0.0,0.0,0,0,0,1,0,0,0
1844,Personne physique,SALARIE,PC,CDI,CRIC1,Bon,0.0,0.0,0.0,0.0,0.0,0.0,0.0,0.0,0.0,0,0,0,1,0,0,0
1845,Personne physique,SALARIE,PC,CDI,CRIC1,Bon,0.0,0.0,0.0,0.0,0.0,0.0,0.0,0.0,0.0,0,0,0,1,0,0,0
1846,Personne physique,SALARIE,PC,CDI,CRIC1,Bon,0.0,0.0,0.0,0.0,0.0,0.0,0.0,0.0,0.0,0,0,0,1,0,0,0
1847,Personne physique,SALARIE,PC,CDI,CRIC1,Bon,0.0,0.0,0.0,0.0,0.0,0.0,0.0,0.0,0.0,0,0,0,1,0,0,0
1848,Personne physique,SALARIE,PC,CDI,CRIC1,Bon,0.0,0.0,0.0,0.0,0.0,0.0,0.0,0.0,0.0,0,0,0,1,0,0,0
1849,Personne physique,SALARIE,PC,CDI,CRIC1,Bon,0.0,0.0,0.0,0.0,0.0,0.0,0.0,0.0,0.0,0,0,0,1,0,0,0
1850,Personne physique,SALARIE,PC,CDI,CRIC1,Bon,0.0,0.0,0.0,0.0,0.0,0.0,0.0,0.0,0.0,0,0,0,1,0,0,0
1851,Personne physique,SALARIE,PC,CDI,CRIC1,Bon,0.0,0.0,0.0,0.0,0.0,0.0,0.0,0.0,0.0,0,0,0,1,0,0,0
1852,Personne physique,SALARIE,PC,CDI,CRIC1,Bon,0.0,0.0,0.0,0.0,0.0,0.0,0.0,0.0,0.0,0,0,0,1,0,0,0
1853,Personne physique,SALARIE,PC,CDI,CRIC1,Bon,0.0,0.0,0.0,0.0,0.0,0.0,0.0,0.0,0.0,0,0,0,1,0,0,0
1854,Personne physique,SALARIE,PC,CDI,CRIC1,Bon,0.0,0.0,0.0,0.0,0.0,0.0,0.0,0.0,0.0,0,0,0,1,0,0,0
1855,Personne physique,SALARIE,PC,CDI,CRIC1,Bon,0.0,0.0,0.0,0.0,0.0,0.0,0.0,0.0,0.0,0,0,0,1,0,0,0
1856,Personne physique,SALARIE,PC,CDI,CRIC1,Bon,0.0,0.0,0.0,0.0,0.0,0.0,0.0,0.0,0.0,0,0,0,1,0,0,0
1857,Personne physique,SALARIE,PC,CDI,CRIC1,Bon,0.0,0.0,0.0,0.0,0.0,0.0,0.0,0.0,0.0,0,0,0,1,0,0,0
1858,Personne physique,SALARIE,PC,CDI,CRIC1,Bon,0.0,0.0,0.0,0.0,0.0,0.0,0.0,0.0,0.0,0,0,0,1,0,0,0
1859,Personne physique,SALARIE,PC,CDI,CRIC1,Bon,0.0,0.0,0.0,0.0,0.0,0.0,0.0,0.0,0.0,0,0,0,1,0,0,0
1860,Personne physique,SALARIE,PC,CDI,CRIC1,Bon,0.0,0.0,0.0,0.0,0.0,0.0,0.0,0.0,0.0,0,0,0,1,0,0,0
1861,Personne physique,SALARIE,PC,CDI,CRIC1,Bon,0.0,0.0,0.0,0.0,0.0,0.0,0.0,0.0,0.0,0,0,0,1,0,0,0
1862,Personne physique,SALARIE,PC,CDI,CRIC1,Bon,0.0,0.0,0.0,0.0,0.0,0.0,0.0,0.0,0.0,0,0,0,1,0,0,0
1863,Personne physique,SALARIE,PC,CDI,CRIC1,Bon,0.0,0.0,0.0,0.0,0.0,0.0,0.0,0.0,0.0,0,0,0,1,0,0,0
1864,Personne physique,SALARIE,PC,CDI,CRIC1,Bon,0.0,0.0,0.0,0.0,0.0,0.0,0.0,0.0,0.0,0,0,0,1,0,0,0
1865,Personne physique,SALARIE,PC,CDI,CRIC1,Bon,0.0,0.0,0.0,0.0,0.0,0.0,0.0,0.0,0.0,0,0,0,1,0,0,0
1866,Personne physique,SALARIE,PC,CDI,CRIC1,Bon,0.0,0.0,0.0,0.0,0.0,0.0,0.0,0.0,0.0,0,0,0,1,0,0,0
1867,Personne physique,SALARIE,PC,CDI,CRIC1,Bon,0.0,0.0,0.0,0.0,0.0,0.0,0.0,0.0,0.0,0,0,0,1,0,0,0
1868,Personne physique,SALARIE,PC,CDI,CRIC1,Bon,0.0,0.0,0.0,0.0,0.0,0.0,0.0,0.0,0.0,0,0,0,1,0,0,0
1869,Personne physique,SALARIE,PC,CDI,CRIC1,Bon,0.0,0.0,0.0,0.0,0.0,0.0,0.0,0.0,0.0,0,0,0,1,0,0,0
1870,Personne physique,SALARIE,PC,CDI,CRIC1,Bon,0.0,0.0,0.0,0.0,0.0,0.0,0.0,0.0,0.0,0,0,0,1,0,0,0
1871,Personne physique,SALARIE,PC,CDI,CRIC1,Bon,0.0,0.0,0.0,0.0,0.0,0.0,0.0,0.0,0.0,0,0,0,1,0,0,0
1872,Personne physique,SALARIE,PC,CDI,CRIC1,Bon,0.0,0.0,0.0,0.0,0.0,0.0,0.0,0.0,0.0,0,0,0,1,0,0,0
1873,Personne physique,SALARIE,PC,CDI,CRIC1,Bon,0.0,0.0,0.0,0.0,0.0,0.0,0.0,0.0,0.0,0,0,0,1,0,0,0
1874,Personne physique,SALARIE,PC,CDI,CRIC1,Bon,0.0,0.0,0.0,0.0,0.0,0.0,0.0,0.0,0.0,0,0,0,1,0,0,0
1875,Personne physique,SALARIE,PC,CDI,CRIC1,Bon,0.0,0.0,0.0,0.0,0.0,0.0,0.0,0.0,0.0,0,0,0,1,0,0,0
1876,Personne physique,SALARIE,PC,CDI,CRIC1,Bon,0.0,0.0,0.0,0.0,0.0,0.0,0.0,0.0,0.0,0,0,0,1,0,0,0
1877,Personne physique,SALARIE,PC,CDI,CRIC1,Bon,0.0,0.0,0.0,0.0,0.0,0.0,0.0,0.0,0.0,0,0,0,1,0,0,0
1878,Personne physique,SALARIE,PC,CDI,CRIC1,Bon,0.0,0.0,0.0,0.0,0.0,0.0,0.0,0.0,0.0,0,0,0,1,0,0,0
1879,Personne physique,SALARIE,PC,CDI,CRIC1,Bon,0.0,0.0,0.0,0.0,0.0,0.0,0.0,0.0,0.0,0,0,0,1,0,0,0
1880,Personne physique,SALARIE,PC,CDI,CRIC1,Bon,0.0,0.0,0.0,0.0,0.0,0.0,0.0,0.0,0.0,0,0,0,1,0,0,0
1881,Personne physique,SALARIE,PC,CDI,CRIC1,Bon,0.0,0.0,0.0,0.0,0.0,0.0,0.0,0.0,0.0,0,0,0,1,0,0,0
1882,Personne physique,SALARIE,PC,CDI,CRIC1,Bon,0.0,0.0,0.0,0.0,0.0,0.0,0.0,0.0,0.0,0,0,0,1,0,0,0
1883,Personne physique,SALARIE,PC,CDI,CRIC1,Bon,0.0,0.0,0.0,0.0,0.0,0.0,0.0,0.0,0.0,0,0,0,1,0,0,0
1884,Personne physique,SALARIE,PC,CDI,CRIC1,Bon,0.0,0.0,0.0,0.0,0.0,0.0,0.0,0.0,0.0,0,0,0,1,0,0,0
1885,Personne physique,SALARIE,PC,CDI,CRIC1,Bon,0.0,0.0,0.0,0.0,0.0,0.0,0.0,0.0,0.0,0,0,0,1,0,0,0
1886,Personne physique,SALARIE,PC,CDI,CRIC1,Bon,0.0,0.0,0.0,0.0,0.0,0.0,0.0,0.0,0.0,0,0,0,1,0,0,0
1887,Personne physique,SALARIE,PC,CDI,CRIC1,Bon,0.0,0.0,0.0,0.0,0.0,0.0,0.0,0.0,0.0,0,0,0,1,0,0,0
1888,Personne physique,SALARIE,PC,CDI,CRIC1,Bon,0.0,0.0,0.0,0.0,0.0,0.0,0.0,0.0,0.0,0,0,0,1,0,0,0
1889,Personne physique,SALARIE,PC,CDI,CRIC1,Bon,0.0,0.0,0.0,0.0,0.0,0.0,0.0,0.0,0.0,0,0,0,1,0,0,0
1890,Personne physique,SALARIE,PC,CDI,CRIC1,Bon,0.0,0.0,0.0,0.0,0.0,0.0,0.0,0.0,0.0,0,0,0,1,0,0,0
1891,Personne physique,SALARIE,PC,CDI,CRIC1,Bon,0.0,0.0,0.0,0.0,0.0,0.0,0.0,0.0,0.0,0,0,0,1,0,0,0
1892,Personne physique,SALARIE,PC,CDI,CRIC1,Bon,0.0,0.0,0.0,0.0,0.0,0.0,0.0,0.0,0.0,0,0,0,1,0,0,0
1893,Personne physique,SALARIE,PC,CDI,CRIC1,Bon,0.0,0.0,0.0,0.0,0.0,0.0,0.0,0.0,0.0,0,0,0,1,0,0,0
1894,Personne physique,SALARIE,PC,CDI,CRIC1,Bon,0.0,0.0,0.0,0.0,0.0,0.0,0.0,0.0,0.0,0,0,0,1,0,0,0
1895,Personne physique,SALARIE,PC,CDI,CRIC1,Bon,0.0,0.0,0.0,0.0,0.0,0.0,0.0,0.0,0.0,0,0,0,1,0,0,0
1896,Personne physique,SALARIE,PC,CDI,CRIC1,Bon,0.0,0.0,0.0,0.0,0.0,0.0,0.0,0.0,0.0,0,0,0,1,0,0,0
1897,Personne physique,SALARIE,PC,CDI,CRIC1,Bon,0.0,0.0,0.0,0.0,0.0,0.0,0.0,0.0,0.0,0,0,0,1,0,0,0
1898,Personne physique,SALARIE,PC,CDI,CRIC1,Bon,0.0,0.0,0.0,0.0,0.0,0.0,0.0,0.0,0.0,0,0,0,1,0,0,0
1899,Personne physique,SALARIE,PC,CDI,CRIC1,Bon,0.0,0.0,0.0,0.0,0.0,0.0,0.0,0.0,0.0,0,0,0,1,0,0,0
1900,Personne physique,SALARIE,PC,CDI,CRIC1,Bon,0.0,0.0,0.0,0.0,0.0,0.0,0.0,0.0,0.0,0,0,0,1,0,0,0
1901,Personne physique,SALARIE,PC,CDI,CRIC1,Bon,0.0,0.0,0.0,0.0,0.0,0.0,0.0,0.0,0.0,0,0,0,1,0,0,0
1902,Personne physique,SALARIE,PC,CDI,CRIC1,Bon,0.0,0.0,0.0,0.0,0.0,0.0,0.0,0.0,0.0,0,0,0,1,0,0,0
1903,Personne physique,SALARIE,PC,CDI,CRIC1,Bon,0.0,0.0,0.0,0.0,0.0,0.0,0.0,0.0,0.0,0,0,0,1,0,0,0
1904,Personne physique,SALARIE,PC,CDI,CRIC1,Bon,0.0,0.0,0.0,0.0,0.0,0.0,0.0,0.0,0.0,0,0,0,1,0,0,0
1905,Personne physique,SALARIE,PC,CDI,CRIC1,Bon,0.0,0.0,0.0,0.0,0.0,0.0,0.0,0.0,0.0,0,0,0,1,0,0,0
1906,Personne physique,SALARIE,PC,CDI,CRIC1,Bon,0.0,0.0,0.0,0.0,0.0,0.0,0.0,0.0,0.0,0,0,0,1,0,0,0
1907,Personne physique,SALARIE,PC,CDI,CRIC1,Bon,0.0,0.0,0.0,0.0,0.0,0.0,0.0,0.0,0.0,0,0,0,1,0,0,0
1908,Personne physique,SALARIE,PC,CDI,CRIC1,Bon,0.0,0.0,0.0,0.0,0.0,0.0,0.0,0.0,0.0,0,0,0,1,0,0,0
1909,Personne physique,SALARIE,PC,CDI,CRIC1,Bon,0.0,0.0,0.0,0.0,0.0,0.0,0.0,0.0,0.0,0,0,0,1,0,0,0
1910,Personne physique,SALARIE,PC,CDI,CRIC1,Bon,0.0,0.0,0.0,0.0,0.0,0.0,0.0,0.0,0.0,0,0,0,1,0,0,0
1911,Personne physique,SALARIE,PC,CDI,CRIC1,Bon,0.0,0.0,0.0,0.0,0.0,0.0,0.0,0.0,0.0,0,0,0,1,0,0,0
1912,Personne physique,SALARIE,PC,CDI,CRIC1,Bon,0.0,0.0,0.0,0.0,0.0,0.0,0.0,0.0,0.0,0,0,0,1,0,0,0
1913,Personne physique,SALARIE,PC,CDI,CRIC1,Bon,0.0,0.0,0.0,0.0,0.0,0.0,0.0,0.0,0.0,0,0,0,1,0,0,0
1914,Personne physique,SALARIE,PC,CDI,CRIC1,Bon,0.0,0.0,0.0,0.0,0.0,0.0,0.0,0.0,0.0,0,0,0,1,0,0,0
1915,Personne physique,SALARIE,PC,CDI,CRIC1,Bon,0.0,0.0,0.0,0.0,0.0,0.0,0.0,0.0,0.0,0,0,0,1,0,0,0
1916,Personne physique,SALARIE,PC,CDI,CRIC1,Bon,0.0,0.0,0.0,0.0,0.0,0.0,0.0,0.0,0.0,0,0,0,1,0,0,0
1917,Personne physique,SALARIE,PC,CDI,CRIC1,Bon,0.0,0.0,0.0,0.0,0.0,0.0,0.0,0.0,0.0,0,0,0,1,0,0,0
1918,Personne physique,SALARIE,PC,CDI,CRIC1,Bon,0.0,0.0,0.0,0.0,0.0,0.0,0.0,0.0,0.0,0,0,0,1,0,0,0
1919,Personne physique,SALARIE,PC,CDI,CRIC1,Bon,0.0,0.0,0.0,0.0,0.0,0.0,0.0,0.0,0.0,0,0,0,1,0,0,0
1920,Personne physique,SALARIE,PC,CDI,CRIC1,Bon,0.0,0.0,0.0,0.0,0.0,0.0,0.0,0.0,0.0,0,0,0,1,0,0,0
1921,Personne physique,SALARIE,PC,CDI,CRIC1,Bon,0.0,0.0,0.0,0.0,0.0,0.0,0.0,0.0,0.0,0,0,0,1,0,0,0
1922,Personne physique,SALARIE,PC,CDI,CRIC1,Bon,0.0,0.0,0.0,0.0,0.0,0.0,0.0,0.0,0.0,0,0,0,1,0,0,0
1923,Personne physique,SALARIE,PC,CDI,CRIC1,Bon,0.0,0.0,0.0,0.0,0.0,0.0,0.0,0.0,0.0,0,0,0,1,0,0,0
1924,Personne physique,SALARIE,PC,CDI,CRIC1,Bon,0.0,0.0,0.0,0.0,0.0,0.0,0.0,0.0,0.0,0,0,0,1,0,0,0
1925,Personne physique,SALARIE,PC,CDI,CRIC1,Bon,0.0,0.0,0.0,0.0,0.0,0.0,0.0,0.0,0.0,0,0,0,1,0,0,0
1926,Personne physique,SALARIE,PC,CDI,CRIC1,Bon,0.0,0.0,0.0,0.0,0.0,0.0,0.0,0.0,0.0,0,0,0,1,0,0,0
1927,Personne physique,SALARIE,PC,CDI,CRIC1,Bon,0.0,0.0,0.0,0.0,0.0,0.0,0.0,0.0,0.0,0,0,0,1,0,0,0
1928,Personne physique,SALARIE,PC,CDI,CRIC1,Bon,0.0,0.0,0.0,0.0,0.0,0.0,0.0,0.0,0.0,0,0,0,1,0,0,0
1929,Personne physique,SALARIE,PC,CDI,CRIC1,Bon,0.0,0.0,0.0,0.0,0.0,0.0,0.0,0.0,0.0,0,0,0,1,0,0,0
1930,Personne physique,SALARIE,PC,CDI,CRIC1,Bon,0.0,0.0,0.0,0.0,0.0,0.0,0.0,0.0,0.0,0,0,0,1,0,0,0
1931,Personne physique,SALARIE,PC,CDI,CRIC1,Bon,0.0,0.0,0.0,0.0,0.0,0.0,0.0,0.0,0.0,0,0,0,1,0,0,0
1932,Personne physique,SALARIE,PC,CDI,CRIC1,Bon,0.0,0.0,0.0,0.0,0.0,0.0,0.0,0.0,0.0,0,0,0,1,0,0,0
1933,Personne physique,SALARIE,PC,CDI,CRIC1,Bon,0.0,0.0,0.0,0.0,0.0,0.0,0.0,0.0,0.0,0,0,0,1,0,0,0
1934,Personne physique,SALARIE,PC,CDI,CRIC1,Bon,0.0,0.0,0.0,0.0,0.0,0.0,0.0,0.0,0.0,0,0,0,1,0,0,0
1935,Personne physique,SALARIE,PC,CDI,CRIC1,Bon,0.0,0.0,0.0,0.0,0.0,0.0,0.0,0.0,0.0,0,0,0,1,0,0,0
1936,Personne physique,SALARIE,PC,CDI,CRIC1,Bon,0.0,0.0,0.0,0.0,0.0,0.0,0.0,0.0,0.0,0,0,0,1,0,0,0
1937,Personne physique,SALARIE,PC,CDI,CRIC1,Bon,0.0,0.0,0.0,0.0,0.0,0.0,0.0,0.0,0.0,0,0,0,1,0,0,0
1938,Personne physique,SALARIE,PC,CDI,CRIC1,Bon,0.0,0.0,0.0,0.0,0.0,0.0,0.0,0.0,0.0,0,0,0,1,0,0,0
1939,Personne physique,SALARIE,PC,CDI,CRIC1,Bon,0.0,0.0,0.0,0.0,0.0,0.0,0.0,0.0,0.0,0,0,0,1,0,0,0
1940,Personne physique,SALARIE,PC,CDI,CRIC1,Bon,0.0,0.0,0.0,0.0,0.0,0.0,0.0,0.0,0.0,0,0,0,1,0,0,0
1941,Personne physique,SALARIE,PC,CDI,CRIC1,Bon,0.0,0.0,0.0,0.0,0.0,0.0,0.0,0.0,0.0,0,0,0,1,0,0,0
1942,Personne physique,SALARIE,PC,CDI,CRIC1,Bon,0.0,0.0,0.0,0.0,0.0,0.0,0.0,0.0,0.0,0,0,0,1,0,0,0
1943,Personne physique,SALARIE,PC,CDI,CRIC1,Bon,0.0,0.0,0.0,0.0,0.0,0.0,0.0,0.0,0.0,0,0,0,1,0,0,0
1944,Personne physique,SALARIE,PC,CDI,CRIC1,Bon,0.0,0.0,0.0,0.0,0.0,0.0,0.0,0.0,0.0,0,0,0,1,0,0,0
1945,Personne physique,SALARIE,PC,CDI,CRIC1,Bon,0.0,0.0,0.0,0.0,0.0,0.0,0.0,0.0,0.0,0,0,0,1,0,0,0
1946,Personne physique,SALARIE,PC,CDI,CRIC1,Bon,0.0,0.0,0.0,0.0,0.0,0.0,0.0,0.0,0.0,0,0,0,1,0,0,0
1947,Personne physique,SALARIE,PC,CDI,CRIC1,Bon,0.0,0.0,0.0,0.0,0.0,0.0,0.0,0.0,0.0,0,0,0,1,0,0,0
1948,Personne physique,SALARIE,PC,CDI,CRIC1,Bon,0.0,0.0,0.0,0.0,0.0,0.0,0.0,0.0,0.0,0,0,0,1,0,0,0
1949,Personne physique,SALARIE,PC,CDI,CRIC1,Bon,0.0,0.0,0.0,0.0,0.0,0.0,0.0,0.0,0.0,0,0,0,1,0,0,0
1950,Personne physique,SALARIE,PC,CDI,CRIC1,Bon,0.0,0.0,0.0,0.0,0.0,0.0,0.0,0.0,0.0,0,0,0,1,0,0,0
1951,Personne physique,RSI,PC,CDI,CRIC1,Bon,0.0,0.0,0.0,0.0,0.0,0.0,0.0,0.0,0.0,0,0,0,1,0,0,0
1952,Personne physique,SALARIE,PC,CDI,CRIC1,Bon,0.0,0.0,0.0,0.0,0.0,0.0,0.0,0.0,0.0,0,0,0,1,0,0,0
1953,Personne physique,SALARIE,PC,CDI,CRIC1,Bon,0.0,0.0,0.0,0.0,0.0,0.0,0.0,0.0,0.0,0,0,0,1,0,0,0
1954,Personne physique,SALARIE,PC,CDI,CRIC1,Bon,0.0,0.0,0.0,0.0,0.0,0.0,0.0,0.0,0.0,0,0,0,1,0,0,0
1955,Personne morale,RSI,PC,CDI,CRIC1,Bon,0.0,0.0,0.0,0.0,0.0,0.0,0.0,0.0,0.0,0,0,0,1,0,0,0
1956,Personne physique,SALARIE,PC,CDI,CRIC1,Bon,0.0,0.0,0.0,0.0,0.0,0.0,0.0,0.0,0.0,0,0,0,1,0,0,0
1957,Personne physique,SALARIE,PC,CDI,CRIC1,Bon,0.0,0.0,0.0,0.0,0.0,0.0,0.0,0.0,0.0,0,0,0,1,0,0,0
1958,Personne physique,SALARIE,PC,CDI,CRIC1,Bon,0.0,0.0,0.0,0.0,0.0,0.0,0.0,0.0,0.0,0,0,0,1,0,0,0
1959,Personne morale,HRI,PC,CDI,CRIC1,Bon,0.0,0.0,0.0,0.0,0.0,0.0,0.0,0.0,0.0,0,0,0,1,0,0,0
1960,Personne physique,IL,PC,CDI,CRIC1,Bon,0.0,0.0,0.0,0.0,0.0,0.0,0.0,0.0,0.0,0,0,0,1,1,0,1
1961,Personne physique,HRI,PC,CDI,CRIC1,Bon,0.0,0.0,0.0,0.0,0.0,0.0,0.0,0.0,0.0,0,0,0,0,0,0,0
1962,Personne physique,HRI,PC,CDI,CRIC1,Bon,0.0,0.0,0.0,0.0,0.0,0.0,0.0,0.0,0.0,0,0,0,0,0,0,0
1963,Personne physique,IL,PC,CDI,CRIC1,Bon,0.0,0.0,0.0,0.0,0.0,0.0,0.0,0.0,0.0,0,0,0,0,0,0,0
1964,Personne physique,IL,PC,CDI,CRIC1,Bon,0.0,0.0,0.0,0.0,0.0,0.0,0.0,0.0,0.0,0,0,0,0,0,0,0
1965,Personne physique,IL,PC,CDI,CRIC1,Bon,0.0,0.0,0.0,0.0,0.0,0.0,0.0,0.0,0.0,0,0,0,1,0,0,0
1966,Personne physique,IL,PC,CDI,CRIC1,Bon,0.0,0.0,0.0,0.0,0.0,0.0,0.0,0.0,0.0,0,0,0,0,0,0,0
1967,Personne physique,IL,PC,CDI,CRIC1,Bon,0.0,0.0,0.0,0.0,0.0,0.0,0.0,0.0,0.0,0,0,0,0,0,0,0
1968,Personne morale,SALARIE,PC,CDI,CRIC1,Bon,0.0,0.0,0.0,0.0,0.0,0.0,0.0,0.0,0.0,0,0,0,2,0,0,0
1969,Personne morale,RSI,PC,CDI,CRIC1,Bon,0.0,0.0,0.0,0.0,0.0,0.0,0.0,0.0,0.0,0,0,0,0,0,0,0
1970,Personne physique,RSI,PC,CDI,CRIC1,Bon,0.0,0.0,0.0,0.0,0.0,0.0,0.0,0.0,0.0,0,0,0,0,0,0,0
1971,Personne morale,RSI,PC,CDI,CRIC1,Bon,0.0,0.0,0.0,0.0,0.0,0.0,0.0,0.0,0.0,0,0,0,0,0,0,0
1972,Personne morale,RSI,PC,CDI,CRIC1,Bon,0.0,0.0,0.0,0.0,0.0,0.0,0.0,0.0,0.0,0,0,0,0,0,0,0
1973,Personne morale,RSI,PC,CDI,CRIC1,Bon,0.0,0.0,0.0,0.0,0.0,0.0,0.0,0.0,0.0,0,0,0,0,0,0,0
1974,Personne morale,RSI,PC,CDI,CRIC1,Bon,0.0,0.0,0.0,0.0,0.0,0.0,0.0,0.0,0.0,0,0,0,0,0,0,0
1975,Personne morale,RSI,PC,CDI,CRIC1,Bon,0.0,0.0,0.0,0.0,0.0,0.0,0.0,0.0,0.0,0,0,0,1,0,0,0
1976,Personne physique,IL,PC,CDI,CRIC1,Bon,0.0,0.0,0.0,0.0,0.0,0.0,0.0,0.0,0.0,0,0,0,0,0,0,0
1977,Personne physique,IL,PC,CDI,CRIC1,Bon,0.0,0.0,0.0,0.0,0.0,0.0,0.0,0.0,0.0,0,0,0,0,0,0,0
1978,Personne physique,IL,PC,CDI,CRIC1,Bon,0.0,0.0,0.0,0.0,0.0,0.0,0.0,0.0,0.0,0,0,0,0,0,0,0
1979,Personne physique,RSI,PC,CDI,CRIC1,Bon,0.0,0.0,0.0,0.0,0.0,0.0,0.0,0.0,0.0,0,0,0,0,0,0,0
1980,Personne physique,RSI,PC,CDI,CRIC1,Bon,0.0,0.0,0.0,0.0,0.0,0.0,0.0,0.0,0.0,0,0,0,0,0,0,0
1981,Personne physique,RSI,PC,CDI,CRIC1,Bon,0.0,0.0,0.0,0.0,0.0,0.0,0.0,0.0,0.0,0,0,0,0,0,0,0
1982,Personne physique,RSI,PC,CDI,CRIC1,Bon,0.0,0.0,0.0,0.0,0.0,0.0,0.0,0.0,0.0,0,0,0,0,0,0,0
1983,Personne physique,RSI,PC,CDI,CRIC1,Bon,0.0,0.0,0.0,0.0,0.0,0.0,0.0,0.0,0.0,0,0,0,0,0,0,0
1984,Personne physique,RSI,PC,CDI,CRIC1,Bon,0.0,0.0,0.0,0.0,0.0,0.0,0.0,0.0,0.0,0,0,0,0,0,0,0
1985,Personne physique,RSI,PC,CDI,CRIC1,Bon,0.0,0.0,0.0,0.0,0.0,0.0,0.0,0.0,0.0,0,0,0,0,0,0,0
1986,Personne physique,RSI,PC,CDI,CRIC1,Bon,0.0,0.0,0.0,0.0,0.0,0.0,0.0,0.0,0.0,0,0,0,0,0,0,0
1987,Personne physique,RSI,PC,CDI,CRIC1,Bon,0.0,0.0,0.0,0.0,0.0,0.0,0.0,0.0,0.0,0,0,0,0,0,0,0
1988,Personne physique,RSI,PC,CDI,CRIC1,Bon,0.0,0.0,0.0,0.0,0.0,0.0,0.0,0.0,0.0,0,0,0,0,0,0,0
1989,Personne physique,RSI,PC,CDI,CRIC1,Bon,0.0,0.0,0.0,0.0,0.0,0.0,0.0,0.0,0.0,0,0,0,0,0,0,0
1990,Personne morale,HRI,PC,CDI,CRIC1,Bon,0.0,0.0,0.0,0.0,0.0,0.0,0.0,0.0,0.0,0,0,0,0,0,0,0
1991,Personne morale,HRI,PC,CDI,CRIC1,Bon,0.0,0.0,0.0,0.0,0.0,0.0,0.0,0.0,0.0,0,0,0,0,0,0,0
1992,Personne physique,HRI,PC,CDI,CRIC1,Bon,0.0,0.0,0.0,0.0,0.0,0.0,0.0,0.0,0.0,0,0,0,0,0,0,0
1993,Personne physique,IL,PC,CDI,CRIC1,Bon,0.0,0.0,0.0,0.0,0.0,0.0,0.0,0.0,0.0,0,0,0,0,0,0,0
1994,Personne physique,IL,PC,CDI,CRIC1,Bon,0.0,0.0,0.0,0.0,0.0,0.0,0.0,0.0,0.0,0,0,0,1,0,0,0
1995,Personne physique,IL,PC,CDI,CRIC1,Bon,0.0,0.0,0.0,0.0,0.0,0.0,0.0,0.0,0.0,0,0,0,0,0,0,0
1996,Personne physique,IL,PC,CDI,CRIC1,Bon,0.0,0.0,0.0,0.0,0.0,0.0,0.0,0.0,0.0,0,0,0,0,0,0,0
1997,Personne physique,IL,PC,CDI,CRIC1,Bon,0.0,0.0,0.0,0.0,0.0,0.0,0.0,0.0,0.0,0,0,0,0,0,0,0
1998,Personne morale,HRI,PC,CDI,CRIC1,Bon,0.0,0.0,0.0,0.0,0.0,0.0,0.0,0.0,0.0,0,0,0,2,0,0,0
1999,Personne morale,HRI,PC,CDI,CRIC1,Bon,0.0,0.0,0.0,0.0,0.0,0.0,0.0,0.0,0.0,0,0,0,1,0,0,0
2000,Personne morale,RSI,PC,CDI,CRIC1,Bon,0.0,0.0,0.0,0.0,0.0,0.0,0.0,0.0,0.0,0,0,0,0,0,0,0
2001,Personne morale,RSI,PC,CDI,CRIC1,Bon,0.0,0.0,0.0,0.0,0.0,0.0,0.0,0.0,0.0,0,0,0,0,0,0,0
2002,Personne morale,RSI,PC,CDI,CRIC1,Bon,0.0,0.0,0.0,0.0,0.0,0.0,0.0,0.0,0.0,0,0,0,0,0,0,0
2003,Personne morale,RSI,PC,CDI,CRIC1,Bon,0.0,0.0,0.0,0.0,0.0,0.0,0.0,0.0,0.0,0,0,0,0,0,0,0
2004,Personne morale,RSI,PC,CDI,CRIC1,Bon,0.0,0.0,0.0,0.0,0.0,0.0,0.0,0.0,0.0,0,0,0,0,0,0,0
2005,Personne morale,RSI,PC,CDI,CRIC1,Bon,0.0,0.0,0.0,0.0,0.0,0.0,0.0,0.0,0.0,0,0,0,0,0,0,0
2006,Personne morale,SALARIE,PC,CDI,CRIC1,Bon,0.0,0.0,0.0,0.0,0.0,0.0,0.0,0.0,0.0,0,0,0,1,0,0,0
2007,Personne physique,RSI,PC,CDI,CRIC1,Bon,0.0,0.0,0.0,0.0,0.0,0.0,0.0,0.0,0.0,0,0,0,1,0,0,0
2008,Personne morale,RSI,PC,CDI,CRIC1,Bon,0.0,0.0,0.0,0.0,0.0,0.0,0.0,0.0,0.0,0,0,0,0,0,0,0
2009,Personne morale,RSI,PC,CDI,CRIC1,Bon,0.0,0.0,0.0,0.0,0.0,0.0,0.0,0.0,0.0,0,0,0,0,0,0,0
2010,Personne morale,RSI,PC,CDI,CRIC1,Bon,0.0,0.0,0.0,0.0,0.0,0.0,0.0,0.0,0.0,0,0,0,0,0,0,0
2011,Personne morale,RSI,PC,CDI,CRIC1,Bon,0.0,0.0,0.0,0.0,0.0,0.0,0.0,0.0,0.0,0,0,0,0,0,0,0
2012,Personne morale,RSI,PC,CDI,CRIC1,Bon,0.0,0.0,0.0,0.0,0.0,0.0,0.0,0.0,0.0,0,0,0,0,0,0,0
2013,Personne morale,RSI,PC,CDI,CRIC1,Bon,0.0,0.0,0.0,0.0,0.0,0.0,0.0,0.0,0.0,0,0,0,0,0,0,0
2014,Personne morale,RSI,PC,CDI,CRIC1,Bon,0.0,0.0,0.0,0.0,0.0,0.0,0.0,0.0,0.0,0,0,0,0,0,0,0
2015,Personne morale,RSI,PC,CDI,CRIC1,Bon,0.0,0.0,0.0,0.0,0.0,0.0,0.0,0.0,0.0,0,0,0,1,0,0,0
2016,Personne physique,IL,PC,CDI,CRIC1,Bon,0.0,0.0,0.0,0.0,0.0,0.0,0.0,0.0,0.0,0,0,0,0,0,0,0
2017,Personne physique,RSI,PC,CDI,CRIC1,Bon,0.0,0.0,0.0,0.0,0.0,0.0,0.0,0.0,0.0,0,0,0,0,0,0,0
2018,Personne physique,RSI,PC,CDI,CRIC1,Bon,0.0,0.0,0.0,0.0,0.0,0.0,0.0,0.0,0.0,0,0,0,0,0,0,0
2019,Personne physique,RSI,PC,CDI,CRIC1,Bon,0.0,0.0,0.0,0.0,0.0,0.0,0.0,0.0,0.0,0,0,0,0,0,0,0
2020,Personne physique,RSI,PC,CDI,CRIC1,Bon,0.0,0.0,0.0,0.0,0.0,0.0,0.0,0.0,0.0,0,0,0,0,0,0,0
2021,Personne physique,RSI,PC,CDI,CRIC1,Bon,0.0,0.0,0.0,0.0,0.0,0.0,0.0,0.0,0.0,0,0,0,0,0,0,0
2022,Personne physique,RSI,PC,CDI,CRIC1,Bon,0.0,0.0,0.0,0.0,0.0,0.0,0.0,0.0,0.0,0,0,0,0,0,0,0
2023,Personne physique,RSI,PC,CDI,CRIC1,Bon,0.0,0.0,0.0,0.0,0.0,0.0,0.0,0.0,0.0,0,0,0,0,0,0,0
2024,Personne morale,SALARIE,PC,CDI,CRIC1,Bon,0.0,0.0,0.0,0.0,0.0,0.0,0.0,0.0,0.0,0,0,0,1,0,0,0
2025,Personne physique,RSI,PC,CDI,CRIC1,Bon,0.0,0.0,0.0,0.0,0.0,0.0,0.0,0.0,0.0,0,0,0,0,0,0,0
2026,Personne physique,RSI,PC,CDI,CRIC1,Bon,0.0,0.0,0.0,0.0,0.0,0.0,0.0,0.0,0.0,0,0,0,0,0,0,0
2027,Personne morale,RSI,PC,CDI,CRIC1,Bon,0.0,0.0,0.0,0.0,0.0,0.0,0.0,0.0,0.0,0,0,0,1,0,0,0
2028,Personne morale,HRI,PC,CDI,CRIC1,Bon,0.0,0.0,0.0,0.0,0.0,0.0,0.0,0.0,0.0,0,0,0,0,0,0,0
2029,Personne physique,RSI,PC,CDI,CRIC1,Bon,0.0,0.0,0.0,0.0,0.0,0.0,0.0,0.0,0.0,0,0,0,0,0,0,0
2030,Personne morale,RSI,PC,CDI,CRIC1,Bon,0.0,0.0,0.0,0.0,0.0,0.0,0.0,0.0,0.0,0,0,0,0,0,0,0
2031,Personne morale,RSI,PC,CDI,CRIC1,Bon,0.0,0.0,0.0,0.0,0.0,0.0,0.0,0.0,0.0,0,0,0,0,0,0,0
2032,Personne morale,RSI,PC,CDI,CRIC1,Bon,0.0,0.0,0.0,0.0,0.0,0.0,0.0,0.0,0.0,0,0,0,0,0,0,0
2033,Personne morale,RSI,PC,CDI,CRIC1,Bon,0.0,0.0,0.0,0.0,0.0,0.0,0.0,0.0,0.0,0,0,0,0,1,0,1
2034,Personne physique,RSI,PC,CDI,CRIC1,Bon,0.0,0.0,0.0,0.0,0.0,0.0,0.0,0.0,0.0,0,0,0,0,1,0,1
2035,Personne physique,RSI,PC,CDI,CRIC1,Bon,0.0,0.0,0.0,0.0,0.0,0.0,0.0,0.0,0.0,0,0,0,0,1,0,1
2036,Personne physique,RSI,PC,CDI,CRIC1,Bon,0.0,0.0,0.0,0.0,0.0,0.0,0.0,0.0,0.0,0,0,0,0,1,0,1
2037,Personne morale,RSI,PC,CDI,CRIC1,Bon,0.0,0.0,0.0,0.0,0.0,0.0,0.0,0.0,0.0,0,0,0,0,1,0,1
2038,Personne physique,RSI,PC,CDI,CRIC1,Bon,0.0,0.0,0.0,0.0,0.0,0.0,0.0,0.0,0.0,0,0,0,0,1,0,1
2039,Personne morale,RSI,PC,CDI,CRIC1,Bon,0.0,0.0,0.0,0.0,0.0,0.0,0.0,0.0,0.0,0,0,0,0,1,0,1
2040,Personne physique,RSI,PC,CDI,CRIC1,Bon,0.0,0.0,0.0,0.0,0.0,0.0,0.0,0.0,0.0,0,0,0,0,1,0,1
2041,Personne physique,RSI,PC,CDI,CRIC1,Bon,0.0,0.0,0.0,0.0,0.0,0.0,0.0,0.0,0.0,0,0,0,0,1,0,1
2042,Personne morale,RSI,PC,CDI,CRIC1,Bon,0.0,0.0,0.0,0.0,0.0,0.0,0.0,0.0,0.0,0,0,0,0,1,0,1
2043,Personne morale,RSI,PC,CDI,CRIC1,Bon,0.0,0.0,0.0,0.0,0.0,0.0,0.0,0.0,0.0,0,0,0,0,1,0,1
2044,Personne morale,RSI,PC,CDI,CRIC1,Bon,0.0,0.0,0.0,0.0,0.0,0.0,0.0,0.0,0.0,0,0,0,0,1,0,1
2045,Personne physique,RSI,PC,CDI,CRIC1,Bon,0.0,0.0,0.0,0.0,0.0,0.0,0.0,0.0,0.0,0,0,0,0,1,0,1
2046,Personne physique,IL,PC,CDI,CRIC1,Bon,0.0,0.0,0.0,0.0,0.0,0.0,0.0,0.0,0.0,0,0,0,0,1,0,1
2047,Personne morale,RSI,PC,CDI,CRIC1,Bon,0.0,0.0,0.0,0.0,0.0,0.0,0.0,0.0,0.0,0,0,0,0,1,0,1
2048,Personne physique,RSI,PC,CDI,CRIC1,Bon,0.0,0.0,0.0,0.0,0.0,0.0,0.0,0.0,0.0,0,0,0,0,1,0,1
2049,Personne physique,RSI,PC,CDI,CRIC1,Bon,0.0,0.0,0.0,0.0,0.0,0.0,0.0,0.0,0.0,0,0,0,0,1,0,1
2050,Personne physique,RSI,PC,CDI,CRIC1,Bon,0.0,0.0,0.0,0.0,0.0,0.0,0.0,0.0,0.0,0,0,0,0,1,0,1
2051,Personne physique,RSI,PC,CDI,CRIC1,Bon,0.0,0.0,0.0,0.0,0.0,0.0,0.0,0.0,0.0,0,0,0,0,1,0,1
2052,Personne morale,RSI,PC,CDI,CRIC1,Bon,0.0,0.0,0.0,0.0,0.0,0.0,0.0,0.0,0.0,0,0,0,0,1,0,1
2053,Personne physique,RSI,PC,CDI,CRIC1,Bon,0.0,0.0,0.0,0.0,0.0,0.0,0.0,0.0,0.0,0,0,0,0,1,0,1
2054,Personne physique,RSI,PC,CDI,CRIC1,Bon,0.0,0.0,0.0,0.0,0.0,0.0,0.0,0.0,0.0,0,0,0,0,1,0,1
2055,Personne physique,RSI,PC,CDI,CRIC1,Bon,0.0,0.0,0.0,0.0,0.0,0.0,0.0,0.0,0.0,0,0,0,0,1,0,1
2056,Personne physique,RSI,PC,CDI,CRIC1,Bon,0.0,0.0,0.0,0.0,0.0,0.0,0.0,0.0,0.0,0,0,0,0,1,0,1
2057,Personne physique,RSI,PC,CDI,CRIC1,Bon,0.0,0.0,0.0,0.0,0.0,0.0,0.0,0.0,0.0,0,0,0,0,1,0,1
2058,Personne physique,RSI,PC,CDI,CRIC1,Bon,0.0,0.0,0.0,0.0,0.0,0.0,0.0,0.0,0.0,0,0,0,0,1,0,1
2059,Personne morale,RSI,PC,CDI,CRIC1,Bon,0.0,0.0,0.0,0.0,0.0,0.0,0.0,0.0,0.0,0,0,0,0,1,0,1
2060,Personne morale,HRI,PC,CDI,CRIC1,Bon,0.0,0.0,0.0,0.0,0.0,0.0,0.0,0.0,0.0,0,0,0,1,1,0,1
2061,Personne physique,RSI,PC,CDI,CRIC1,Bon,0.0,0.0,0.0,0.0,0.0,0.0,0.0,0.0,0.0,0,0,0,0,1,0,1
2062,Personne morale,RSI,PC,DGE,DGE,Bon,0.0,0.0,0.0,0.0,0.0,0.0,0.0,0.0,0.0,0,0,0,0,1,0,1
2063,Personne physique,RSI,PC,CDI,CRIC2,Bon,0.0,0.0,0.0,0.0,0.0,0.0,0.0,0.0,0.0,0,0,0,0,0,0,0
2064,Personne morale,HRI,PC,CDI,CRIC2,Bon,0.0,0.0,0.0,0.0,0.0,0.0,0.0,0.0,0.0,0,0,0,1,0,0,0
2065,Personne morale,HRI,PC,CDI,CRIC2,Bon,0.0,0.0,0.0,0.0,0.0,0.0,0.0,0.0,0.0,0,0,0,0,0,0,0
2066,Personne morale,HRI,PC,CDI,CRIC2,Bon,0.0,0.0,0.0,0.0,0.0,0.0,0.0,0.0,0.0,0,0,0,0,0,0,0
2067,Personne morale,HRI,PC,CDI,CRIC2,Bon,0.0,0.0,0.0,0.0,0.0,0.0,0.0,0.0,0.0,0,0,0,0,0,0,0
2068,Personne morale,HRI,PC,CDI,CRIC2,Bon,0.0,0.0,0.0,0.0,0.0,0.0,0.0,0.0,0.0,0,0,0,0,0,0,0
2069,Personne morale,HRI,PC,CDI,CRIC2,Bon,0.0,0.0,0.0,0.0,0.0,0.0,0.0,0.0,0.0,0,0,0,0,0,0,0
2070,Personne morale,HRI,PC,CDI,CRIC2,Bon,0.0,0.0,0.0,0.0,0.0,0.0,0.0,0.0,0.0,0,0,0,1,0,0,0
2071,Personne morale,HRI,PC,CDI,CRIC2,Bon,0.0,0.0,0.0,0.0,0.0,0.0,0.0,0.0,0.0,0,0,0,0,0,0,0
2072,Personne morale,HRI,PC,CDI,CRIC2,Bon,0.0,0.0,0.0,0.0,0.0,0.0,0.0,0.0,0.0,0,0,0,0,0,0,0
2073,Personne morale,HRI,PC,CDI,CRIC2,Bon,0.0,0.0,0.0,0.0,0.0,0.0,0.0,0.0,0.0,0,0,0,1,0,0,0
2074,Personne morale,HRI,PC,CDI,CRIC2,Bon,0.0,0.0,0.0,0.0,0.0,0.0,0.0,0.0,0.0,0,0,0,1,0,0,0
2075,Personne physique,HRI,PC,CDI,CRIC2,Bon,0.0,0.0,0.0,0.0,0.0,0.0,0.0,0.0,0.0,0,0,0,1,0,0,0
2076,Personne physique,HRI,PC,CDI,CRIC2,Bon,0.0,0.0,0.0,0.0,0.0,0.0,0.0,0.0,0.0,0,0,0,1,0,0,0
2077,Personne physique,HRI,PC,CDI,CRIC2,Bon,0.0,0.0,0.0,0.0,0.0,0.0,0.0,0.0,0.0,0,0,0,1,0,0,0
2078,Personne physique,HRI,PC,CDI,CRIC2,Bon,0.0,0.0,0.0,0.0,0.0,0.0,0.0,0.0,0.0,0,0,0,1,0,0,0
2079,Personne physique,HRI,PC,CDI,CRIC2,Bon,0.0,0.0,0.0,0.0,0.0,0.0,0.0,0.0,0.0,0,0,0,1,0,0,0
2080,Personne physique,HRI,PC,CDI,CRIC2,Bon,0.0,0.0,0.0,0.0,0.0,0.0,0.0,0.0,0.0,0,0,0,1,0,0,0
2081,Personne physique,HRI,PC,CDI,CRIC2,Bon,0.0,0.0,0.0,0.0,0.0,0.0,0.0,0.0,0.0,0,0,0,1,0,0,0
2082,Personne physique,HRI,PC,CDI,CRIC2,Bon,0.0,0.0,0.0,0.0,0.0,0.0,0.0,0.0,0.0,0,0,0,1,0,0,0
2083,Personne physique,HRI,PC,CDI,CRIC2,Bon,0.0,0.0,0.0,0.0,0.0,0.0,0.0,0.0,0.0,0,0,0,1,0,0,0
2084,Personne physique,HRI,PC,CDI,CRIC2,Bon,0.0,0.0,0.0,0.0,0.0,0.0,0.0,0.0,0.0,0,0,0,1,0,0,0
2085,Personne physique,HRI,PC,CDI,CRIC2,Bon,0.0,0.0,0.0,0.0,0.0,0.0,0.0,0.0,0.0,0,0,0,1,0,0,0
2086,Personne physique,HRI,PC,CDI,CRIC2,Bon,0.0,0.0,0.0,0.0,0.0,0.0,0.0,0.0,0.0,0,0,0,1,0,0,0
2087,Personne physique,HRI,PC,CDI,CRIC2,Bon,0.0,0.0,0.0,0.0,0.0,0.0,0.0,0.0,0.0,0,0,0,1,0,0,0
2088,Personne physique,HRI,PC,CDI,CRIC2,Bon,0.0,0.0,0.0,0.0,0.0,0.0,0.0,0.0,0.0,0,0,0,1,0,0,0
2089,Personne physique,HRI,PC,CDI,CRIC2,Bon,0.0,0.0,0.0,0.0,0.0,0.0,0.0,0.0,0.0,0,0,0,1,0,0,0
2090,Personne physique,HRI,PC,CDI,CRIC2,Bon,0.0,0.0,0.0,0.0,0.0,0.0,0.0,0.0,0.0,0,0,0,1,0,0,0
2091,Personne physique,HRI,PC,CDI,CRIC2,Bon,0.0,0.0,0.0,0.0,0.0,0.0,0.0,0.0,0.0,0,0,0,1,0,0,0
2092,Personne physique,HRI,PC,CDI,CRIC2,Bon,0.0,0.0,0.0,0.0,0.0,0.0,0.0,0.0,0.0,0,0,0,1,0,0,0
2093,Personne physique,HRI,PC,CDI,CRIC2,Bon,0.0,0.0,0.0,0.0,0.0,0.0,0.0,0.0,0.0,0,0,0,1,0,0,0
2094,Personne physique,HRI,PC,CDI,CRIC2,Bon,0.0,0.0,0.0,0.0,0.0,0.0,0.0,0.0,0.0,0,0,0,0,0,0,0
2095,Personne physique,HRI,PC,CDI,CRIC2,Bon,0.0,0.0,0.0,0.0,0.0,0.0,0.0,0.0,0.0,0,0,0,1,0,0,0
2096,Personne physique,HRI,PC,CDI,CRIC2,Bon,0.0,0.0,0.0,0.0,0.0,0.0,0.0,0.0,0.0,0,0,0,1,0,0,0
2097,Personne physique,HRI,PC,CDI,CRIC2,Bon,0.0,0.0,0.0,0.0,0.0,0.0,0.0,0.0,0.0,0,0,0,1,0,0,0
2098,Personne physique,HRI,PC,CDI,CRIC2,Bon,0.0,0.0,0.0,0.0,0.0,0.0,0.0,0.0,0.0,0,0,0,1,0,0,0
2099,Personne physique,HRI,PC,CDI,CRIC2,Bon,0.0,0.0,0.0,0.0,0.0,0.0,0.0,0.0,0.0,0,0,0,1,0,0,0
2100,Personne physique,HRI,PC,CDI,CRIC2,Bon,0.0,0.0,0.0,0.0,0.0,0.0,0.0,0.0,0.0,0,0,0,0,0,0,0
2101,Personne physique,HRI,PC,CDI,CRIC2,Bon,0.0,0.0,0.0,0.0,0.0,0.0,0.0,0.0,0.0,0,0,0,1,0,0,0
2102,Personne physique,HRI,PC,CDI,CRIC2,Bon,0.0,0.0,0.0,0.0,0.0,0.0,0.0,0.0,0.0,0,0,0,1,0,0,0
2103,Personne physique,HRI,PC,CDI,CRIC2,Bon,0.0,0.0,0.0,0.0,0.0,0.0,0.0,0.0,0.0,0,0,0,1,0,0,0
2104,Personne physique,HRI,PC,CDI,CRIC2,Bon,0.0,0.0,0.0,0.0,0.0,0.0,0.0,0.0,0.0,0,0,0,1,0,0,0
2105,Personne physique,HRI,PC,CDI,CRIC2,Bon,0.0,0.0,0.0,0.0,0.0,0.0,0.0,0.0,0.0,0,0,0,1,0,0,0
2106,Personne physique,HRI,PC,CDI,CRIC2,Bon,0.0,0.0,0.0,0.0,0.0,0.0,0.0,0.0,0.0,0,0,0,0,0,0,0
2107,Personne physique,HRI,PC,CDI,CRIC2,Bon,0.0,0.0,0.0,0.0,0.0,0.0,0.0,0.0,0.0,0,0,0,1,0,0,0
2108,Personne physique,HRI,PC,CDI,CRIC2,Bon,0.0,0.0,0.0,0.0,0.0,0.0,0.0,0.0,0.0,0,0,0,1,0,0,0
2109,Personne physique,IL,PC,CDI,CRIC2,Bon,0.0,0.0,0.0,0.0,0.0,0.0,0.0,0.0,0.0,0,0,0,0,0,0,0
2110,Personne physique,IL,PC,CDI,CRIC2,Bon,0.0,0.0,0.0,0.0,0.0,0.0,0.0,0.0,0.0,0,0,0,1,0,0,0
2111,Personne physique,IL,PC,CDI,CRIC2,Bon,0.0,0.0,0.0,0.0,0.0,0.0,0.0,0.0,0.0,0,0,0,0,0,0,0
2112,Personne physique,IL,PC,CDI,CRIC2,Bon,0.0,0.0,0.0,0.0,0.0,0.0,0.0,0.0,0.0,0,0,0,0,0,0,0
2113,Personne physique,IL,PC,CDI,CRIC2,Bon,0.0,0.0,0.0,0.0,0.0,0.0,0.0,0.0,0.0,0,0,0,1,0,0,0
2114,Personne physique,IL,PC,CDI,CRIC2,Bon,0.0,0.0,0.0,0.0,0.0,0.0,0.0,0.0,0.0,0,0,0,0,0,0,0
2115,Personne physique,IL,PC,CDI,CRIC2,Bon,0.0,0.0,0.0,0.0,0.0,0.0,0.0,0.0,0.0,0,0,0,1,0,0,0
2116,Personne physique,IL,PC,CDI,CRIC2,Bon,0.0,0.0,0.0,0.0,0.0,0.0,0.0,0.0,0.0,0,0,0,1,0,0,0
2117,Personne physique,IL,PC,CDI,CRIC2,Bon,0.0,0.0,0.0,0.0,0.0,0.0,0.0,0.0,0.0,0,0,0,0,0,0,0
2118,Personne physique,IL,PC,CDI,CRIC2,Bon,0.0,0.0,0.0,0.0,0.0,0.0,0.0,0.0,0.0,0,0,0,0,0,0,0
2119,Personne morale,HRI,PC,CDI,CRIC2,Bon,0.0,0.0,0.0,0.0,0.0,0.0,0.0,0.0,0.0,0,0,0,0,0,0,0
2120,Personne morale,HRI,PC,CDI,CRIC2,Bon,0.0,0.0,0.0,0.0,0.0,0.0,0.0,0.0,0.0,0,0,0,0,0,0,0
2121,Personne morale,HRI,PC,CDI,CRIC2,Bon,0.0,0.0,0.0,0.0,0.0,0.0,0.0,0.0,0.0,0,0,0,0,0,0,0
2122,Personne morale,HRI,PC,CDI,CRIC2,Bon,0.0,0.0,0.0,0.0,0.0,0.0,0.0,0.0,0.0,0,0,0,0,0,0,0
2123,Personne morale,HRI,PC,CDI,CRIC2,Bon,0.0,0.0,0.0,0.0,0.0,0.0,0.0,0.0,0.0,0,0,0,0,0,0,0
2124,Personne morale,HRI,PC,CDI,CRIC2,Bon,0.0,0.0,0.0,0.0,0.0,0.0,0.0,0.0,0.0,0,0,0,0,0,0,0
2125,Personne morale,RSI,PC,CDI,CRIC2,Bon,0.0,0.0,0.0,0.0,0.0,0.0,0.0,0.0,0.0,0,0,0,0,0,0,0
2126,Personne morale,SALARIE,PC,CDI,CRIC2,Bon,0.0,0.0,0.0,0.0,0.0,0.0,0.0,0.0,0.0,0,0,0,1,0,0,0
2127,Personne morale,SALARIE,PC,CDI,CRIC2,Bon,0.0,0.0,0.0,0.0,0.0,0.0,0.0,0.0,0.0,0,0,0,1,0,0,0
2128,Personne morale,SALARIE,PC,CDI,CRIC2,Bon,0.0,0.0,0.0,0.0,0.0,0.0,0.0,0.0,0.0,0,0,0,1,0,0,0
2129,Personne morale,HRI,PC,CDI,CRIC2,Bon,0.0,0.0,0.0,0.0,0.0,0.0,0.0,0.0,0.0,0,0,0,0,0,0,0
2130,Personne morale,HRI,PC,CDI,CRIC2,Bon,0.0,0.0,0.0,0.0,0.0,0.0,0.0,0.0,0.0,0,0,0,0,0,0,0
2131,Personne morale,HRI,PC,CDI,CRIC2,Bon,0.0,0.0,0.0,0.0,0.0,0.0,0.0,0.0,0.0,0,0,0,1,0,0,0
2132,Personne morale,RSI,PC,CDI,CRIC2,Bon,0.0,0.0,0.0,0.0,0.0,0.0,0.0,0.0,0.0,0,0,0,0,0,0,0
2133,Personne morale,RSI,PC,CDI,CRIC2,Bon,0.0,0.0,0.0,0.0,0.0,0.0,0.0,0.0,0.0,0,0,0,0,0,0,0
2134,Personne morale,RSI,PC,CDI,CRIC2,Bon,0.0,0.0,0.0,0.0,0.0,0.0,0.0,0.0,0.0,0,0,0,0,0,0,0
2135,Personne morale,SALARIE,PC,CDI,CRIC2,Bon,0.0,0.0,0.0,0.0,0.0,0.0,0.0,0.0,0.0,0,0,0,1,0,0,0
2136,Personne physique,RSI,PC,CDI,CRIC2,Bon,0.0,0.0,0.0,0.0,0.0,0.0,0.0,0.0,0.0,0,0,0,0,0,0,0
2137,Personne physique,SALARIE,PC,CDI,CRIC2,Bon,0.0,0.0,0.0,0.0,0.0,0.0,0.0,0.0,0.0,0,0,0,1,0,0,0
2138,Personne morale,RSI,PC,CDI,CRIC2,Bon,0.0,0.0,0.0,0.0,0.0,0.0,0.0,0.0,0.0,0,0,0,0,0,0,0
2139,Personne morale,RSI,PC,CDI,CRIC2,Bon,0.0,0.0,0.0,0.0,0.0,0.0,0.0,0.0,0.0,0,0,0,1,0,0,0
2140,Personne morale,RSI,PC,CDI,CRIC2,Bon,0.0,0.0,0.0,0.0,0.0,0.0,0.0,0.0,0.0,0,0,0,0,0,0,0
2141,Personne morale,RSI,PC,CDI,CRIC2,Bon,0.0,0.0,0.0,0.0,0.0,0.0,0.0,0.0,0.0,0,0,0,0,0,0,0
2142,Personne morale,RSI,PC,CDI,CRIC2,Bon,0.0,0.0,0.0,0.0,0.0,0.0,0.0,0.0,0.0,0,0,0,1,0,0,0
2143,Personne morale,RSI,PC,CDI,CRIC2,Bon,0.0,0.0,0.0,0.0,0.0,0.0,0.0,0.0,0.0,0,0,0,1,0,0,0
2144,Personne morale,RSI,PC,CDI,CRIC2,Bon,0.0,0.0,0.0,0.0,0.0,0.0,0.0,0.0,0.0,0,0,0,1,0,0,0
2145,Personne morale,RSI,PC,CDI,CRIC2,Bon,0.0,0.0,0.0,0.0,0.0,0.0,0.0,0.0,0.0,0,0,0,0,0,0,0
2146,Personne physique,HRI,PC,CDI,CRIC2,Bon,0.0,0.0,0.0,0.0,0.0,0.0,0.0,0.0,0.0,0,0,0,0,0,0,0
2147,Personne physique,IL,PC,CDI,CRIC2,Bon,0.0,0.0,0.0,0.0,0.0,0.0,0.0,0.0,0.0,0,0,0,0,0,0,0
2148,Personne physique,IL,PC,CDI,CRIC2,Bon,0.0,0.0,0.0,0.0,0.0,0.0,0.0,0.0,0.0,0,0,0,0,0,0,0
2149,Personne physique,RSI,PC,CDI,CRIC2,Bon,0.0,0.0,0.0,0.0,0.0,0.0,0.0,0.0,0.0,0,0,0,0,0,0,0
2150,Personne physique,RSI,PC,CDI,CRIC2,Bon,0.0,0.0,0.0,0.0,0.0,0.0,0.0,0.0,0.0,0,0,0,0,0,0,0
2151,Personne physique,RSI,PC,CDI,CRIC2,Bon,0.0,0.0,0.0,0.0,0.0,0.0,0.0,0.0,0.0,0,0,0,0,0,0,0
2152,Personne physique,RSI,PC,CDI,CRIC2,Bon,0.0,0.0,0.0,0.0,0.0,0.0,0.0,0.0,0.0,0,0,0,1,0,0,0
2153,Personne physique,RSI,PC,CDI,CRIC2,Bon,0.0,0.0,0.0,0.0,0.0,0.0,0.0,0.0,0.0,0,0,0,1,0,0,0
2154,Personne physique,RSI,PC,CDI,CRIC2,Bon,0.0,0.0,0.0,0.0,0.0,0.0,0.0,0.0,0.0,0,0,0,1,0,0,0
2155,Personne physique,RSI,PC,CDI,CRIC2,Bon,0.0,0.0,0.0,0.0,0.0,0.0,0.0,0.0,0.0,0,0,0,1,0,0,0
2156,Personne physique,RSI,PC,CDI,CRIC2,Bon,0.0,0.0,0.0,0.0,0.0,0.0,0.0,0.0,0.0,0,0,0,0,0,0,0
2157,Personne physique,RSI,PC,CDI,CRIC2,Bon,0.0,0.0,0.0,0.0,0.0,0.0,0.0,0.0,0.0,0,0,0,0,0,0,0
2158,Personne physique,RSI,PC,CDI,CRIC2,Bon,0.0,0.0,0.0,0.0,0.0,0.0,0.0,0.0,0.0,0,0,0,0,0,0,0
2159,Personne physique,RSI,PC,CDI,CRIC2,Bon,0.0,0.0,0.0,0.0,0.0,0.0,0.0,0.0,0.0,0,0,0,1,0,0,0
2160,Personne physique,RSI,PC,CDI,CRIC2,Bon,0.0,0.0,0.0,0.0,0.0,0.0,0.0,0.0,0.0,0,0,0,1,0,0,0
2161,Personne physique,RSI,PC,CDI,CRIC2,Bon,0.0,0.0,0.0,0.0,0.0,0.0,0.0,0.0,0.0,0,0,0,1,0,0,0
2162,Personne physique,RSI,PC,CDI,CRIC2,Bon,0.0,0.0,0.0,0.0,0.0,0.0,0.0,0.0,0.0,0,0,0,1,0,0,0
2163,Personne physique,RSI,PC,CDI,CRIC2,Bon,0.0,0.0,0.0,0.0,0.0,0.0,0.0,0.0,0.0,0,0,0,0,0,0,0
2164,Personne physique,RSI,PC,CDI,CRIC2,Bon,0.0,0.0,0.0,0.0,0.0,0.0,0.0,0.0,0.0,0,0,0,0,0,0,0
2165,Personne physique,RSI,PC,CDI,CRIC2,Bon,0.0,0.0,0.0,0.0,0.0,0.0,0.0,0.0,0.0,0,0,0,1,0,0,0
2166,Personne physique,RSI,PC,CDI,CRIC2,Bon,0.0,0.0,0.0,0.0,0.0,0.0,0.0,0.0,0.0,0,0,0,0,0,0,0
2167,Personne physique,RSI,PC,CDI,CRIC2,Bon,0.0,0.0,0.0,0.0,0.0,0.0,0.0,0.0,0.0,0,0,0,0,0,0,0
2168,Personne physique,RSI,PC,CDI,CRIC2,Bon,0.0,0.0,0.0,0.0,0.0,0.0,0.0,0.0,0.0,0,0,0,0,0,0,0
2169,Personne physique,RSI,PC,CDI,CRIC2,Bon,0.0,0.0,0.0,0.0,0.0,0.0,0.0,0.0,0.0,0,0,0,1,0,0,0
2170,Personne physique,RSI,PC,CDI,CRIC2,Bon,0.0,0.0,0.0,0.0,0.0,0.0,0.0,0.0,0.0,0,0,0,0,0,0,0
2171,Personne physique,RSI,PC,CDI,CRIC2,Bon,0.0,0.0,0.0,0.0,0.0,0.0,0.0,0.0,0.0,0,0,0,0,0,0,0
2172,Personne physique,RSI,PC,CDI,CRIC2,Bon,0.0,0.0,0.0,0.0,0.0,0.0,0.0,0.0,0.0,0,0,0,1,0,0,0
2173,Personne physique,RSI,PC,CDI,CRIC2,Bon,0.0,0.0,0.0,0.0,0.0,0.0,0.0,0.0,0.0,0,0,0,1,0,0,0
2174,Personne physique,RSI,PC,CDI,CRIC2,Bon,0.0,0.0,0.0,0.0,0.0,0.0,0.0,0.0,0.0,0,0,0,1,0,0,0
2175,Personne physique,SALARIE,PC,CDI,CRIC2,Bon,0.0,0.0,0.0,0.0,0.0,0.0,0.0,0.0,0.0,0,0,0,1,0,0,0
2176,Personne physique,SALARIE,PC,CDI,CRIC2,Bon,0.0,0.0,0.0,0.0,0.0,0.0,0.0,0.0,0.0,0,0,0,1,0,0,0
2177,Personne physique,SALARIE,PC,CDI,CRIC2,Bon,0.0,0.0,0.0,0.0,0.0,0.0,0.0,0.0,0.0,0,0,0,1,0,0,0
2178,Personne physique,SALARIE,PC,CDI,CRIC2,Bon,0.0,0.0,0.0,0.0,0.0,0.0,0.0,0.0,0.0,0,0,0,1,0,0,0
2179,Personne physique,SALARIE,PC,CDI,CRIC2,Bon,0.0,0.0,0.0,0.0,0.0,0.0,0.0,0.0,0.0,0,0,0,1,0,0,0
2180,Personne physique,SALARIE,PC,CDI,CRIC2,Bon,0.0,0.0,0.0,0.0,0.0,0.0,0.0,0.0,0.0,0,0,0,1,0,0,0
2181,Personne physique,SALARIE,PC,CDI,CRIC2,Bon,0.0,0.0,0.0,0.0,0.0,0.0,0.0,0.0,0.0,0,0,0,1,0,0,0
2182,Personne physique,SALARIE,PC,CDI,CRIC2,Bon,0.0,0.0,0.0,0.0,0.0,0.0,0.0,0.0,0.0,0,0,0,1,0,0,0
2183,Personne physique,SALARIE,PC,CDI,CRIC2,Bon,0.0,0.0,0.0,0.0,0.0,0.0,0.0,0.0,0.0,0,0,0,1,0,0,0
2184,Personne physique,SALARIE,PC,CDI,CRIC2,Bon,0.0,0.0,0.0,0.0,0.0,0.0,0.0,0.0,0.0,0,0,0,1,0,0,0
2185,Personne physique,SALARIE,PC,CDI,CRIC2,Bon,0.0,0.0,0.0,0.0,0.0,0.0,0.0,0.0,0.0,0,0,0,1,0,0,0
2186,Personne physique,SALARIE,PC,CDI,CRIC2,Bon,0.0,0.0,0.0,0.0,0.0,0.0,0.0,0.0,0.0,0,0,0,1,0,0,0
2187,Personne physique,SALARIE,PC,CDI,CRIC2,Bon,0.0,0.0,0.0,0.0,0.0,0.0,0.0,0.0,0.0,0,0,0,1,0,0,0
2188,Personne physique,SALARIE,PC,CDI,CRIC2,Bon,0.0,0.0,0.0,0.0,0.0,0.0,0.0,0.0,0.0,0,0,0,1,0,0,0
2189,Personne physique,SALARIE,PC,CDI,CRIC2,Bon,0.0,0.0,0.0,0.0,0.0,0.0,0.0,0.0,0.0,0,0,0,1,0,0,0
2190,Personne physique,SALARIE,PC,CDI,CRIC2,Bon,0.0,0.0,0.0,0.0,0.0,0.0,0.0,0.0,0.0,0,0,0,1,0,0,0
2191,Personne physique,SALARIE,PC,CDI,CRIC2,Bon,0.0,0.0,0.0,0.0,0.0,0.0,0.0,0.0,0.0,0,0,0,1,0,0,0
2192,Personne physique,SALARIE,PC,CDI,CRIC2,Bon,0.0,0.0,0.0,0.0,0.0,0.0,0.0,0.0,0.0,0,0,0,1,0,0,0
2193,Personne physique,SALARIE,PC,CDI,CRIC2,Bon,0.0,0.0,0.0,0.0,0.0,0.0,0.0,0.0,0.0,0,0,0,1,0,0,0
2194,Personne physique,SALARIE,PC,CDI,CRIC2,Bon,0.0,0.0,0.0,0.0,0.0,0.0,0.0,0.0,0.0,0,0,0,1,0,0,0
2195,Personne physique,SALARIE,PC,CDI,CRIC2,Bon,0.0,0.0,0.0,0.0,0.0,0.0,0.0,0.0,0.0,0,0,0,1,0,0,0
2196,Personne physique,SALARIE,PC,CDI,CRIC2,Bon,0.0,0.0,0.0,0.0,0.0,0.0,0.0,0.0,0.0,0,0,0,1,0,0,0
2197,Personne physique,SALARIE,PC,CDI,CRIC2,Bon,0.0,0.0,0.0,0.0,0.0,0.0,0.0,0.0,0.0,0,0,0,1,0,0,0
2198,Personne physique,SALARIE,PC,CDI,CRIC2,Bon,0.0,0.0,0.0,0.0,0.0,0.0,0.0,0.0,0.0,0,0,0,1,0,0,0
2199,Personne physique,SALARIE,PC,CDI,CRIC2,Bon,0.0,0.0,0.0,0.0,0.0,0.0,0.0,0.0,0.0,0,0,0,1,0,0,0
2200,Personne physique,SALARIE,PC,CDI,CRIC2,Bon,0.0,0.0,0.0,0.0,0.0,0.0,0.0,0.0,0.0,0,0,0,1,0,0,0
2201,Personne physique,SALARIE,PC,CDI,CRIC2,Bon,0.0,0.0,0.0,0.0,0.0,0.0,0.0,0.0,0.0,0,0,0,1,0,0,0
2202,Personne physique,SALARIE,PC,CDI,CRIC2,Bon,0.0,0.0,0.0,0.0,0.0,0.0,0.0,0.0,0.0,0,0,0,1,0,0,0
2203,Personne physique,SALARIE,PC,CDI,CRIC2,Bon,0.0,0.0,0.0,0.0,0.0,0.0,0.0,0.0,0.0,0,0,0,1,0,0,0
2204,Personne physique,SALARIE,PC,CDI,CRIC2,Bon,0.0,0.0,0.0,0.0,0.0,0.0,0.0,0.0,0.0,0,0,0,1,0,0,0
2205,Personne physique,SALARIE,PC,CDI,CRIC2,Bon,0.0,0.0,0.0,0.0,0.0,0.0,0.0,0.0,0.0,0,0,0,1,0,0,0
2206,Personne physique,SALARIE,PC,CDI,CRIC2,Bon,0.0,0.0,0.0,0.0,0.0,0.0,0.0,0.0,0.0,0,0,0,1,0,0,0
2207,Personne physique,SALARIE,PC,CDI,CRIC2,Bon,0.0,0.0,0.0,0.0,0.0,0.0,0.0,0.0,0.0,0,0,0,1,0,0,0
2208,Personne physique,SALARIE,PC,CDI,CRIC2,Bon,0.0,0.0,0.0,0.0,0.0,0.0,0.0,0.0,0.0,0,0,0,1,0,0,0
2209,Personne physique,SALARIE,PC,CDI,CRIC2,Bon,0.0,0.0,0.0,0.0,0.0,0.0,0.0,0.0,0.0,0,0,0,1,0,0,0
2210,Personne physique,SALARIE,PC,CDI,CRIC2,Bon,0.0,0.0,0.0,0.0,0.0,0.0,0.0,0.0,0.0,0,0,0,1,0,0,0
2211,Personne physique,SALARIE,PC,CDI,CRIC2,Bon,0.0,0.0,0.0,0.0,0.0,0.0,0.0,0.0,0.0,0,0,0,1,0,0,0
2212,Personne physique,SALARIE,PC,CDI,CRIC2,Bon,0.0,0.0,0.0,0.0,0.0,0.0,0.0,0.0,0.0,0,0,0,1,0,0,0
2213,Personne physique,SALARIE,PC,CDI,CRIC2,Bon,0.0,0.0,0.0,0.0,0.0,0.0,0.0,0.0,0.0,0,0,0,1,0,0,0
2214,Personne physique,SALARIE,PC,CDI,CRIC2,Bon,0.0,0.0,0.0,0.0,0.0,0.0,0.0,0.0,0.0,0,0,0,1,0,0,0
2215,Personne physique,SALARIE,PC,CDI,CRIC2,Bon,0.0,0.0,0.0,0.0,0.0,0.0,0.0,0.0,0.0,0,0,0,1,0,0,0
2216,Personne physique,SALARIE,PC,CDI,CRIC2,Bon,0.0,0.0,0.0,0.0,0.0,0.0,0.0,0.0,0.0,0,0,0,1,0,0,0
2217,Personne physique,SALARIE,PC,CDI,CRIC2,Bon,0.0,0.0,0.0,0.0,0.0,0.0,0.0,0.0,0.0,0,0,0,1,0,0,0
2218,Personne physique,SALARIE,PC,CDI,CRIC2,Bon,0.0,0.0,0.0,0.0,0.0,0.0,0.0,0.0,0.0,0,0,0,1,0,0,0
2219,Personne physique,SALARIE,PC,CDI,CRIC2,Bon,0.0,0.0,0.0,0.0,0.0,0.0,0.0,0.0,0.0,0,0,0,1,0,0,0
2220,Personne physique,SALARIE,PC,CDI,CRIC2,Bon,0.0,0.0,0.0,0.0,0.0,0.0,0.0,0.0,0.0,0,0,0,1,0,0,0
2221,Personne physique,SALARIE,PC,CDI,CRIC2,Bon,0.0,0.0,0.0,0.0,0.0,0.0,0.0,0.0,0.0,0,0,0,1,0,0,0
2222,Personne physique,SALARIE,PC,CDI,CRIC2,Bon,0.0,0.0,0.0,0.0,0.0,0.0,0.0,0.0,0.0,0,0,0,1,0,0,0
2223,Personne physique,IL,PC,CDI,CRIC2,Bon,0.0,0.0,0.0,0.0,0.0,0.0,0.0,0.0,0.0,0,0,0,0,0,0,0
2224,Personne morale,HRI,PC,CDI,CRIC2,Bon,0.0,0.0,0.0,0.0,0.0,0.0,0.0,0.0,0.0,0,0,0,0,0,0,0
2225,Personne morale,RSI,PC,CDI,CRIC2,Bon,0.0,0.0,0.0,0.0,0.0,0.0,0.0,0.0,0.0,0,0,0,1,0,0,0
2226,Personne morale,RSI,PC,CDI,CRIC2,Bon,0.0,0.0,0.0,0.0,0.0,0.0,0.0,0.0,0.0,0,0,0,1,0,0,0
2227,Personne physique,RSI,PC,CDI,CRIC2,Bon,0.0,0.0,0.0,0.0,0.0,0.0,0.0,0.0,0.0,0,0,0,0,0,0,0
2228,Personne physique,IL,PC,CDI,CRIC2,Bon,0.0,0.0,0.0,0.0,0.0,0.0,0.0,0.0,0.0,0,0,0,1,0,0,0
2229,Personne physique,HRI,PC,CDI,CRIC2,Bon,0.0,0.0,0.0,0.0,0.0,0.0,0.0,0.0,0.0,0,0,0,1,0,0,0
2230,Personne physique,RSI,PC,CDI,CRIC2,Bon,0.0,0.0,0.0,0.0,0.0,0.0,0.0,0.0,0.0,0,0,0,0,0,0,0
2231,Personne morale,RSI,PC,CDI,CRIC2,Bon,0.0,0.0,0.0,0.0,0.0,0.0,0.0,0.0,0.0,0,0,0,0,0,0,0
2232,Personne morale,RSI,PC,CDI,CRIC2,Bon,0.0,0.0,0.0,0.0,0.0,0.0,0.0,0.0,0.0,0,0,0,0,0,0,0
2233,Personne physique,RSI,PC,CDI,CRIC2,Bon,0.0,0.0,0.0,0.0,0.0,0.0,0.0,0.0,0.0,0,0,0,0,0,0,0
2234,Personne morale,RSI,PC,CDI,CRIC2,Bon,0.0,0.0,0.0,0.0,0.0,0.0,0.0,0.0,0.0,0,0,0,0,1,0,1
2235,Personne physique,IL,PC,CDI,CRIC2,Bon,0.0,0.0,0.0,0.0,0.0,0.0,0.0,0.0,0.0,0,0,0,0,1,0,1
2236,Personne morale,RSI,PC,CDI,CRIC2,Bon,0.0,0.0,0.0,0.0,0.0,0.0,0.0,0.0,0.0,0,0,0,0,1,0,1
2237,Personne physique,RSI,PC,CDI,CRIC2,Bon,0.0,0.0,0.0,0.0,0.0,0.0,0.0,0.0,0.0,0,0,0,1,1,0,1
2238,Personne morale,RSI,PC,CDI,CRIC2,Bon,0.0,0.0,0.0,0.0,0.0,0.0,0.0,0.0,0.0,0,0,0,0,1,0,1
2239,Personne morale,RSI,PC,CDI,CRIC2,Bon,0.0,0.0,0.0,0.0,0.0,0.0,0.0,0.0,0.0,0,0,0,0,1,0,1
2240,Personne physique,RSI,PC,CDI,CRIC2,Bon,0.0,0.0,0.0,0.0,0.0,0.0,0.0,0.0,0.0,0,0,0,0,1,0,1
2241,Personne physique,RSI,PC,CDI,CRIC2,Bon,0.0,0.0,0.0,0.0,0.0,0.0,0.0,0.0,0.0,0,0,0,0,1,0,1
2242,Personne physique,RSI,PC,CDI,CRIC2,Bon,0.0,0.0,0.0,0.0,0.0,0.0,0.0,0.0,0.0,0,0,0,0,1,0,1
2243,Personne morale,RSI,PC,CDI,CRIC2,Bon,0.0,0.0,0.0,0.0,0.0,0.0,0.0,0.0,0.0,0,0,0,0,1,0,1
2244,Personne morale,SALARIE,PC,CDI,CRIC2,Bon,0.0,0.0,0.0,0.0,0.0,0.0,0.0,0.0,0.0,0,0,0,1,1,0,1
2245,Personne physique,RSI,PC,CDI,CRIC2,Bon,0.0,0.0,0.0,0.0,0.0,0.0,0.0,0.0,0.0,0,0,0,0,1,0,1
2246,Personne physique,HRI,PC,CDI,CRICEXT,Bon,0.0,0.0,0.0,0.0,0.0,0.0,0.0,0.0,0.0,0,0,0,1,0,0,0
2247,Personne physique,HRI,PC,CDI,CRICEXT,Bon,0.0,0.0,0.0,0.0,0.0,0.0,0.0,0.0,0.0,0,0,0,1,0,0,0
2248,Personne physique,HRI,PC,CDI,CRICEXT,Bon,0.0,0.0,0.0,0.0,0.0,0.0,0.0,0.0,0.0,0,0,0,0,0,0,0
2249,Personne physique,HRI,PC,CDI,CRICEXT,Bon,0.0,0.0,0.0,0.0,0.0,0.0,0.0,0.0,0.0,0,0,0,1,0,0,0
2250,Personne physique,HRI,PC,CDI,CRICEXT,Bon,0.0,0.0,0.0,0.0,0.0,0.0,0.0,0.0,0.0,0,0,0,1,0,0,0
2251,Personne physique,HRI,PC,CDI,CRICEXT,Bon,0.0,0.0,0.0,0.0,0.0,0.0,0.0,0.0,0.0,0,0,0,1,0,0,0
2252,Personne physique,HRI,PC,CDI,CRICEXT,Bon,0.0,0.0,0.0,0.0,0.0,0.0,0.0,0.0,0.0,0,0,0,1,0,0,0
2253,Personne physique,HRI,PC,CDI,CRICEXT,Bon,0.0,0.0,0.0,0.0,0.0,0.0,0.0,0.0,0.0,0,0,0,1,0,0,0
2254,Personne physique,HRI,PC,CDI,CRICEXT,Bon,0.0,0.0,0.0,0.0,0.0,0.0,0.0,0.0,0.0,0,0,0,1,0,0,0
2255,Personne physique,HRI,PC,CDI,CRICEXT,Bon,0.0,0.0,0.0,0.0,0.0,0.0,0.0,0.0,0.0,0,0,0,1,0,0,0
2256,Personne physique,HRI,PC,CDI,CRICEXT,Bon,0.0,0.0,0.0,0.0,0.0,0.0,0.0,0.0,0.0,0,0,0,1,0,0,0
2257,Personne physique,HRI,PC,CDI,CRICEXT,Bon,0.0,0.0,0.0,0.0,0.0,0.0,0.0,0.0,0.0,0,0,0,1,0,0,0
2258,Personne physique,HRI,PC,CDI,CRICEXT,Bon,0.0,0.0,0.0,0.0,0.0,0.0,0.0,0.0,0.0,0,0,0,1,0,0,0
2259,Personne physique,HRI,PC,CDI,CRICEXT,Bon,0.0,0.0,0.0,0.0,0.0,0.0,0.0,0.0,0.0,0,0,0,1,0,0,0
2260,Personne physique,IL,PC,CDI,CRICEXT,Bon,0.0,0.0,0.0,0.0,0.0,0.0,0.0,0.0,0.0,0,0,0,1,0,0,0
2261,Personne physique,IL,PC,CDI,CRICEXT,Bon,0.0,0.0,0.0,0.0,0.0,0.0,0.0,0.0,0.0,0,0,0,1,0,0,0
2262,Personne physique,IL,PC,CDI,CRICEXT,Bon,0.0,0.0,0.0,0.0,0.0,0.0,0.0,0.0,0.0,0,0,0,1,0,0,0
2263,Personne physique,IL,PC,CDI,CRICEXT,Bon,0.0,0.0,0.0,0.0,0.0,0.0,0.0,0.0,0.0,0,0,0,0,0,0,0
2264,Personne physique,IL,PC,CDI,CRICEXT,Bon,0.0,0.0,0.0,0.0,0.0,0.0,0.0,0.0,0.0,0,0,0,1,0,0,0
2265,Personne physique,IL,PC,CDI,CRICEXT,Bon,0.0,0.0,0.0,0.0,0.0,0.0,0.0,0.0,0.0,0,0,0,0,0,0,0
2266,Personne physique,IL,PC,CDI,CRICEXT,Bon,0.0,0.0,0.0,0.0,0.0,0.0,0.0,0.0,0.0,0,0,0,1,0,0,0
2267,Personne physique,IL,PC,CDI,CRICEXT,Bon,0.0,0.0,0.0,0.0,0.0,0.0,0.0,0.0,0.0,0,0,0,0,0,0,0
2268,Personne physique,IL,PC,CDI,CRICEXT,Bon,0.0,0.0,0.0,0.0,0.0,0.0,0.0,0.0,0.0,0,0,0,0,0,0,0
2269,Personne physique,IL,PC,CDI,CRICEXT,Bon,0.0,0.0,0.0,0.0,0.0,0.0,0.0,0.0,0.0,0,0,0,1,0,0,0
2270,Personne physique,IL,PC,CDI,CRICEXT,Bon,0.0,0.0,0.0,0.0,0.0,0.0,0.0,0.0,0.0,0,0,0,1,0,0,0
2271,Personne physique,IL,PC,CDI,CRICEXT,Bon,0.0,0.0,0.0,0.0,0.0,0.0,0.0,0.0,0.0,0,0,0,0,0,0,0
2272,Personne physique,IL,PC,CDI,CRICEXT,Bon,0.0,0.0,0.0,0.0,0.0,0.0,0.0,0.0,0.0,0,0,0,0,0,0,0
2273,Personne physique,IL,PC,CDI,CRICEXT,Bon,0.0,0.0,0.0,0.0,0.0,0.0,0.0,0.0,0.0,0,0,0,0,0,0,0
2274,Personne physique,IL,PC,CDI,CRICEXT,Bon,0.0,0.0,0.0,0.0,0.0,0.0,0.0,0.0,0.0,0,0,0,0,0,0,0
2275,Personne morale,RSI,PC,CDI,CRICEXT,Bon,0.0,0.0,0.0,0.0,0.0,0.0,0.0,0.0,0.0,0,0,0,1,0,0,0
2276,Personne morale,RSI,PC,CDI,CRICEXT,Bon,0.0,0.0,0.0,0.0,0.0,0.0,0.0,0.0,0.0,0,0,0,1,0,0,0
2277,Personne morale,RSI,PC,CDI,CRICEXT,Bon,0.0,0.0,0.0,0.0,0.0,0.0,0.0,0.0,0.0,0,0,0,0,0,0,0
2278,Personne morale,RSI,PC,CDI,CRICEXT,Bon,0.0,0.0,0.0,0.0,0.0,0.0,0.0,0.0,0.0,0,0,0,1,0,0,0
2279,Personne physique,RSI,PC,CDI,CRICEXT,Bon,0.0,0.0,0.0,0.0,0.0,0.0,0.0,0.0,0.0,0,0,0,0,0,0,0
2280,Personne physique,RSI,PC,CDI,CRICEXT,Bon,0.0,0.0,0.0,0.0,0.0,0.0,0.0,0.0,0.0,0,0,0,0,0,0,0
2281,Personne physique,RSI,PC,CDI,CRICEXT,Bon,0.0,0.0,0.0,0.0,0.0,0.0,0.0,0.0,0.0,0,0,0,0,0,0,0
2282,Personne physique,RSI,PC,CDI,CRICEXT,Bon,0.0,0.0,0.0,0.0,0.0,0.0,0.0,0.0,0.0,0,0,0,1,0,0,0
2283,Personne physique,SALARIE,PC,CDI,CRICEXT,Bon,0.0,0.0,0.0,0.0,0.0,0.0,0.0,0.0,0.0,0,0,0,1,0,0,0
2284,Personne physique,SALARIE,PC,CDI,CRICEXT,Bon,0.0,0.0,0.0,0.0,0.0,0.0,0.0,0.0,0.0,0,0,0,1,0,0,0
2285,Personne physique,SALARIE,PC,CDI,CRICEXT,Bon,0.0,0.0,0.0,0.0,0.0,0.0,0.0,0.0,0.0,0,0,0,1,0,0,0
2286,Personne physique,SALARIE,PC,CDI,CRICEXT,Bon,0.0,0.0,0.0,0.0,0.0,0.0,0.0,0.0,0.0,0,0,0,1,0,0,0
2287,Personne physique,SALARIE,PC,CDI,CRICEXT,Bon,0.0,0.0,0.0,0.0,0.0,0.0,0.0,0.0,0.0,0,0,0,1,0,0,0
2288,Personne physique,SALARIE,PC,CDI,CRICEXT,Bon,0.0,0.0,0.0,0.0,0.0,0.0,0.0,0.0,0.0,0,0,0,1,0,0,0
2289,Personne physique,SALARIE,PC,CDI,CRICEXT,Bon,0.0,0.0,0.0,0.0,0.0,0.0,0.0,0.0,0.0,0,0,0,1,0,0,0
2290,Personne physique,SALARIE,PC,CDI,CRICEXT,Bon,0.0,0.0,0.0,0.0,0.0,0.0,0.0,0.0,0.0,0,0,0,1,0,0,0
2291,Personne physique,SALARIE,PC,CDI,CRICEXT,Bon,0.0,0.0,0.0,0.0,0.0,0.0,0.0,0.0,0.0,0,0,0,1,0,0,0
2292,Personne physique,SALARIE,PC,CDI,CRICEXT,Bon,0.0,0.0,0.0,0.0,0.0,0.0,0.0,0.0,0.0,0,0,0,1,0,0,0
2293,Personne physique,RSI,PC,CDI,CRICEXT,Bon,0.0,0.0,0.0,0.0,0.0,0.0,0.0,0.0,0.0,0,0,0,1,0,0,0
2294,Personne physique,HRI,PC,CDI,CRICEXT,Bon,0.0,0.0,0.0,0.0,0.0,0.0,0.0,0.0,0.0,0,0,0,1,0,0,0
2295,Personne physique,RSI,PC,CDI,CRICEXT,Bon,0.0,0.0,0.0,0.0,0.0,0.0,0.0,0.0,0.0,0,0,0,0,1,0,1
2296,Personne morale,RSI,PC,CDI,CRICEXT,Bon,0.0,0.0,0.0,0.0,0.0,0.0,0.0,0.0,0.0,0,0,0,1,1,0,1
2297,Personne physique,RSI,PC,CDI,CRICEXT,Bon,0.0,0.0,0.0,0.0,0.0,0.0,0.0,0.0,0.0,0,0,0,0,1,0,1
2298,Personne physique,RSI,PC,CDI,CRICEXT,Bon,0.0,0.0,0.0,0.0,0.0,0.0,0.0,0.0,0.0,0,0,0,0,1,0,1
2299,Personne physique,HRI,PC,CDI,CRIE,Bon,0.0,0.0,0.0,0.0,0.0,0.0,0.0,0.0,0.0,0,0,0,1,0,0,0
2300,Personne physique,HRI,PC,CDI,CRIE,Bon,0.0,0.0,0.0,0.0,0.0,0.0,0.0,0.0,0.0,0,0,0,1,0,0,0
2301,Personne physique,HRI,PC,CDI,CRIE,Bon,0.0,0.0,0.0,0.0,0.0,0.0,0.0,0.0,0.0,0,0,0,1,0,0,0
2302,Personne physique,HRI,PC,CDI,CRIE,Bon,0.0,0.0,0.0,0.0,0.0,0.0,0.0,0.0,0.0,0,0,0,1,0,0,0
2303,Personne physique,IL,PC,CDI,CRIE,Bon,0.0,0.0,0.0,0.0,0.0,0.0,0.0,0.0,0.0,0,0,0,0,0,0,0
2304,Personne physique,IL,PC,CDI,CRIE,Bon,0.0,0.0,0.0,0.0,0.0,0.0,0.0,0.0,0.0,0,0,0,0,0,0,0
2305,Personne physique,IL,PC,CDI,CRIE,Bon,0.0,0.0,0.0,0.0,0.0,0.0,0.0,0.0,0.0,0,0,0,1,0,0,0
2306,Personne physique,IL,PC,CDI,CRIE,Bon,0.0,0.0,0.0,0.0,0.0,0.0,0.0,0.0,0.0,0,0,0,1,0,0,0
2307,Personne physique,IL,PC,CDI,CRIE,Bon,0.0,0.0,0.0,0.0,0.0,0.0,0.0,0.0,0.0,0,0,0,1,0,0,0
2308,Personne physique,IL,PC,CDI,CRIE,Bon,0.0,0.0,0.0,0.0,0.0,0.0,0.0,0.0,0.0,0,0,0,0,0,0,0
2309,Personne physique,IL,PC,CDI,CRIE,Bon,0.0,0.0,0.0,0.0,0.0,0.0,0.0,0.0,0.0,0,0,0,1,0,0,0
2310,Personne physique,IL,PC,CDI,CRIE,Bon,0.0,0.0,0.0,0.0,0.0,0.0,0.0,0.0,0.0,0,0,0,0,0,0,0
2311,Personne physique,IL,PC,CDI,CRIE,Bon,0.0,0.0,0.0,0.0,0.0,0.0,0.0,0.0,0.0,0,0,0,1,0,0,0
2312,Personne physique,IL,PC,CDI,CRIE,Bon,0.0,0.0,0.0,0.0,0.0,0.0,0.0,0.0,0.0,0,0,0,0,0,0,0
2313,Personne physique,IL,PC,CDI,CRIE,Bon,0.0,0.0,0.0,0.0,0.0,0.0,0.0,0.0,0.0,0,0,0,0,0,0,0
2314,Personne physique,IL,PC,CDI,CRIE,Bon,0.0,0.0,0.0,0.0,0.0,0.0,0.0,0.0,0.0,0,0,0,0,0,0,0
2315,Personne physique,IL,PC,CDI,CRIE,Bon,0.0,0.0,0.0,0.0,0.0,0.0,0.0,0.0,0.0,0,0,0,0,0,0,0
2316,Personne physique,IL,PC,CDI,CRIE,Bon,0.0,0.0,0.0,0.0,0.0,0.0,0.0,0.0,0.0,0,0,0,0,0,0,0
2317,Personne physique,IL,PC,CDI,CRIE,Bon,0.0,0.0,0.0,0.0,0.0,0.0,0.0,0.0,0.0,0,0,0,0,0,0,0
2318,Personne physique,IL,PC,CDI,CRIE,Bon,0.0,0.0,0.0,0.0,0.0,0.0,0.0,0.0,0.0,0,0,0,0,0,0,0
2319,Personne physique,IL,PC,CDI,CRIE,Bon,0.0,0.0,0.0,0.0,0.0,0.0,0.0,0.0,0.0,0,0,0,0,0,0,0
2320,Personne physique,IL,PC,CDI,CRIE,Bon,0.0,0.0,0.0,0.0,0.0,0.0,0.0,0.0,0.0,0,0,0,0,0,0,0
2321,Personne physique,IL,PC,CDI,CRIE,Bon,0.0,0.0,0.0,0.0,0.0,0.0,0.0,0.0,0.0,0,0,0,0,0,0,0
2322,Personne physique,IL,PC,CDI,CRIE,Bon,0.0,0.0,0.0,0.0,0.0,0.0,0.0,0.0,0.0,0,0,0,0,0,0,0
2323,Personne physique,IL,PC,CDI,CRIE,Bon,0.0,0.0,0.0,0.0,0.0,0.0,0.0,0.0,0.0,0,0,0,0,0,0,0
2324,Personne physique,IL,PC,CDI,CRIE,Bon,0.0,0.0,0.0,0.0,0.0,0.0,0.0,0.0,0.0,0,0,0,0,0,0,0
2325,Personne physique,IL,PC,CDI,CRIE,Bon,0.0,0.0,0.0,0.0,0.0,0.0,0.0,0.0,0.0,0,0,0,0,0,0,0
2326,Personne physique,IL,PC,CDI,CRIE,Bon,0.0,0.0,0.0,0.0,0.0,0.0,0.0,0.0,0.0,0,0,0,0,0,0,0
2327,Personne physique,IL,PC,CDI,CRIE,Bon,0.0,0.0,0.0,0.0,0.0,0.0,0.0,0.0,0.0,0,0,0,1,0,0,0
2328,Personne morale,RSI,PC,CDI,CRIE,Bon,0.0,0.0,0.0,0.0,0.0,0.0,0.0,0.0,0.0,0,0,0,1,0,0,0
2329,Personne physique,RSI,PC,CDI,CRIE,Bon,0.0,0.0,0.0,0.0,0.0,0.0,0.0,0.0,0.0,0,0,0,0,0,0,0
2330,Personne physique,RSI,PC,CDI,CRIE,Bon,0.0,0.0,0.0,0.0,0.0,0.0,0.0,0.0,0.0,0,0,0,1,0,0,0
2331,Personne physique,SALARIE,PC,CDI,CRIE,Bon,0.0,0.0,0.0,0.0,0.0,0.0,0.0,0.0,0.0,0,0,0,1,0,0,0
2332,Personne physique,SALARIE,PC,CDI,CRIE,Bon,0.0,0.0,0.0,0.0,0.0,0.0,0.0,0.0,0.0,0,0,0,1,0,0,0
2333,Personne physique,SALARIE,PC,CDI,CRIE,Bon,0.0,0.0,0.0,0.0,0.0,0.0,0.0,0.0,0.0,0,0,0,1,0,0,0
2334,Personne physique,SALARIE,PC,CDI,CRIE,Bon,0.0,0.0,0.0,0.0,0.0,0.0,0.0,0.0,0.0,0,0,0,1,0,0,0
2335,Personne physique,SALARIE,PC,CDI,CRIE,Bon,0.0,0.0,0.0,0.0,0.0,0.0,0.0,0.0,0.0,0,0,0,1,0,0,0
2336,Personne physique,SALARIE,PC,CDI,CRIE,Bon,0.0,0.0,0.0,0.0,0.0,0.0,0.0,0.0,0.0,0,0,0,1,0,0,0
2337,Personne physique,SALARIE,PC,CDI,CRIE,Bon,0.0,0.0,0.0,0.0,0.0,0.0,0.0,0.0,0.0,0,0,0,1,0,0,0
2338,Personne physique,RSI,PC,CDI,CRIE,Bon,0.0,0.0,0.0,0.0,0.0,0.0,0.0,0.0,0.0,0,0,0,0,1,0,1
2339,Personne physique,RSI,PC,CDI,CRIE,Bon,0.0,0.0,0.0,0.0,0.0,0.0,0.0,0.0,0.0,0,0,0,0,1,0,1
2340,Personne physique,RSI,PC,CDI,CRIE,Bon,0.0,0.0,0.0,0.0,0.0,0.0,0.0,0.0,0.0,0,0,0,0,1,0,1
2341,Personne morale,HRI,PC,CDI,CRIEN,Bon,0.0,0.0,0.0,0.0,0.0,0.0,0.0,0.0,0.0,0,0,0,0,0,0,0
2342,Personne physique,HRI,PC,CDI,CRIEN,Bon,0.0,0.0,0.0,0.0,0.0,0.0,0.0,0.0,0.0,0,0,0,1,0,0,0
2343,Personne physique,IL,PC,CDI,CRIEN,Bon,0.0,0.0,0.0,0.0,0.0,0.0,0.0,0.0,0.0,0,0,0,1,0,0,0
2344,Personne physique,IL,PC,CDI,CRIEN,Bon,0.0,0.0,0.0,0.0,0.0,0.0,0.0,0.0,0.0,0,0,0,0,0,0,0
2345,Personne physique,IL,PC,CDI,CRIEN,Bon,0.0,0.0,0.0,0.0,0.0,0.0,0.0,0.0,0.0,0,0,0,0,0,0,0
2346,Personne physique,IL,PC,CDI,CRIEN,Bon,0.0,0.0,0.0,0.0,0.0,0.0,0.0,0.0,0.0,0,0,0,0,0,0,0
2347,Personne physique,IL,PC,CDI,CRIEN,Bon,0.0,0.0,0.0,0.0,0.0,0.0,0.0,0.0,0.0,0,0,0,1,0,0,0
2348,Personne physique,IL,PC,CDI,CRIEN,Bon,0.0,0.0,0.0,0.0,0.0,0.0,0.0,0.0,0.0,0,0,0,0,0,0,0
2349,Personne physique,IL,PC,CDI,CRIEN,Bon,0.0,0.0,0.0,0.0,0.0,0.0,0.0,0.0,0.0,0,0,0,0,0,0,0
2350,Personne physique,IL,PC,CDI,CRIEN,Bon,0.0,0.0,0.0,0.0,0.0,0.0,0.0,0.0,0.0,0,0,0,0,0,0,0
2351,Personne physique,IL,PC,CDI,CRIEN,Bon,0.0,0.0,0.0,0.0,0.0,0.0,0.0,0.0,0.0,0,0,0,0,0,0,0
2352,Personne physique,IL,PC,CDI,CRIEN,Bon,0.0,0.0,0.0,0.0,0.0,0.0,0.0,0.0,0.0,0,0,0,0,0,0,0
2353,Personne physique,IL,PC,CDI,CRIEN,Bon,0.0,0.0,0.0,0.0,0.0,0.0,0.0,0.0,0.0,0,0,0,0,0,0,0
2354,Personne physique,IL,PC,CDI,CRIEN,Bon,0.0,0.0,0.0,0.0,0.0,0.0,0.0,0.0,0.0,0,0,0,1,0,0,0
2355,Personne physique,IL,PC,CDI,CRIEN,Bon,0.0,0.0,0.0,0.0,0.0,0.0,0.0,0.0,0.0,0,0,0,0,0,0,0
2356,Personne physique,IL,PC,CDI,CRIEN,Bon,0.0,0.0,0.0,0.0,0.0,0.0,0.0,0.0,0.0,0,0,0,1,0,0,0
2357,Personne physique,IL,PC,CDI,CRIEN,Bon,0.0,0.0,0.0,0.0,0.0,0.0,0.0,0.0,0.0,0,0,0,0,0,0,0
2358,Personne physique,IL,PC,CDI,CRIEN,Bon,0.0,0.0,0.0,0.0,0.0,0.0,0.0,0.0,0.0,0,0,0,0,0,0,0
2359,Personne physique,IL,PC,CDI,CRIEN,Bon,0.0,0.0,0.0,0.0,0.0,0.0,0.0,0.0,0.0,0,0,0,1,0,0,0
2360,Personne physique,IL,PC,CDI,CRIEN,Bon,0.0,0.0,0.0,0.0,0.0,0.0,0.0,0.0,0.0,0,0,0,0,0,0,0
2361,Personne physique,IL,PC,CDI,CRIEN,Bon,0.0,0.0,0.0,0.0,0.0,0.0,0.0,0.0,0.0,0,0,0,0,0,0,0
2362,Personne physique,IL,PC,CDI,CRIEN,Bon,0.0,0.0,0.0,0.0,0.0,0.0,0.0,0.0,0.0,0,0,0,0,0,0,0
2363,Personne physique,IL,PC,CDI,CRIEN,Bon,0.0,0.0,0.0,0.0,0.0,0.0,0.0,0.0,0.0,0,0,0,0,0,0,0
2364,Personne physique,IL,PC,CDI,CRIEN,Bon,0.0,0.0,0.0,0.0,0.0,0.0,0.0,0.0,0.0,0,0,0,0,0,0,0
2365,Personne physique,IL,PC,CDI,CRIEN,Bon,0.0,0.0,0.0,0.0,0.0,0.0,0.0,0.0,0.0,0,0,0,0,0,0,0
2366,Personne physique,IL,PC,CDI,CRIEN,Bon,0.0,0.0,0.0,0.0,0.0,0.0,0.0,0.0,0.0,0,0,0,0,0,0,0
2367,Personne physique,IL,PC,CDI,CRIEN,Bon,0.0,0.0,0.0,0.0,0.0,0.0,0.0,0.0,0.0,0,0,0,0,0,0,0
2368,Personne physique,IL,PC,CDI,CRIEN,Bon,0.0,0.0,0.0,0.0,0.0,0.0,0.0,0.0,0.0,0,0,0,0,0,0,0
2369,Personne physique,IL,PC,CDI,CRIEN,Bon,0.0,0.0,0.0,0.0,0.0,0.0,0.0,0.0,0.0,0,0,0,0,0,0,0
2370,Personne physique,IL,PC,CDI,CRIEN,Bon,0.0,0.0,0.0,0.0,0.0,0.0,0.0,0.0,0.0,0,0,0,0,0,0,0
2371,Personne physique,IL,PC,CDI,CRIEN,Bon,0.0,0.0,0.0,0.0,0.0,0.0,0.0,0.0,0.0,0,0,0,0,0,0,0
2372,Personne physique,IL,PC,CDI,CRIEN,Bon,0.0,0.0,0.0,0.0,0.0,0.0,0.0,0.0,0.0,0,0,0,0,0,0,0
2373,Personne physique,IL,PC,CDI,CRIEN,Bon,0.0,0.0,0.0,0.0,0.0,0.0,0.0,0.0,0.0,0,0,0,0,0,0,0
2374,Personne physique,IL,PC,CDI,CRIEN,Bon,0.0,0.0,0.0,0.0,0.0,0.0,0.0,0.0,0.0,0,0,0,0,0,0,0
2375,Personne physique,IL,PC,CDI,CRIEN,Bon,0.0,0.0,0.0,0.0,0.0,0.0,0.0,0.0,0.0,0,0,0,0,0,0,0
2376,Personne physique,IL,PC,CDI,CRIEN,Bon,0.0,0.0,0.0,0.0,0.0,0.0,0.0,0.0,0.0,0,0,0,0,0,0,0
2377,Personne physique,IL,PC,CDI,CRIEN,Bon,0.0,0.0,0.0,0.0,0.0,0.0,0.0,0.0,0.0,0,0,0,0,0,0,0
2378,Personne physique,IL,PC,CDI,CRIEN,Bon,0.0,0.0,0.0,0.0,0.0,0.0,0.0,0.0,0.0,0,0,0,0,0,0,0
2379,Personne physique,IL,PC,CDI,CRIEN,Bon,0.0,0.0,0.0,0.0,0.0,0.0,0.0,0.0,0.0,0,0,0,0,0,0,0
2380,Personne morale,RSI,PC,CDI,CRIEN,Bon,0.0,0.0,0.0,0.0,0.0,0.0,0.0,0.0,0.0,0,0,0,1,0,0,0
2381,Personne morale,RSI,PC,CDI,CRIEN,Bon,0.0,0.0,0.0,0.0,0.0,0.0,0.0,0.0,0.0,0,0,0,0,0,0,0
2382,Personne morale,RSI,PC,CDI,CRIEN,Bon,0.0,0.0,0.0,0.0,0.0,0.0,0.0,0.0,0.0,0,0,0,0,0,0,0
2383,Personne physique,RSI,PC,CDI,CRIEN,Bon,0.0,0.0,0.0,0.0,0.0,0.0,0.0,0.0,0.0,0,0,0,0,0,0,0
2384,Personne physique,RSI,PC,CDI,CRIEN,Bon,0.0,0.0,0.0,0.0,0.0,0.0,0.0,0.0,0.0,0,0,0,1,0,0,0
2385,Personne physique,RSI,PC,CDI,CRIEN,Bon,0.0,0.0,0.0,0.0,0.0,0.0,0.0,0.0,0.0,0,0,0,0,0,0,0
2386,Personne physique,SALARIE,PC,CDI,CRIEN,Bon,0.0,0.0,0.0,0.0,0.0,0.0,0.0,0.0,0.0,0,0,0,1,0,0,0
2387,Personne physique,SALARIE,PC,CDI,CRIEN,Bon,0.0,0.0,0.0,0.0,0.0,0.0,0.0,0.0,0.0,0,0,0,1,0,0,0
2388,Personne physique,SALARIE,PC,CDI,CRIEN,Bon,0.0,0.0,0.0,0.0,0.0,0.0,0.0,0.0,0.0,0,0,0,1,0,0,0
2389,Personne physique,SALARIE,PC,CDI,CRIEN,Bon,0.0,0.0,0.0,0.0,0.0,0.0,0.0,0.0,0.0,0,0,0,1,0,0,0
2390,Personne physique,SALARIE,PC,CDI,CRIEN,Bon,0.0,0.0,0.0,0.0,0.0,0.0,0.0,0.0,0.0,0,0,0,1,0,0,0
2391,Personne physique,IL,PC,CDI,CRIEN,Bon,0.0,0.0,0.0,0.0,0.0,0.0,0.0,0.0,0.0,0,0,0,1,0,0,0
2392,Personne physique,RSI,PC,CDI,CRIEN,Bon,0.0,0.0,0.0,0.0,0.0,0.0,0.0,0.0,0.0,0,0,0,0,1,0,1
2393,Personne physique,RSI,PC,CDI,CRIEN,Bon,0.0,0.0,0.0,0.0,0.0,0.0,0.0,0.0,0.0,0,0,0,0,1,0,1
2394,Personne physique,RSI,PC,CDI,CRIEN,Bon,0.0,0.0,0.0,0.0,0.0,0.0,0.0,0.0,0.0,0,0,0,0,1,0,1
2395,Personne physique,HRI,PC,CDI,CRIL1,Bon,0.0,0.0,0.0,0.0,0.0,0.0,0.0,0.0,0.0,0,0,0,1,0,0,0
2396,Personne physique,HRI,PC,CDI,CRIL1,Bon,0.0,0.0,0.0,0.0,0.0,0.0,0.0,0.0,0.0,0,0,0,1,0,0,0
2397,Personne physique,HRI,PC,CDI,CRIL1,Bon,0.0,0.0,0.0,0.0,0.0,0.0,0.0,0.0,0.0,0,0,0,1,0,0,0
2398,Personne physique,HRI,PC,CDI,CRIL1,Bon,0.0,0.0,0.0,0.0,0.0,0.0,0.0,0.0,0.0,0,0,0,1,0,0,0
2399,Personne physique,HRI,PC,CDI,CRIL1,Bon,0.0,0.0,0.0,0.0,0.0,0.0,0.0,0.0,0.0,0,0,0,1,0,0,0
2400,Personne physique,HRI,PC,CDI,CRIL1,Bon,0.0,0.0,0.0,0.0,0.0,0.0,0.0,0.0,0.0,0,0,0,1,0,0,0
2401,Personne physique,HRI,PC,CDI,CRIL1,Bon,0.0,0.0,0.0,0.0,0.0,0.0,0.0,0.0,0.0,0,0,0,1,0,0,0
2402,Personne physique,HRI,PC,CDI,CRIL1,Bon,0.0,0.0,0.0,0.0,0.0,0.0,0.0,0.0,0.0,0,0,0,1,0,0,0
2403,Personne physique,HRI,PC,CDI,CRIL1,Bon,0.0,0.0,0.0,0.0,0.0,0.0,0.0,0.0,0.0,0,0,0,1,0,0,0
2404,Personne physique,HRI,PC,CDI,CRIL1,Bon,0.0,0.0,0.0,0.0,0.0,0.0,0.0,0.0,0.0,0,0,0,1,0,0,0
2405,Personne physique,HRI,PC,CDI,CRIL1,Bon,0.0,0.0,0.0,0.0,0.0,0.0,0.0,0.0,0.0,0,0,0,1,0,0,0
2406,Personne physique,HRI,PC,CDI,CRIL1,Bon,0.0,0.0,0.0,0.0,0.0,0.0,0.0,0.0,0.0,0,0,0,1,0,0,0
2407,Personne physique,HRI,PC,CDI,CRIL1,Bon,0.0,0.0,0.0,0.0,0.0,0.0,0.0,0.0,0.0,0,0,0,1,0,0,0
2408,Personne physique,HRI,PC,CDI,CRIL1,Bon,0.0,0.0,0.0,0.0,0.0,0.0,0.0,0.0,0.0,0,0,0,1,0,0,0
2409,Personne physique,HRI,PC,CDI,CRIL1,Bon,0.0,0.0,0.0,0.0,0.0,0.0,0.0,0.0,0.0,0,0,0,1,0,0,0
2410,Personne physique,HRI,PC,CDI,CRIL1,Bon,0.0,0.0,0.0,0.0,0.0,0.0,0.0,0.0,0.0,0,0,0,1,0,0,0
2411,Personne physique,HRI,PC,CDI,CRIL1,Bon,0.0,0.0,0.0,0.0,0.0,0.0,0.0,0.0,0.0,0,0,0,1,0,0,0
2412,Personne physique,HRI,PC,CDI,CRIL1,Bon,0.0,0.0,0.0,0.0,0.0,0.0,0.0,0.0,0.0,0,0,0,1,0,0,0
2413,Personne physique,HRI,PC,CDI,CRIL1,Bon,0.0,0.0,0.0,0.0,0.0,0.0,0.0,0.0,0.0,0,0,0,1,0,0,0
2414,Personne physique,HRI,PC,CDI,CRIL1,Bon,0.0,0.0,0.0,0.0,0.0,0.0,0.0,0.0,0.0,0,0,0,1,0,0,0
2415,Personne physique,HRI,PC,CDI,CRIL1,Bon,0.0,0.0,0.0,0.0,0.0,0.0,0.0,0.0,0.0,0,0,0,1,0,0,0
2416,Personne physique,HRI,PC,CDI,CRIL1,Bon,0.0,0.0,0.0,0.0,0.0,0.0,0.0,0.0,0.0,0,0,0,1,0,0,0
2417,Personne physique,HRI,PC,CDI,CRIL1,Bon,0.0,0.0,0.0,0.0,0.0,0.0,0.0,0.0,0.0,0,0,0,1,0,0,0
2418,Personne physique,HRI,PC,CDI,CRIL1,Bon,0.0,0.0,0.0,0.0,0.0,0.0,0.0,0.0,0.0,0,0,0,1,0,0,0
2419,Personne physique,HRI,PC,CDI,CRIL1,Bon,0.0,0.0,0.0,0.0,0.0,0.0,0.0,0.0,0.0,0,0,0,1,0,0,0
2420,Personne physique,HRI,PC,CDI,CRIL1,Bon,0.0,0.0,0.0,0.0,0.0,0.0,0.0,0.0,0.0,0,0,0,1,0,0,0
2421,Personne physique,HRI,PC,CDI,CRIL1,Bon,0.0,0.0,0.0,0.0,0.0,0.0,0.0,0.0,0.0,0,0,0,1,0,0,0
2422,Personne physique,HRI,PC,CDI,CRIL1,Bon,0.0,0.0,0.0,0.0,0.0,0.0,0.0,0.0,0.0,0,0,0,1,0,0,0
2423,Personne physique,HRI,PC,CDI,CRIL1,Bon,0.0,0.0,0.0,0.0,0.0,0.0,0.0,0.0,0.0,0,0,0,1,0,0,0
2424,Personne physique,HRI,PC,CDI,CRIL1,Bon,0.0,0.0,0.0,0.0,0.0,0.0,0.0,0.0,0.0,0,0,0,1,0,0,0
2425,Personne physique,HRI,PC,CDI,CRIL1,Bon,0.0,0.0,0.0,0.0,0.0,0.0,0.0,0.0,0.0,0,0,0,1,0,0,0
2426,Personne physique,HRI,PC,CDI,CRIL1,Bon,0.0,0.0,0.0,0.0,0.0,0.0,0.0,0.0,0.0,0,0,0,1,0,0,0
2427,Personne physique,HRI,PC,CDI,CRIL1,Bon,0.0,0.0,0.0,0.0,0.0,0.0,0.0,0.0,0.0,0,0,0,1,0,0,0
2428,Personne physique,HRI,PC,CDI,CRIL1,Bon,0.0,0.0,0.0,0.0,0.0,0.0,0.0,0.0,0.0,0,0,0,1,0,0,0
2429,Personne physique,HRI,PC,CDI,CRIL1,Bon,0.0,0.0,0.0,0.0,0.0,0.0,0.0,0.0,0.0,0,0,0,1,0,0,0
2430,Personne physique,HRI,PC,CDI,CRIL1,Bon,0.0,0.0,0.0,0.0,0.0,0.0,0.0,0.0,0.0,0,0,0,1,0,0,0
2431,Personne physique,HRI,PC,CDI,CRIL1,Bon,0.0,0.0,0.0,0.0,0.0,0.0,0.0,0.0,0.0,0,0,0,1,0,0,0
2432,Personne physique,HRI,PC,CDI,CRIL1,Bon,0.0,0.0,0.0,0.0,0.0,0.0,0.0,0.0,0.0,0,0,0,1,0,0,0
2433,Personne physique,HRI,PC,CDI,CRIL1,Bon,0.0,0.0,0.0,0.0,0.0,0.0,0.0,0.0,0.0,0,0,0,1,0,0,0
2434,Personne physique,HRI,PC,CDI,CRIL1,Bon,0.0,0.0,0.0,0.0,0.0,0.0,0.0,0.0,0.0,0,0,0,1,0,0,0
2435,Personne physique,HRI,PC,CDI,CRIL1,Bon,0.0,0.0,0.0,0.0,0.0,0.0,0.0,0.0,0.0,0,0,0,1,0,0,0
2436,Personne physique,HRI,PC,CDI,CRIL1,Bon,0.0,0.0,0.0,0.0,0.0,0.0,0.0,0.0,0.0,0,0,0,1,0,0,0
2437,Personne physique,HRI,PC,CDI,CRIL1,Bon,0.0,0.0,0.0,0.0,0.0,0.0,0.0,0.0,0.0,0,0,0,1,0,0,0
2438,Personne physique,HRI,PC,CDI,CRIL1,Bon,0.0,0.0,0.0,0.0,0.0,0.0,0.0,0.0,0.0,0,0,0,1,0,0,0
2439,Personne physique,HRI,PC,CDI,CRIL1,Bon,0.0,0.0,0.0,0.0,0.0,0.0,0.0,0.0,0.0,0,0,0,1,0,0,0
2440,Personne physique,HRI,PC,CDI,CRIL1,Bon,0.0,0.0,0.0,0.0,0.0,0.0,0.0,0.0,0.0,0,0,0,1,0,0,0
2441,Personne physique,HRI,PC,CDI,CRIL1,Bon,0.0,0.0,0.0,0.0,0.0,0.0,0.0,0.0,0.0,0,0,0,1,0,0,0
2442,Personne physique,HRI,PC,CDI,CRIL1,Bon,0.0,0.0,0.0,0.0,0.0,0.0,0.0,0.0,0.0,0,0,0,1,0,0,0
2443,Personne physique,HRI,PC,CDI,CRIL1,Bon,0.0,0.0,0.0,0.0,0.0,0.0,0.0,0.0,0.0,0,0,0,1,0,0,0
2444,Personne physique,HRI,PC,CDI,CRIL1,Bon,0.0,0.0,0.0,0.0,0.0,0.0,0.0,0.0,0.0,0,0,0,1,0,0,0
2445,Personne physique,HRI,PC,CDI,CRIL1,Bon,0.0,0.0,0.0,0.0,0.0,0.0,0.0,0.0,0.0,0,0,0,1,0,0,0
2446,Personne physique,HRI,PC,CDI,CRIL1,Bon,0.0,0.0,0.0,0.0,0.0,0.0,0.0,0.0,0.0,0,0,0,1,0,0,0
2447,Personne physique,HRI,PC,CDI,CRIL1,Bon,0.0,0.0,0.0,0.0,0.0,0.0,0.0,0.0,0.0,0,0,0,1,0,0,0
2448,Personne physique,HRI,PC,CDI,CRIL1,Bon,0.0,0.0,0.0,0.0,0.0,0.0,0.0,0.0,0.0,0,0,0,1,0,0,0
2449,Personne physique,HRI,PC,CDI,CRIL1,Bon,0.0,0.0,0.0,0.0,0.0,0.0,0.0,0.0,0.0,0,0,0,1,0,0,0
2450,Personne physique,HRI,PC,CDI,CRIL1,Bon,0.0,0.0,0.0,0.0,0.0,0.0,0.0,0.0,0.0,0,0,0,1,0,0,0
2451,Personne physique,HRI,PC,CDI,CRIL1,Bon,0.0,0.0,0.0,0.0,0.0,0.0,0.0,0.0,0.0,0,0,0,1,0,0,0
2452,Personne physique,HRI,PC,CDI,CRIL1,Bon,0.0,0.0,0.0,0.0,0.0,0.0,0.0,0.0,0.0,0,0,0,1,0,0,0
2453,Personne physique,HRI,PC,CDI,CRIL1,Bon,0.0,0.0,0.0,0.0,0.0,0.0,0.0,0.0,0.0,0,0,0,1,0,0,0
2454,Personne physique,HRI,PC,CDI,CRIL1,Bon,0.0,0.0,0.0,0.0,0.0,0.0,0.0,0.0,0.0,0,0,0,1,0,0,0
2455,Personne physique,HRI,PC,CDI,CRIL1,Bon,0.0,0.0,0.0,0.0,0.0,0.0,0.0,0.0,0.0,0,0,0,1,0,0,0
2456,Personne physique,HRI,PC,CDI,CRIL1,Bon,0.0,0.0,0.0,0.0,0.0,0.0,0.0,0.0,0.0,0,0,0,1,0,0,0
2457,Personne physique,HRI,PC,CDI,CRIL1,Bon,0.0,0.0,0.0,0.0,0.0,0.0,0.0,0.0,0.0,0,0,0,1,0,0,0
2458,Personne physique,HRI,PC,CDI,CRIL1,Bon,0.0,0.0,0.0,0.0,0.0,0.0,0.0,0.0,0.0,0,0,0,1,0,0,0
2459,Personne physique,HRI,PC,CDI,CRIL1,Bon,0.0,0.0,0.0,0.0,0.0,0.0,0.0,0.0,0.0,0,0,0,1,0,0,0
2460,Personne physique,HRI,PC,CDI,CRIL1,Bon,0.0,0.0,0.0,0.0,0.0,0.0,0.0,0.0,0.0,0,0,0,1,0,0,0
2461,Personne physique,HRI,PC,CDI,CRIL1,Bon,0.0,0.0,0.0,0.0,0.0,0.0,0.0,0.0,0.0,0,0,0,1,0,0,0
2462,Personne physique,HRI,PC,CDI,CRIL1,Bon,0.0,0.0,0.0,0.0,0.0,0.0,0.0,0.0,0.0,0,0,0,1,0,0,0
2463,Personne physique,HRI,PC,CDI,CRIL1,Bon,0.0,0.0,0.0,0.0,0.0,0.0,0.0,0.0,0.0,0,0,0,1,0,0,0
2464,Personne physique,HRI,PC,CDI,CRIL1,Bon,0.0,0.0,0.0,0.0,0.0,0.0,0.0,0.0,0.0,0,0,0,1,0,0,0
2465,Personne physique,HRI,PC,CDI,CRIL1,Bon,0.0,0.0,0.0,0.0,0.0,0.0,0.0,0.0,0.0,0,0,0,1,0,0,0
2466,Personne physique,HRI,PC,CDI,CRIL1,Bon,0.0,0.0,0.0,0.0,0.0,0.0,0.0,0.0,0.0,0,0,0,1,0,0,0
2467,Personne physique,HRI,PC,CDI,CRIL1,Bon,0.0,0.0,0.0,0.0,0.0,0.0,0.0,0.0,0.0,0,0,0,1,0,0,0
2468,Personne physique,HRI,PC,CDI,CRIL1,Bon,0.0,0.0,0.0,0.0,0.0,0.0,0.0,0.0,0.0,0,0,0,1,0,0,0
2469,Personne physique,HRI,PC,CDI,CRIL1,Bon,0.0,0.0,0.0,0.0,0.0,0.0,0.0,0.0,0.0,0,0,0,1,0,0,0
2470,Personne physique,HRI,PC,CDI,CRIL1,Bon,0.0,0.0,0.0,0.0,0.0,0.0,0.0,0.0,0.0,0,0,0,1,0,0,0
2471,Personne physique,HRI,PC,CDI,CRIL1,Bon,0.0,0.0,0.0,0.0,0.0,0.0,0.0,0.0,0.0,0,0,0,1,0,0,0
2472,Personne physique,HRI,PC,CDI,CRIL1,Bon,0.0,0.0,0.0,0.0,0.0,0.0,0.0,0.0,0.0,0,0,0,1,0,0,0
2473,Personne physique,HRI,PC,CDI,CRIL1,Bon,0.0,0.0,0.0,0.0,0.0,0.0,0.0,0.0,0.0,0,0,0,1,0,0,0
2474,Personne physique,HRI,PC,CDI,CRIL1,Bon,0.0,0.0,0.0,0.0,0.0,0.0,0.0,0.0,0.0,0,0,0,1,0,0,0
2475,Personne physique,HRI,PC,CDI,CRIL1,Bon,0.0,0.0,0.0,0.0,0.0,0.0,0.0,0.0,0.0,0,0,0,1,0,0,0
2476,Personne physique,HRI,PC,CDI,CRIL1,Bon,0.0,0.0,0.0,0.0,0.0,0.0,0.0,0.0,0.0,0,0,0,1,0,0,0
2477,Personne physique,HRI,PC,CDI,CRIL1,Bon,0.0,0.0,0.0,0.0,0.0,0.0,0.0,0.0,0.0,0,0,0,1,0,0,0
2478,Personne physique,HRI,PC,CDI,CRIL1,Bon,0.0,0.0,0.0,0.0,0.0,0.0,0.0,0.0,0.0,0,0,0,1,0,0,0
2479,Personne physique,HRI,PC,CDI,CRIL1,Bon,0.0,0.0,0.0,0.0,0.0,0.0,0.0,0.0,0.0,0,0,0,1,0,0,0
2480,Personne physique,HRI,PC,CDI,CRIL1,Bon,0.0,0.0,0.0,0.0,0.0,0.0,0.0,0.0,0.0,0,0,0,1,0,0,0
2481,Personne physique,HRI,PC,CDI,CRIL1,Bon,0.0,0.0,0.0,0.0,0.0,0.0,0.0,0.0,0.0,0,0,0,1,0,0,0
2482,Personne physique,HRI,PC,CDI,CRIL1,Bon,0.0,0.0,0.0,0.0,0.0,0.0,0.0,0.0,0.0,0,0,0,1,0,0,0
2483,Personne physique,HRI,PC,CDI,CRIL1,Bon,0.0,0.0,0.0,0.0,0.0,0.0,0.0,0.0,0.0,0,0,0,1,0,0,0
2484,Personne physique,HRI,PC,CDI,CRIL1,Bon,0.0,0.0,0.0,0.0,0.0,0.0,0.0,0.0,0.0,0,0,0,1,0,0,0
2485,Personne physique,HRI,PC,CDI,CRIL1,Bon,0.0,0.0,0.0,0.0,0.0,0.0,0.0,0.0,0.0,0,0,0,1,0,0,0
2486,Personne physique,HRI,PC,CDI,CRIL1,Bon,0.0,0.0,0.0,0.0,0.0,0.0,0.0,0.0,0.0,0,0,0,1,0,0,0
2487,Personne physique,HRI,PC,CDI,CRIL1,Bon,0.0,0.0,0.0,0.0,0.0,0.0,0.0,0.0,0.0,0,0,0,1,0,0,0
2488,Personne physique,HRI,PC,CDI,CRIL1,Bon,0.0,0.0,0.0,0.0,0.0,0.0,0.0,0.0,0.0,0,0,0,1,0,0,0
2489,Personne physique,HRI,PC,CDI,CRIL1,Bon,0.0,0.0,0.0,0.0,0.0,0.0,0.0,0.0,0.0,0,0,0,1,0,0,0
2490,Personne physique,HRI,PC,CDI,CRIL1,Bon,0.0,0.0,0.0,0.0,0.0,0.0,0.0,0.0,0.0,0,0,0,1,0,0,0
2491,Personne physique,HRI,PC,CDI,CRIL1,Bon,0.0,0.0,0.0,0.0,0.0,0.0,0.0,0.0,0.0,0,0,0,1,0,0,0
2492,Personne physique,HRI,PC,CDI,CRIL1,Bon,0.0,0.0,0.0,0.0,0.0,0.0,0.0,0.0,0.0,0,0,0,1,0,0,0
2493,Personne physique,HRI,PC,CDI,CRIL1,Bon,0.0,0.0,0.0,0.0,0.0,0.0,0.0,0.0,0.0,0,0,0,1,0,0,0
2494,Personne physique,HRI,PC,CDI,CRIL1,Bon,0.0,0.0,0.0,0.0,0.0,0.0,0.0,0.0,0.0,0,0,0,1,0,0,0
2495,Personne physique,HRI,PC,CDI,CRIL1,Bon,0.0,0.0,0.0,0.0,0.0,0.0,0.0,0.0,0.0,0,0,0,1,0,0,0
2496,Personne physique,HRI,PC,CDI,CRIL1,Bon,0.0,0.0,0.0,0.0,0.0,0.0,0.0,0.0,0.0,0,0,0,1,0,0,0
2497,Personne physique,HRI,PC,CDI,CRIL1,Bon,0.0,0.0,0.0,0.0,0.0,0.0,0.0,0.0,0.0,0,0,0,1,0,0,0
2498,Personne physique,HRI,PC,CDI,CRIL1,Bon,0.0,0.0,0.0,0.0,0.0,0.0,0.0,0.0,0.0,0,0,0,1,0,0,0
2499,Personne physique,HRI,PC,CDI,CRIL1,Bon,0.0,0.0,0.0,0.0,0.0,0.0,0.0,0.0,0.0,0,0,0,1,0,0,0
2500,Personne physique,HRI,PC,CDI,CRIL1,Bon,0.0,0.0,0.0,0.0,0.0,0.0,0.0,0.0,0.0,0,0,0,1,0,0,0
2501,Personne physique,HRI,PC,CDI,CRIL1,Bon,0.0,0.0,0.0,0.0,0.0,0.0,0.0,0.0,0.0,0,0,0,1,0,0,0
2502,Personne physique,HRI,PC,CDI,CRIL1,Bon,0.0,0.0,0.0,0.0,0.0,0.0,0.0,0.0,0.0,0,0,0,1,0,0,0
2503,Personne physique,HRI,PC,CDI,CRIL1,Bon,0.0,0.0,0.0,0.0,0.0,0.0,0.0,0.0,0.0,0,0,0,1,0,0,0
2504,Personne physique,HRI,PC,CDI,CRIL1,Bon,0.0,0.0,0.0,0.0,0.0,0.0,0.0,0.0,0.0,0,0,0,1,0,0,0
2505,Personne physique,HRI,PC,CDI,CRIL1,Bon,0.0,0.0,0.0,0.0,0.0,0.0,0.0,0.0,0.0,0,0,0,1,0,0,0
2506,Personne physique,HRI,PC,CDI,CRIL1,Bon,0.0,0.0,0.0,0.0,0.0,0.0,0.0,0.0,0.0,0,0,0,1,0,0,0
2507,Personne physique,HRI,PC,CDI,CRIL1,Bon,0.0,0.0,0.0,0.0,0.0,0.0,0.0,0.0,0.0,0,0,0,1,0,0,0
2508,Personne physique,HRI,PC,CDI,CRIL1,Bon,0.0,0.0,0.0,0.0,0.0,0.0,0.0,0.0,0.0,0,0,0,1,0,0,0
2509,Personne physique,HRI,PC,CDI,CRIL1,Bon,0.0,0.0,0.0,0.0,0.0,0.0,0.0,0.0,0.0,0,0,0,1,0,0,0
2510,Personne physique,HRI,PC,CDI,CRIL1,Bon,0.0,0.0,0.0,0.0,0.0,0.0,0.0,0.0,0.0,0,0,0,1,0,0,0
2511,Personne physique,HRI,PC,CDI,CRIL1,Bon,0.0,0.0,0.0,0.0,0.0,0.0,0.0,0.0,0.0,0,0,0,1,0,0,0
2512,Personne physique,HRI,PC,CDI,CRIL1,Bon,0.0,0.0,0.0,0.0,0.0,0.0,0.0,0.0,0.0,0,0,0,1,0,0,0
2513,Personne physique,HRI,PC,CDI,CRIL1,Bon,0.0,0.0,0.0,0.0,0.0,0.0,0.0,0.0,0.0,0,0,0,1,0,0,0
2514,Personne physique,HRI,PC,CDI,CRIL1,Bon,0.0,0.0,0.0,0.0,0.0,0.0,0.0,0.0,0.0,0,0,0,1,0,0,0
2515,Personne physique,HRI,PC,CDI,CRIL1,Bon,0.0,0.0,0.0,0.0,0.0,0.0,0.0,0.0,0.0,0,0,0,1,0,0,0
2516,Personne physique,HRI,PC,CDI,CRIL1,Bon,0.0,0.0,0.0,0.0,0.0,0.0,0.0,0.0,0.0,0,0,0,1,0,0,0
2517,Personne physique,HRI,PC,CDI,CRIL1,Bon,0.0,0.0,0.0,0.0,0.0,0.0,0.0,0.0,0.0,0,0,0,1,0,0,0
2518,Personne physique,HRI,PC,CDI,CRIL1,Bon,0.0,0.0,0.0,0.0,0.0,0.0,0.0,0.0,0.0,0,0,0,1,0,0,0
2519,Personne physique,IL,PC,CDI,CRIL1,Bon,0.0,0.0,0.0,0.0,0.0,0.0,0.0,0.0,0.0,0,0,0,1,0,0,0
2520,Personne physique,IL,PC,CDI,CRIL1,Bon,0.0,0.0,0.0,0.0,0.0,0.0,0.0,0.0,0.0,0,0,0,1,0,0,0
2521,Personne physique,IL,PC,CDI,CRIL1,Bon,0.0,0.0,0.0,0.0,0.0,0.0,0.0,0.0,0.0,0,0,0,1,0,0,0
2522,Personne physique,IL,PC,CDI,CRIL1,Bon,0.0,0.0,0.0,0.0,0.0,0.0,0.0,0.0,0.0,0,0,0,1,0,0,0
2523,Personne physique,IL,PC,CDI,CRIL1,Bon,0.0,0.0,0.0,0.0,0.0,0.0,0.0,0.0,0.0,0,0,0,1,0,0,0
2524,Personne physique,IL,PC,CDI,CRIL1,Bon,0.0,0.0,0.0,0.0,0.0,0.0,0.0,0.0,0.0,0,0,0,1,0,0,0
2525,Personne physique,IL,PC,CDI,CRIL1,Bon,0.0,0.0,0.0,0.0,0.0,0.0,0.0,0.0,0.0,0,0,0,1,0,0,0
2526,Personne physique,IL,PC,CDI,CRIL1,Bon,0.0,0.0,0.0,0.0,0.0,0.0,0.0,0.0,0.0,0,0,0,1,0,0,0
2527,Personne physique,IL,PC,CDI,CRIL1,Bon,0.0,0.0,0.0,0.0,0.0,0.0,0.0,0.0,0.0,0,0,0,1,0,0,0
2528,Personne physique,IL,PC,CDI,CRIL1,Bon,0.0,0.0,0.0,0.0,0.0,0.0,0.0,0.0,0.0,0,0,0,1,0,0,0
2529,Personne physique,IL,PC,CDI,CRIL1,Bon,0.0,0.0,0.0,0.0,0.0,0.0,0.0,0.0,0.0,0,0,0,1,0,0,0
2530,Personne physique,IL,PC,CDI,CRIL1,Bon,0.0,0.0,0.0,0.0,0.0,0.0,0.0,0.0,0.0,0,0,0,1,0,0,0
2531,Personne physique,IL,PC,CDI,CRIL1,Bon,0.0,0.0,0.0,0.0,0.0,0.0,0.0,0.0,0.0,0,0,0,1,0,0,0
2532,Personne physique,IL,PC,CDI,CRIL1,Bon,0.0,0.0,0.0,0.0,0.0,0.0,0.0,0.0,0.0,0,0,0,1,0,0,0
2533,Personne physique,IL,PC,CDI,CRIL1,Bon,0.0,0.0,0.0,0.0,0.0,0.0,0.0,0.0,0.0,0,0,0,1,0,0,0
2534,Personne physique,IL,PC,CDI,CRIL1,Bon,0.0,0.0,0.0,0.0,0.0,0.0,0.0,0.0,0.0,0,0,0,1,0,0,0
2535,Personne physique,IL,PC,CDI,CRIL1,Bon,0.0,0.0,0.0,0.0,0.0,0.0,0.0,0.0,0.0,0,0,0,1,0,0,0
2536,Personne physique,IL,PC,CDI,CRIL1,Bon,0.0,0.0,0.0,0.0,0.0,0.0,0.0,0.0,0.0,0,0,0,1,0,0,0
2537,Personne physique,IL,PC,CDI,CRIL1,Bon,0.0,0.0,0.0,0.0,0.0,0.0,0.0,0.0,0.0,0,0,0,1,0,0,0
2538,Personne physique,IL,PC,CDI,CRIL1,Bon,0.0,0.0,0.0,0.0,0.0,0.0,0.0,0.0,0.0,0,0,0,1,0,0,0
2539,Personne physique,IL,PC,CDI,CRIL1,Bon,0.0,0.0,0.0,0.0,0.0,0.0,0.0,0.0,0.0,0,0,0,1,0,0,0
2540,Personne physique,IL,PC,CDI,CRIL1,Bon,0.0,0.0,0.0,0.0,0.0,0.0,0.0,0.0,0.0,0,0,0,1,0,0,0
2541,Personne physique,IL,PC,CDI,CRIL1,Bon,0.0,0.0,0.0,0.0,0.0,0.0,0.0,0.0,0.0,0,0,0,1,0,0,0
2542,Personne physique,IL,PC,CDI,CRIL1,Bon,0.0,0.0,0.0,0.0,0.0,0.0,0.0,0.0,0.0,0,0,0,1,0,0,0
2543,Personne morale,IL,PC,CDI,CRIL1,Bon,0.0,0.0,0.0,0.0,0.0,0.0,0.0,0.0,0.0,0,0,0,1,0,0,0
2544,Personne physique,IL,PC,CDI,CRIL1,Bon,0.0,0.0,0.0,0.0,0.0,0.0,0.0,0.0,0.0,0,0,0,1,0,0,0
2545,Personne physique,IL,PC,CDI,CRIL1,Bon,0.0,0.0,0.0,0.0,0.0,0.0,0.0,0.0,0.0,0,0,0,1,0,0,0
2546,Personne physique,IL,PC,CDI,CRIL1,Bon,0.0,0.0,0.0,0.0,0.0,0.0,0.0,0.0,0.0,0,0,0,1,0,0,0
2547,Personne physique,IL,PC,CDI,CRIL1,Bon,0.0,0.0,0.0,0.0,0.0,0.0,0.0,0.0,0.0,0,0,0,1,0,0,0
2548,Personne physique,IL,PC,CDI,CRIL1,Bon,0.0,0.0,0.0,0.0,0.0,0.0,0.0,0.0,0.0,0,0,0,1,0,0,0
2549,Personne physique,IL,PC,CDI,CRIL1,Bon,0.0,0.0,0.0,0.0,0.0,0.0,0.0,0.0,0.0,0,0,0,1,0,0,0
2550,Personne physique,IL,PC,CDI,CRIL1,Bon,0.0,0.0,0.0,0.0,0.0,0.0,0.0,0.0,0.0,0,0,0,1,0,0,0
2551,Personne physique,IL,PC,CDI,CRIL1,Bon,0.0,0.0,0.0,0.0,0.0,0.0,0.0,0.0,0.0,0,0,0,1,0,0,0
2552,Personne physique,IL,PC,CDI,CRIL1,Bon,0.0,0.0,0.0,0.0,0.0,0.0,0.0,0.0,0.0,0,0,0,1,0,0,0
2553,Personne physique,IL,PC,CDI,CRIL1,Bon,0.0,0.0,0.0,0.0,0.0,0.0,0.0,0.0,0.0,0,0,0,1,0,0,0
2554,Personne physique,IL,PC,CDI,CRIL1,Bon,0.0,0.0,0.0,0.0,0.0,0.0,0.0,0.0,0.0,0,0,0,1,0,0,0
2555,Personne physique,IL,PC,CDI,CRIL1,Bon,0.0,0.0,0.0,0.0,0.0,0.0,0.0,0.0,0.0,0,0,0,1,0,0,0
2556,Personne physique,IL,PC,CDI,CRIL1,Bon,0.0,0.0,0.0,0.0,0.0,0.0,0.0,0.0,0.0,0,0,0,1,0,0,0
2557,Personne physique,IL,PC,CDI,CRIL1,Bon,0.0,0.0,0.0,0.0,0.0,0.0,0.0,0.0,0.0,0,0,0,1,0,0,0
2558,Personne physique,IL,PC,CDI,CRIL1,Bon,0.0,0.0,0.0,0.0,0.0,0.0,0.0,0.0,0.0,0,0,0,1,0,0,0
2559,Personne physique,IL,PC,CDI,CRIL1,Bon,0.0,0.0,0.0,0.0,0.0,0.0,0.0,0.0,0.0,0,0,0,1,0,0,0
2560,Personne physique,IL,PC,CDI,CRIL1,Bon,0.0,0.0,0.0,0.0,0.0,0.0,0.0,0.0,0.0,0,0,0,1,0,0,0
2561,Personne physique,IL,PC,CDI,CRIL1,Bon,0.0,0.0,0.0,0.0,0.0,0.0,0.0,0.0,0.0,0,0,0,1,0,0,0
2562,Personne physique,IL,PC,CDI,CRIL1,Bon,0.0,0.0,0.0,0.0,0.0,0.0,0.0,0.0,0.0,0,0,0,1,0,0,0
2563,Personne physique,IL,PC,CDI,CRIL1,Bon,0.0,0.0,0.0,0.0,0.0,0.0,0.0,0.0,0.0,0,0,0,1,0,0,0
2564,Personne morale,OBNL,PC,CIME,CRIL1,Bon,0.0,0.0,0.0,0.0,0.0,0.0,0.0,0.0,0.0,0,0,0,1,0,0,0
2565,Personne morale,SALARIE,PC,CDI,CRIL1,Bon,0.0,0.0,0.0,0.0,0.0,0.0,0.0,0.0,0.0,0,0,0,2,0,0,0
2566,Personne physique,RSI,PC,CDI,CRIL1,Bon,0.0,0.0,0.0,0.0,0.0,0.0,0.0,0.0,0.0,0,0,0,1,0,0,0
2567,Personne physique,RSI,PC,CDI,CRIL1,Bon,0.0,0.0,0.0,0.0,0.0,0.0,0.0,0.0,0.0,0,0,0,1,0,0,0
2568,Personne morale,RSI,PC,CDI,CRIL1,Bon,0.0,0.0,0.0,0.0,0.0,0.0,0.0,0.0,0.0,0,0,0,1,0,0,0
2569,Personne morale,RSI,PC,CDI,CRIL1,Bon,0.0,0.0,0.0,0.0,0.0,0.0,0.0,0.0,0.0,0,0,0,1,0,0,0
2570,Personne morale,RSI,PC,CDI,CRIL1,Bon,0.0,0.0,0.0,0.0,0.0,0.0,0.0,0.0,0.0,0,0,0,1,0,0,0
2571,Personne morale,RSI,PC,CDI,CRIL1,Bon,0.0,0.0,0.0,0.0,0.0,0.0,0.0,0.0,0.0,0,0,0,1,0,0,0
2572,Personne morale,RSI,PC,CDI,CRIL1,Bon,0.0,0.0,0.0,0.0,0.0,0.0,0.0,0.0,0.0,0,0,0,1,0,0,0
2573,Personne morale,RSI,PC,CDI,CRIL1,Bon,0.0,0.0,0.0,0.0,0.0,0.0,0.0,0.0,0.0,0,0,0,1,0,0,0
2574,Personne morale,RSI,PC,CDI,CRIL1,Bon,0.0,0.0,0.0,0.0,0.0,0.0,0.0,0.0,0.0,0,0,0,1,0,0,0
2575,Personne morale,RSI,PC,CDI,CRIL1,Bon,0.0,0.0,0.0,0.0,0.0,0.0,0.0,0.0,0.0,0,0,0,1,0,0,0
2576,Personne morale,RSI,PC,CDI,CRIL1,Bon,0.0,0.0,0.0,0.0,0.0,0.0,0.0,0.0,0.0,0,0,0,1,0,0,0
2577,Personne morale,RSI,PC,CDI,CRIL1,Bon,0.0,0.0,0.0,0.0,0.0,0.0,0.0,0.0,0.0,0,0,0,1,0,0,0
2578,Personne morale,RSI,PC,CDI,CRIL1,Bon,0.0,0.0,0.0,0.0,0.0,0.0,0.0,0.0,0.0,0,0,0,1,0,0,0
2579,Personne morale,RSI,PC,CDI,CRIL1,Bon,0.0,0.0,0.0,0.0,0.0,0.0,0.0,0.0,0.0,0,0,0,1,0,0,0
2580,Personne morale,RSI,PC,CDI,CRIL1,Bon,0.0,0.0,0.0,0.0,0.0,0.0,0.0,0.0,0.0,0,0,0,1,0,0,0
2581,Personne morale,RSI,PC,CDI,CRIL1,Bon,0.0,0.0,0.0,0.0,0.0,0.0,0.0,0.0,0.0,0,0,0,1,0,0,0
2582,Personne morale,RSI,PC,CDI,CRIL1,Bon,0.0,0.0,0.0,0.0,0.0,0.0,0.0,0.0,0.0,0,0,0,1,0,0,0
2583,Personne morale,RSI,PC,CDI,CRIL1,Bon,0.0,0.0,0.0,0.0,0.0,0.0,0.0,0.0,0.0,0,0,0,1,0,0,0
2584,Personne morale,RSI,PC,CDI,CRIL1,Bon,0.0,0.0,0.0,0.0,0.0,0.0,0.0,0.0,0.0,0,0,0,1,0,0,0
2585,Personne morale,RSI,PC,CDI,CRIL1,Bon,0.0,0.0,0.0,0.0,0.0,0.0,0.0,0.0,0.0,0,0,0,1,0,0,0
2586,Personne morale,RSI,PC,CDI,CRIL1,Bon,0.0,0.0,0.0,0.0,0.0,0.0,0.0,0.0,0.0,0,0,0,1,0,0,0
2587,Personne morale,RSI,PC,CDI,CRIL1,Bon,0.0,0.0,0.0,0.0,0.0,0.0,0.0,0.0,0.0,0,0,0,1,0,0,0
2588,Personne morale,RSI,PC,CDI,CRIL1,Bon,0.0,0.0,0.0,0.0,0.0,0.0,0.0,0.0,0.0,0,0,0,1,0,0,0
2589,Personne morale,RSI,PC,CDI,CRIL1,Bon,0.0,0.0,0.0,0.0,0.0,0.0,0.0,0.0,0.0,0,0,0,1,0,0,0
2590,Personne morale,RSI,PC,CDI,CRIL1,Bon,0.0,0.0,0.0,0.0,0.0,0.0,0.0,0.0,0.0,0,0,0,1,0,0,0
2591,Personne morale,RSI,PC,CDI,CRIL1,Bon,0.0,0.0,0.0,0.0,0.0,0.0,0.0,0.0,0.0,0,0,0,1,0,0,0
2592,Personne morale,RSI,PC,CDI,CRIL1,Bon,0.0,0.0,0.0,0.0,0.0,0.0,0.0,0.0,0.0,0,0,0,1,0,0,0
2593,Personne physique,RSI,PC,CDI,CRIL1,Bon,0.0,0.0,0.0,0.0,0.0,0.0,0.0,0.0,0.0,0,0,0,1,0,0,0
2594,Personne physique,RSI,PC,CDI,CRIL1,Bon,0.0,0.0,0.0,0.0,0.0,0.0,0.0,0.0,0.0,0,0,0,1,0,0,0
2595,Personne physique,RSI,PC,CDI,CRIL1,Bon,0.0,0.0,0.0,0.0,0.0,0.0,0.0,0.0,0.0,0,0,0,1,0,0,0
2596,Personne physique,RSI,PC,CDI,CRIL1,Bon,0.0,0.0,0.0,0.0,0.0,0.0,0.0,0.0,0.0,0,0,0,1,0,0,0
2597,Personne physique,RSI,PC,CDI,CRIL1,Bon,0.0,0.0,0.0,0.0,0.0,0.0,0.0,0.0,0.0,0,0,0,1,0,0,0
2598,Personne physique,RSI,PC,CDI,CRIL1,Bon,0.0,0.0,0.0,0.0,0.0,0.0,0.0,0.0,0.0,0,0,0,1,0,0,0
2599,Personne physique,RSI,PC,CDI,CRIL1,Bon,0.0,0.0,0.0,0.0,0.0,0.0,0.0,0.0,0.0,0,0,0,1,0,0,0
2600,Personne physique,RSI,PC,CDI,CRIL1,Bon,0.0,0.0,0.0,0.0,0.0,0.0,0.0,0.0,0.0,0,0,0,1,0,0,0
2601,Personne physique,RSI,PC,CDI,CRIL1,Bon,0.0,0.0,0.0,0.0,0.0,0.0,0.0,0.0,0.0,0,0,0,1,0,0,0
2602,Personne physique,RSI,PC,CDI,CRIL1,Bon,0.0,0.0,0.0,0.0,0.0,0.0,0.0,0.0,0.0,0,0,0,1,0,0,0
2603,Personne physique,RSI,PC,CDI,CRIL1,Bon,0.0,0.0,0.0,0.0,0.0,0.0,0.0,0.0,0.0,0,0,0,1,0,0,0
2604,Personne physique,RSI,PC,CDI,CRIL1,Bon,0.0,0.0,0.0,0.0,0.0,0.0,0.0,0.0,0.0,0,0,0,1,0,0,0
2605,Personne physique,RSI,PC,CDI,CRIL1,Bon,0.0,0.0,0.0,0.0,0.0,0.0,0.0,0.0,0.0,0,0,0,1,0,0,0
2606,Personne physique,RSI,PC,CDI,CRIL1,Bon,0.0,0.0,0.0,0.0,0.0,0.0,0.0,0.0,0.0,0,0,0,1,0,0,0
2607,Personne physique,RSI,PC,CDI,CRIL1,Bon,0.0,0.0,0.0,0.0,0.0,0.0,0.0,0.0,0.0,0,0,0,1,0,0,0
2608,Personne physique,RSI,PC,CDI,CRIL1,Bon,0.0,0.0,0.0,0.0,0.0,0.0,0.0,0.0,0.0,0,0,0,1,0,0,0
2609,Personne physique,RSI,PC,CDI,CRIL1,Bon,0.0,0.0,0.0,0.0,0.0,0.0,0.0,0.0,0.0,0,0,0,1,0,0,0
2610,Personne physique,RSI,PC,CDI,CRIL1,Bon,0.0,0.0,0.0,0.0,0.0,0.0,0.0,0.0,0.0,0,0,0,1,0,0,0
2611,Personne physique,RSI,PC,CDI,CRIL1,Bon,0.0,0.0,0.0,0.0,0.0,0.0,0.0,0.0,0.0,0,0,0,1,0,0,0
2612,Personne physique,RSI,PC,CDI,CRIL1,Bon,0.0,0.0,0.0,0.0,0.0,0.0,0.0,0.0,0.0,0,0,0,1,0,0,0
2613,Personne physique,RSI,PC,CDI,CRIL1,Bon,0.0,0.0,0.0,0.0,0.0,0.0,0.0,0.0,0.0,0,0,0,1,0,0,0
2614,Personne physique,RSI,PC,CDI,CRIL1,Bon,0.0,0.0,0.0,0.0,0.0,0.0,0.0,0.0,0.0,0,0,0,1,0,0,0
2615,Personne physique,RSI,PC,CDI,CRIL1,Bon,0.0,0.0,0.0,0.0,0.0,0.0,0.0,0.0,0.0,0,0,0,1,0,0,0
2616,Personne physique,RSI,PC,CDI,CRIL1,Bon,0.0,0.0,0.0,0.0,0.0,0.0,0.0,0.0,0.0,0,0,0,1,0,0,0
2617,Personne physique,RSI,PC,CDI,CRIL1,Bon,0.0,0.0,0.0,0.0,0.0,0.0,0.0,0.0,0.0,0,0,0,1,0,0,0
2618,Personne physique,RSI,PC,CDI,CRIL1,Bon,0.0,0.0,0.0,0.0,0.0,0.0,0.0,0.0,0.0,0,0,0,1,0,0,0
2619,Personne physique,RSI,PC,CDI,CRIL1,Bon,0.0,0.0,0.0,0.0,0.0,0.0,0.0,0.0,0.0,0,0,0,1,0,0,0
2620,Personne physique,RSI,PC,CDI,CRIL1,Bon,0.0,0.0,0.0,0.0,0.0,0.0,0.0,0.0,0.0,0,0,0,1,0,0,0
2621,Personne physique,RSI,PC,CDI,CRIL1,Bon,0.0,0.0,0.0,0.0,0.0,0.0,0.0,0.0,0.0,0,0,0,1,0,0,0
2622,Personne physique,RSI,PC,CDI,CRIL1,Bon,0.0,0.0,0.0,0.0,0.0,0.0,0.0,0.0,0.0,0,0,0,0,0,0,0
2623,Personne physique,RSI,PC,CDI,CRIL1,Bon,0.0,0.0,0.0,0.0,0.0,0.0,0.0,0.0,0.0,0,0,0,0,0,0,0
2624,Personne physique,SALARIE,PC,CDI,CRIL1,Bon,0.0,0.0,0.0,0.0,0.0,0.0,0.0,0.0,0.0,0,0,0,1,0,0,0
2625,Personne physique,SALARIE,PC,CDI,CRIL1,Bon,0.0,0.0,0.0,0.0,0.0,0.0,0.0,0.0,0.0,0,0,0,1,0,0,0
2626,Personne physique,SALARIE,PC,CDI,CRIL1,Bon,0.0,0.0,0.0,0.0,0.0,0.0,0.0,0.0,0.0,0,0,0,1,0,0,0
2627,Personne physique,SALARIE,PC,CDI,CRIL1,Bon,0.0,0.0,0.0,0.0,0.0,0.0,0.0,0.0,0.0,0,0,0,1,0,0,0
2628,Personne physique,SALARIE,PC,CDI,CRIL1,Bon,0.0,0.0,0.0,0.0,0.0,0.0,0.0,0.0,0.0,0,0,0,1,0,0,0
2629,Personne physique,SALARIE,PC,CDI,CRIL1,Bon,0.0,0.0,0.0,0.0,0.0,0.0,0.0,0.0,0.0,0,0,0,1,0,0,0
2630,Personne physique,SALARIE,PC,CDI,CRIL1,Bon,0.0,0.0,0.0,0.0,0.0,0.0,0.0,0.0,0.0,0,0,0,1,0,0,0
2631,Personne physique,SALARIE,PC,CDI,CRIL1,Bon,0.0,0.0,0.0,0.0,0.0,0.0,0.0,0.0,0.0,0,0,0,1,0,0,0
2632,Personne physique,SALARIE,PC,CDI,CRIL1,Bon,0.0,0.0,0.0,0.0,0.0,0.0,0.0,0.0,0.0,0,0,0,1,0,0,0
2633,Personne physique,SALARIE,PC,CDI,CRIL1,Bon,0.0,0.0,0.0,0.0,0.0,0.0,0.0,0.0,0.0,0,0,0,1,0,0,0
2634,Personne physique,SALARIE,PC,CDI,CRIL1,Bon,0.0,0.0,0.0,0.0,0.0,0.0,0.0,0.0,0.0,0,0,0,1,0,0,0
2635,Personne physique,SALARIE,PC,CDI,CRIL1,Bon,0.0,0.0,0.0,0.0,0.0,0.0,0.0,0.0,0.0,0,0,0,1,0,0,0
2636,Personne physique,SALARIE,PC,CDI,CRIL1,Bon,0.0,0.0,0.0,0.0,0.0,0.0,0.0,0.0,0.0,0,0,0,1,0,0,0
2637,Personne physique,SALARIE,PC,CDI,CRIL1,Bon,0.0,0.0,0.0,0.0,0.0,0.0,0.0,0.0,0.0,0,0,0,1,0,0,0
2638,Personne physique,SALARIE,PC,CDI,CRIL1,Bon,0.0,0.0,0.0,0.0,0.0,0.0,0.0,0.0,0.0,0,0,0,1,0,0,0
2639,Personne physique,SALARIE,PC,CDI,CRIL1,Bon,0.0,0.0,0.0,0.0,0.0,0.0,0.0,0.0,0.0,0,0,0,1,0,0,0
2640,Personne physique,SALARIE,PC,CDI,CRIL1,Bon,0.0,0.0,0.0,0.0,0.0,0.0,0.0,0.0,0.0,0,0,0,1,0,0,0
2641,Personne physique,SALARIE,PC,CDI,CRIL1,Bon,0.0,0.0,0.0,0.0,0.0,0.0,0.0,0.0,0.0,0,0,0,1,0,0,0
2642,Personne physique,SALARIE,PC,CDI,CRIL1,Bon,0.0,0.0,0.0,0.0,0.0,0.0,0.0,0.0,0.0,0,0,0,1,0,0,0
2643,Personne physique,SALARIE,PC,CDI,CRIL1,Bon,0.0,0.0,0.0,0.0,0.0,0.0,0.0,0.0,0.0,0,0,0,1,0,0,0
2644,Personne physique,SALARIE,PC,CDI,CRIL1,Bon,0.0,0.0,0.0,0.0,0.0,0.0,0.0,0.0,0.0,0,0,0,1,0,0,0
2645,Personne physique,SALARIE,PC,CDI,CRIL1,Bon,0.0,0.0,0.0,0.0,0.0,0.0,0.0,0.0,0.0,0,0,0,1,0,0,0
2646,Personne physique,SALARIE,PC,CDI,CRIL1,Bon,0.0,0.0,0.0,0.0,0.0,0.0,0.0,0.0,0.0,0,0,0,1,0,0,0
2647,Personne physique,SALARIE,PC,CDI,CRIL1,Bon,0.0,0.0,0.0,0.0,0.0,0.0,0.0,0.0,0.0,0,0,0,1,0,0,0
2648,Personne physique,SALARIE,PC,CDI,CRIL1,Bon,0.0,0.0,0.0,0.0,0.0,0.0,0.0,0.0,0.0,0,0,0,1,0,0,0
2649,Personne physique,SALARIE,PC,CDI,CRIL1,Bon,0.0,0.0,0.0,0.0,0.0,0.0,0.0,0.0,0.0,0,0,0,1,0,0,0
2650,Personne physique,SALARIE,PC,CDI,CRIL1,Bon,0.0,0.0,0.0,0.0,0.0,0.0,0.0,0.0,0.0,0,0,0,1,0,0,0
2651,Personne physique,SALARIE,PC,CDI,CRIL1,Bon,0.0,0.0,0.0,0.0,0.0,0.0,0.0,0.0,0.0,0,0,0,1,0,0,0
2652,Personne physique,SALARIE,PC,CDI,CRIL1,Bon,0.0,0.0,0.0,0.0,0.0,0.0,0.0,0.0,0.0,0,0,0,1,0,0,0
2653,Personne physique,SALARIE,PC,CDI,CRIL1,Bon,0.0,0.0,0.0,0.0,0.0,0.0,0.0,0.0,0.0,0,0,0,1,0,0,0
2654,Personne physique,SALARIE,PC,CDI,CRIL1,Bon,0.0,0.0,0.0,0.0,0.0,0.0,0.0,0.0,0.0,0,0,0,1,0,0,0
2655,Personne physique,SALARIE,PC,CDI,CRIL1,Bon,0.0,0.0,0.0,0.0,0.0,0.0,0.0,0.0,0.0,0,0,0,1,0,0,0
2656,Personne physique,SALARIE,PC,CDI,CRIL1,Bon,0.0,0.0,0.0,0.0,0.0,0.0,0.0,0.0,0.0,0,0,0,1,0,0,0
2657,Personne physique,SALARIE,PC,CDI,CRIL1,Bon,0.0,0.0,0.0,0.0,0.0,0.0,0.0,0.0,0.0,0,0,0,1,0,0,0
2658,Personne physique,SALARIE,PC,CDI,CRIL1,Bon,0.0,0.0,0.0,0.0,0.0,0.0,0.0,0.0,0.0,0,0,0,1,0,0,0
2659,Personne physique,SALARIE,PC,CDI,CRIL1,Bon,0.0,0.0,0.0,0.0,0.0,0.0,0.0,0.0,0.0,0,0,0,1,0,0,0
2660,Personne physique,SALARIE,PC,CDI,CRIL1,Bon,0.0,0.0,0.0,0.0,0.0,0.0,0.0,0.0,0.0,0,0,0,1,0,0,0
2661,Personne physique,SALARIE,PC,CDI,CRIL1,Bon,0.0,0.0,0.0,0.0,0.0,0.0,0.0,0.0,0.0,0,0,0,1,0,0,0
2662,Personne physique,SALARIE,PC,CDI,CRIL1,Bon,0.0,0.0,0.0,0.0,0.0,0.0,0.0,0.0,0.0,0,0,0,1,0,0,0
2663,Personne physique,SALARIE,PC,CDI,CRIL1,Bon,0.0,0.0,0.0,0.0,0.0,0.0,0.0,0.0,0.0,0,0,0,1,0,0,0
2664,Personne physique,SALARIE,PC,CDI,CRIL1,Bon,0.0,0.0,0.0,0.0,0.0,0.0,0.0,0.0,0.0,0,0,0,1,0,0,0
2665,Personne physique,SALARIE,PC,CDI,CRIL1,Bon,0.0,0.0,0.0,0.0,0.0,0.0,0.0,0.0,0.0,0,0,0,1,0,0,0
2666,Personne physique,SALARIE,PC,CDI,CRIL1,Bon,0.0,0.0,0.0,0.0,0.0,0.0,0.0,0.0,0.0,0,0,0,1,0,0,0
2667,Personne physique,SALARIE,PC,CDI,CRIL1,Bon,0.0,0.0,0.0,0.0,0.0,0.0,0.0,0.0,0.0,0,0,0,1,0,0,0
2668,Personne physique,SALARIE,PC,CDI,CRIL1,Bon,0.0,0.0,0.0,0.0,0.0,0.0,0.0,0.0,0.0,0,0,0,1,0,0,0
2669,Personne physique,SALARIE,PC,CDI,CRIL1,Bon,0.0,0.0,0.0,0.0,0.0,0.0,0.0,0.0,0.0,0,0,0,1,0,0,0
2670,Personne physique,SALARIE,PC,CDI,CRIL1,Bon,0.0,0.0,0.0,0.0,0.0,0.0,0.0,0.0,0.0,0,0,0,1,0,0,0
2671,Personne physique,SALARIE,PC,CDI,CRIL1,Bon,0.0,0.0,0.0,0.0,0.0,0.0,0.0,0.0,0.0,0,0,0,1,0,0,0
2672,Personne physique,SALARIE,PC,CDI,CRIL1,Bon,0.0,0.0,0.0,0.0,0.0,0.0,0.0,0.0,0.0,0,0,0,1,0,0,0
2673,Personne physique,SALARIE,PC,CDI,CRIL1,Bon,0.0,0.0,0.0,0.0,0.0,0.0,0.0,0.0,0.0,0,0,0,1,0,0,0
2674,Personne physique,SALARIE,PC,CDI,CRIL1,Bon,0.0,0.0,0.0,0.0,0.0,0.0,0.0,0.0,0.0,0,0,0,1,0,0,0
2675,Personne physique,SALARIE,PC,CDI,CRIL1,Bon,0.0,0.0,0.0,0.0,0.0,0.0,0.0,0.0,0.0,0,0,0,1,0,0,0
2676,Personne physique,SALARIE,PC,CDI,CRIL1,Bon,0.0,0.0,0.0,0.0,0.0,0.0,0.0,0.0,0.0,0,0,0,1,0,0,0
2677,Personne physique,SALARIE,PC,CDI,CRIL1,Bon,0.0,0.0,0.0,0.0,0.0,0.0,0.0,0.0,0.0,0,0,0,1,0,0,0
2678,Personne physique,SALARIE,PC,CDI,CRIL1,Bon,0.0,0.0,0.0,0.0,0.0,0.0,0.0,0.0,0.0,0,0,0,1,0,0,0
2679,Personne physique,SALARIE,PC,CDI,CRIL1,Bon,0.0,0.0,0.0,0.0,0.0,0.0,0.0,0.0,0.0,0,0,0,1,0,0,0
2680,Personne physique,SALARIE,PC,CDI,CRIL1,Bon,0.0,0.0,0.0,0.0,0.0,0.0,0.0,0.0,0.0,0,0,0,1,0,0,0
2681,Personne physique,SALARIE,PC,CDI,CRIL1,Bon,0.0,0.0,0.0,0.0,0.0,0.0,0.0,0.0,0.0,0,0,0,1,0,0,0
2682,Personne physique,SALARIE,PC,CDI,CRIL1,Bon,0.0,0.0,0.0,0.0,0.0,0.0,0.0,0.0,0.0,0,0,0,1,0,0,0
2683,Personne physique,SALARIE,PC,CDI,CRIL1,Bon,0.0,0.0,0.0,0.0,0.0,0.0,0.0,0.0,0.0,0,0,0,1,0,0,0
2684,Personne physique,SALARIE,PC,CDI,CRIL1,Bon,0.0,0.0,0.0,0.0,0.0,0.0,0.0,0.0,0.0,0,0,0,1,0,0,0
2685,Personne physique,SALARIE,PC,CDI,CRIL1,Bon,0.0,0.0,0.0,0.0,0.0,0.0,0.0,0.0,0.0,0,0,0,1,0,0,0
2686,Personne physique,SALARIE,PC,CDI,CRIL1,Bon,0.0,0.0,0.0,0.0,0.0,0.0,0.0,0.0,0.0,0,0,0,1,0,0,0
2687,Personne physique,SALARIE,PC,CDI,CRIL1,Bon,0.0,0.0,0.0,0.0,0.0,0.0,0.0,0.0,0.0,0,0,0,1,0,0,0
2688,Personne physique,SALARIE,PC,CDI,CRIL1,Bon,0.0,0.0,0.0,0.0,0.0,0.0,0.0,0.0,0.0,0,0,0,1,0,0,0
2689,Personne physique,SALARIE,PC,CDI,CRIL1,Bon,0.0,0.0,0.0,0.0,0.0,0.0,0.0,0.0,0.0,0,0,0,1,0,0,0
2690,Personne physique,SALARIE,PC,CDI,CRIL1,Bon,0.0,0.0,0.0,0.0,0.0,0.0,0.0,0.0,0.0,0,0,0,1,0,0,0
2691,Personne physique,SALARIE,PC,CDI,CRIL1,Bon,0.0,0.0,0.0,0.0,0.0,0.0,0.0,0.0,0.0,0,0,0,1,0,0,0
2692,Personne physique,SALARIE,PC,CDI,CRIL1,Bon,0.0,0.0,0.0,0.0,0.0,0.0,0.0,0.0,0.0,0,0,0,1,0,0,0
2693,Personne physique,SALARIE,PC,CDI,CRIL1,Bon,0.0,0.0,0.0,0.0,0.0,0.0,0.0,0.0,0.0,0,0,0,1,0,0,0
2694,Personne physique,SALARIE,PC,CDI,CRIL1,Bon,0.0,0.0,0.0,0.0,0.0,0.0,0.0,0.0,0.0,0,0,0,1,0,0,0
2695,Personne physique,SALARIE,PC,CDI,CRIL1,Bon,0.0,0.0,0.0,0.0,0.0,0.0,0.0,0.0,0.0,0,0,0,1,0,0,0
2696,Personne physique,SALARIE,PC,CDI,CRIL1,Bon,0.0,0.0,0.0,0.0,0.0,0.0,0.0,0.0,0.0,0,0,0,1,0,0,0
2697,Personne physique,SALARIE,PC,CDI,CRIL1,Bon,0.0,0.0,0.0,0.0,0.0,0.0,0.0,0.0,0.0,0,0,0,1,0,0,0
2698,Personne physique,SALARIE,PC,CDI,CRIL1,Bon,0.0,0.0,0.0,0.0,0.0,0.0,0.0,0.0,0.0,0,0,0,1,0,0,0
2699,Personne physique,SALARIE,PC,CDI,CRIL1,Bon,0.0,0.0,0.0,0.0,0.0,0.0,0.0,0.0,0.0,0,0,0,1,0,0,0
2700,Personne physique,SALARIE,PC,CDI,CRIL1,Bon,0.0,0.0,0.0,0.0,0.0,0.0,0.0,0.0,0.0,0,0,0,1,0,0,0
2701,Personne physique,SALARIE,PC,CDI,CRIL1,Bon,0.0,0.0,0.0,0.0,0.0,0.0,0.0,0.0,0.0,0,0,0,1,0,0,0
2702,Personne physique,SALARIE,PC,CDI,CRIL1,Bon,0.0,0.0,0.0,0.0,0.0,0.0,0.0,0.0,0.0,0,0,0,1,0,0,0
2703,Personne physique,SALARIE,PC,CDI,CRIL1,Bon,0.0,0.0,0.0,0.0,0.0,0.0,0.0,0.0,0.0,0,0,0,1,0,0,0
2704,Personne physique,SALARIE,PC,CDI,CRIL1,Bon,0.0,0.0,0.0,0.0,0.0,0.0,0.0,0.0,0.0,0,0,0,1,0,0,0
2705,Personne physique,SALARIE,PC,CDI,CRIL1,Bon,0.0,0.0,0.0,0.0,0.0,0.0,0.0,0.0,0.0,0,0,0,1,0,0,0
2706,Personne physique,SALARIE,PC,CDI,CRIL1,Bon,0.0,0.0,0.0,0.0,0.0,0.0,0.0,0.0,0.0,0,0,0,1,0,0,0
2707,Personne physique,SALARIE,PC,CDI,CRIL1,Bon,0.0,0.0,0.0,0.0,0.0,0.0,0.0,0.0,0.0,0,0,0,1,0,0,0
2708,Personne physique,SALARIE,PC,CDI,CRIL1,Bon,0.0,0.0,0.0,0.0,0.0,0.0,0.0,0.0,0.0,0,0,0,1,0,0,0
2709,Personne physique,SALARIE,PC,CDI,CRIL1,Bon,0.0,0.0,0.0,0.0,0.0,0.0,0.0,0.0,0.0,0,0,0,1,0,0,0
2710,Personne physique,SALARIE,PC,CDI,CRIL1,Bon,0.0,0.0,0.0,0.0,0.0,0.0,0.0,0.0,0.0,0,0,0,1,0,0,0
2711,Personne physique,SALARIE,PC,CDI,CRIL1,Bon,0.0,0.0,0.0,0.0,0.0,0.0,0.0,0.0,0.0,0,0,0,1,0,0,0
2712,Personne physique,SALARIE,PC,CDI,CRIL1,Bon,0.0,0.0,0.0,0.0,0.0,0.0,0.0,0.0,0.0,0,0,0,1,0,0,0
2713,Personne physique,SALARIE,PC,CDI,CRIL1,Bon,0.0,0.0,0.0,0.0,0.0,0.0,0.0,0.0,0.0,0,0,0,1,0,0,0
2714,Personne physique,SALARIE,PC,CDI,CRIL1,Bon,0.0,0.0,0.0,0.0,0.0,0.0,0.0,0.0,0.0,0,0,0,1,0,0,0
2715,Personne physique,SALARIE,PC,CDI,CRIL1,Bon,0.0,0.0,0.0,0.0,0.0,0.0,0.0,0.0,0.0,0,0,0,1,0,0,0
2716,Personne physique,SALARIE,PC,CDI,CRIL1,Bon,0.0,0.0,0.0,0.0,0.0,0.0,0.0,0.0,0.0,0,0,0,1,0,0,0
2717,Personne physique,SALARIE,PC,CDI,CRIL1,Bon,0.0,0.0,0.0,0.0,0.0,0.0,0.0,0.0,0.0,0,0,0,1,0,0,0
2718,Personne physique,SALARIE,PC,CDI,CRIL1,Bon,0.0,0.0,0.0,0.0,0.0,0.0,0.0,0.0,0.0,0,0,0,1,0,0,0
2719,Personne physique,SALARIE,PC,CDI,CRIL1,Bon,0.0,0.0,0.0,0.0,0.0,0.0,0.0,0.0,0.0,0,0,0,1,0,0,0
2720,Personne physique,SALARIE,PC,CDI,CRIL1,Bon,0.0,0.0,0.0,0.0,0.0,0.0,0.0,0.0,0.0,0,0,0,1,0,0,0
2721,Personne physique,SALARIE,PC,CDI,CRIL1,Bon,0.0,0.0,0.0,0.0,0.0,0.0,0.0,0.0,0.0,0,0,0,1,0,0,0
2722,Personne physique,SALARIE,PC,CDI,CRIL1,Bon,0.0,0.0,0.0,0.0,0.0,0.0,0.0,0.0,0.0,0,0,0,1,0,0,0
2723,Personne physique,SALARIE,PC,CDI,CRIL1,Bon,0.0,0.0,0.0,0.0,0.0,0.0,0.0,0.0,0.0,0,0,0,1,0,0,0
2724,Personne physique,SALARIE,PC,CDI,CRIL1,Bon,0.0,0.0,0.0,0.0,0.0,0.0,0.0,0.0,0.0,0,0,0,1,0,0,0
2725,Personne physique,SALARIE,PC,CDI,CRIL1,Bon,0.0,0.0,0.0,0.0,0.0,0.0,0.0,0.0,0.0,0,0,0,1,0,0,0
2726,Personne physique,SALARIE,PC,CDI,CRIL1,Bon,0.0,0.0,0.0,0.0,0.0,0.0,0.0,0.0,0.0,0,0,0,1,0,0,0
2727,Personne physique,SALARIE,PC,CDI,CRIL1,Bon,0.0,0.0,0.0,0.0,0.0,0.0,0.0,0.0,0.0,0,0,0,1,0,0,0
2728,Personne physique,SALARIE,PC,CDI,CRIL1,Bon,0.0,0.0,0.0,0.0,0.0,0.0,0.0,0.0,0.0,0,0,0,1,0,0,0
2729,Personne physique,SALARIE,PC,CDI,CRIL1,Bon,0.0,0.0,0.0,0.0,0.0,0.0,0.0,0.0,0.0,0,0,0,1,0,0,0
2730,Personne physique,SALARIE,PC,CDI,CRIL1,Bon,0.0,0.0,0.0,0.0,0.0,0.0,0.0,0.0,0.0,0,0,0,1,0,0,0
2731,Personne physique,SALARIE,PC,CDI,CRIL1,Bon,0.0,0.0,0.0,0.0,0.0,0.0,0.0,0.0,0.0,0,0,0,1,0,0,0
2732,Personne physique,SALARIE,PC,CDI,CRIL1,Bon,0.0,0.0,0.0,0.0,0.0,0.0,0.0,0.0,0.0,0,0,0,1,0,0,0
2733,Personne physique,SALARIE,PC,CDI,CRIL1,Bon,0.0,0.0,0.0,0.0,0.0,0.0,0.0,0.0,0.0,0,0,0,1,0,0,0
2734,Personne physique,SALARIE,PC,CDI,CRIL1,Bon,0.0,0.0,0.0,0.0,0.0,0.0,0.0,0.0,0.0,0,0,0,1,0,0,0
2735,Personne physique,SALARIE,PC,CDI,CRIL1,Bon,0.0,0.0,0.0,0.0,0.0,0.0,0.0,0.0,0.0,0,0,0,1,0,0,0
2736,Personne physique,SALARIE,PC,CDI,CRIL1,Bon,0.0,0.0,0.0,0.0,0.0,0.0,0.0,0.0,0.0,0,0,0,1,0,0,0
2737,Personne physique,SALARIE,PC,CDI,CRIL1,Bon,0.0,0.0,0.0,0.0,0.0,0.0,0.0,0.0,0.0,0,0,0,1,0,0,0
2738,Personne physique,SALARIE,PC,CDI,CRIL1,Bon,0.0,0.0,0.0,0.0,0.0,0.0,0.0,0.0,0.0,0,0,0,1,0,0,0
2739,Personne physique,SALARIE,PC,CDI,CRIL1,Bon,0.0,0.0,0.0,0.0,0.0,0.0,0.0,0.0,0.0,0,0,0,1,0,0,0
2740,Personne physique,SALARIE,PC,CDI,CRIL1,Bon,0.0,0.0,0.0,0.0,0.0,0.0,0.0,0.0,0.0,0,0,0,1,0,0,0
2741,Personne physique,SALARIE,PC,CDI,CRIL1,Bon,0.0,0.0,0.0,0.0,0.0,0.0,0.0,0.0,0.0,0,0,0,1,0,0,0
2742,Personne physique,SALARIE,PC,CDI,CRIL1,Bon,0.0,0.0,0.0,0.0,0.0,0.0,0.0,0.0,0.0,0,0,0,1,0,0,0
2743,Personne physique,SALARIE,PC,CDI,CRIL1,Bon,0.0,0.0,0.0,0.0,0.0,0.0,0.0,0.0,0.0,0,0,0,1,0,0,0
2744,Personne physique,SALARIE,PC,CDI,CRIL1,Bon,0.0,0.0,0.0,0.0,0.0,0.0,0.0,0.0,0.0,0,0,0,1,0,0,0
2745,Personne physique,SALARIE,PC,CDI,CRIL1,Bon,0.0,0.0,0.0,0.0,0.0,0.0,0.0,0.0,0.0,0,0,0,1,0,0,0
2746,Personne physique,SALARIE,PC,CDI,CRIL1,Bon,0.0,0.0,0.0,0.0,0.0,0.0,0.0,0.0,0.0,0,0,0,1,0,0,0
2747,Personne physique,SALARIE,PC,CDI,CRIL1,Bon,0.0,0.0,0.0,0.0,0.0,0.0,0.0,0.0,0.0,0,0,0,1,0,0,0
2748,Personne physique,SALARIE,PC,CDI,CRIL1,Bon,0.0,0.0,0.0,0.0,0.0,0.0,0.0,0.0,0.0,0,0,0,1,0,0,0
2749,Personne physique,SALARIE,PC,CDI,CRIL1,Bon,0.0,0.0,0.0,0.0,0.0,0.0,0.0,0.0,0.0,0,0,0,1,0,0,0
2750,Personne physique,SALARIE,PC,CDI,CRIL1,Bon,0.0,0.0,0.0,0.0,0.0,0.0,0.0,0.0,0.0,0,0,0,1,0,0,0
2751,Personne physique,SALARIE,PC,CDI,CRIL1,Bon,0.0,0.0,0.0,0.0,0.0,0.0,0.0,0.0,0.0,0,0,0,1,0,0,0
2752,Personne physique,SALARIE,PC,CDI,CRIL1,Bon,0.0,0.0,0.0,0.0,0.0,0.0,0.0,0.0,0.0,0,0,0,1,0,0,0
2753,Personne physique,SALARIE,PC,CDI,CRIL1,Bon,0.0,0.0,0.0,0.0,0.0,0.0,0.0,0.0,0.0,0,0,0,1,0,0,0
2754,Personne physique,SALARIE,PC,CDI,CRIL1,Bon,0.0,0.0,0.0,0.0,0.0,0.0,0.0,0.0,0.0,0,0,0,1,0,0,0
2755,Personne physique,SALARIE,PC,CDI,CRIL1,Bon,0.0,0.0,0.0,0.0,0.0,0.0,0.0,0.0,0.0,0,0,0,1,0,0,0
2756,Personne physique,SALARIE,PC,CDI,CRIL1,Bon,0.0,0.0,0.0,0.0,0.0,0.0,0.0,0.0,0.0,0,0,0,1,0,0,0
2757,Personne physique,SALARIE,PC,CDI,CRIL1,Bon,0.0,0.0,0.0,0.0,0.0,0.0,0.0,0.0,0.0,0,0,0,1,0,0,0
2758,Personne physique,SALARIE,PC,CDI,CRIL1,Bon,0.0,0.0,0.0,0.0,0.0,0.0,0.0,0.0,0.0,0,0,0,1,0,0,0
2759,Personne physique,SALARIE,PC,CDI,CRIL1,Bon,0.0,0.0,0.0,0.0,0.0,0.0,0.0,0.0,0.0,0,0,0,1,0,0,0
2760,Personne physique,SALARIE,PC,CDI,CRIL1,Bon,0.0,0.0,0.0,0.0,0.0,0.0,0.0,0.0,0.0,0,0,0,1,0,0,0
2761,Personne physique,SALARIE,PC,CDI,CRIL1,Bon,0.0,0.0,0.0,0.0,0.0,0.0,0.0,0.0,0.0,0,0,0,1,0,0,0
2762,Personne physique,SALARIE,PC,CDI,CRIL1,Bon,0.0,0.0,0.0,0.0,0.0,0.0,0.0,0.0,0.0,0,0,0,1,0,0,0
2763,Personne physique,SALARIE,PC,CDI,CRIL1,Bon,0.0,0.0,0.0,0.0,0.0,0.0,0.0,0.0,0.0,0,0,0,1,0,0,0
2764,Personne physique,SALARIE,PC,CDI,CRIL1,Bon,0.0,0.0,0.0,0.0,0.0,0.0,0.0,0.0,0.0,0,0,0,1,0,0,0
2765,Personne physique,SALARIE,PC,CDI,CRIL1,Bon,0.0,0.0,0.0,0.0,0.0,0.0,0.0,0.0,0.0,0,0,0,1,0,0,0
2766,Personne physique,SALARIE,PC,CDI,CRIL1,Bon,0.0,0.0,0.0,0.0,0.0,0.0,0.0,0.0,0.0,0,0,0,1,0,0,0
2767,Personne physique,SALARIE,PC,CDI,CRIL1,Bon,0.0,0.0,0.0,0.0,0.0,0.0,0.0,0.0,0.0,0,0,0,1,0,0,0
2768,Personne physique,SALARIE,PC,CDI,CRIL1,Bon,0.0,0.0,0.0,0.0,0.0,0.0,0.0,0.0,0.0,0,0,0,1,0,0,0
2769,Personne physique,SALARIE,PC,CDI,CRIL1,Bon,0.0,0.0,0.0,0.0,0.0,0.0,0.0,0.0,0.0,0,0,0,1,0,0,0
2770,Personne physique,SALARIE,PC,CDI,CRIL1,Bon,0.0,0.0,0.0,0.0,0.0,0.0,0.0,0.0,0.0,0,0,0,1,0,0,0
2771,Personne physique,SALARIE,PC,CDI,CRIL1,Bon,0.0,0.0,0.0,0.0,0.0,0.0,0.0,0.0,0.0,0,0,0,1,0,0,0
2772,Personne physique,SALARIE,PC,CDI,CRIL1,Bon,0.0,0.0,0.0,0.0,0.0,0.0,0.0,0.0,0.0,0,0,0,1,0,0,0
2773,Personne physique,SALARIE,PC,CDI,CRIL1,Bon,0.0,0.0,0.0,0.0,0.0,0.0,0.0,0.0,0.0,0,0,0,1,0,0,0
2774,Personne physique,SALARIE,PC,CDI,CRIL1,Bon,0.0,0.0,0.0,0.0,0.0,0.0,0.0,0.0,0.0,0,0,0,1,0,0,0
2775,Personne physique,SALARIE,PC,CDI,CRIL1,Bon,0.0,0.0,0.0,0.0,0.0,0.0,0.0,0.0,0.0,0,0,0,1,0,0,0
2776,Personne physique,SALARIE,PC,CDI,CRIL1,Bon,0.0,0.0,0.0,0.0,0.0,0.0,0.0,0.0,0.0,0,0,0,1,0,0,0
2777,Personne physique,SALARIE,PC,CDI,CRIL1,Bon,0.0,0.0,0.0,0.0,0.0,0.0,0.0,0.0,0.0,0,0,0,1,0,0,0
2778,Personne physique,SALARIE,PC,CDI,CRIL1,Bon,0.0,0.0,0.0,0.0,0.0,0.0,0.0,0.0,0.0,0,0,0,1,0,0,0
2779,Personne physique,SALARIE,PC,CDI,CRIL1,Bon,0.0,0.0,0.0,0.0,0.0,0.0,0.0,0.0,0.0,0,0,0,1,0,0,0
2780,Personne physique,SALARIE,PC,CDI,CRIL1,Bon,0.0,0.0,0.0,0.0,0.0,0.0,0.0,0.0,0.0,0,0,0,1,0,0,0
2781,Personne physique,SALARIE,PC,CDI,CRIL1,Bon,0.0,0.0,0.0,0.0,0.0,0.0,0.0,0.0,0.0,0,0,0,1,0,0,0
2782,Personne physique,SALARIE,PC,CDI,CRIL1,Bon,0.0,0.0,0.0,0.0,0.0,0.0,0.0,0.0,0.0,0,0,0,1,0,0,0
2783,Personne physique,SALARIE,PC,CDI,CRIL1,Bon,0.0,0.0,0.0,0.0,0.0,0.0,0.0,0.0,0.0,0,0,0,1,0,0,0
2784,Personne physique,SALARIE,PC,CDI,CRIL1,Bon,0.0,0.0,0.0,0.0,0.0,0.0,0.0,0.0,0.0,0,0,0,1,0,0,0
2785,Personne physique,SALARIE,PC,CDI,CRIL1,Bon,0.0,0.0,0.0,0.0,0.0,0.0,0.0,0.0,0.0,0,0,0,1,0,0,0
2786,Personne physique,SALARIE,PC,CDI,CRIL1,Bon,0.0,0.0,0.0,0.0,0.0,0.0,0.0,0.0,0.0,0,0,0,1,0,0,0
2787,Personne physique,SALARIE,PC,CDI,CRIL1,Bon,0.0,0.0,0.0,0.0,0.0,0.0,0.0,0.0,0.0,0,0,0,1,0,0,0
2788,Personne physique,SALARIE,PC,CDI,CRIL1,Bon,0.0,0.0,0.0,0.0,0.0,0.0,0.0,0.0,0.0,0,0,0,1,0,0,0
2789,Personne physique,SALARIE,PC,CDI,CRIL1,Bon,0.0,0.0,0.0,0.0,0.0,0.0,0.0,0.0,0.0,0,0,0,1,0,0,0
2790,Personne physique,SALARIE,PC,CDI,CRIL1,Bon,0.0,0.0,0.0,0.0,0.0,0.0,0.0,0.0,0.0,0,0,0,1,0,0,0
2791,Personne physique,SALARIE,PC,CDI,CRIL1,Bon,0.0,0.0,0.0,0.0,0.0,0.0,0.0,0.0,0.0,0,0,0,1,0,0,0
2792,Personne physique,SALARIE,PC,CDI,CRIL1,Bon,0.0,0.0,0.0,0.0,0.0,0.0,0.0,0.0,0.0,0,0,0,1,0,0,0
2793,Personne physique,SALARIE,PC,CDI,CRIL1,Bon,0.0,0.0,0.0,0.0,0.0,0.0,0.0,0.0,0.0,0,0,0,1,0,0,0
2794,Personne physique,SALARIE,PC,CDI,CRIL1,Bon,0.0,0.0,0.0,0.0,0.0,0.0,0.0,0.0,0.0,0,0,0,1,0,0,0
2795,Personne physique,SALARIE,PC,CDI,CRIL1,Bon,0.0,0.0,0.0,0.0,0.0,0.0,0.0,0.0,0.0,0,0,0,1,0,0,0
2796,Personne physique,SALARIE,PC,CDI,CRIL1,Bon,0.0,0.0,0.0,0.0,0.0,0.0,0.0,0.0,0.0,0,0,0,1,0,0,0
2797,Personne physique,SALARIE,PC,CDI,CRIL1,Bon,0.0,0.0,0.0,0.0,0.0,0.0,0.0,0.0,0.0,0,0,0,1,0,0,0
2798,Personne physique,SALARIE,PC,CDI,CRIL1,Bon,0.0,0.0,0.0,0.0,0.0,0.0,0.0,0.0,0.0,0,0,0,1,0,0,0
2799,Personne physique,SALARIE,PC,CDI,CRIL1,Bon,0.0,0.0,0.0,0.0,0.0,0.0,0.0,0.0,0.0,0,0,0,1,0,0,0
2800,Personne physique,SALARIE,PC,CDI,CRIL1,Bon,0.0,0.0,0.0,0.0,0.0,0.0,0.0,0.0,0.0,0,0,0,1,0,0,0
2801,Personne physique,SALARIE,PC,CDI,CRIL1,Bon,0.0,0.0,0.0,0.0,0.0,0.0,0.0,0.0,0.0,0,0,0,1,0,0,0
2802,Personne physique,SALARIE,PC,CDI,CRIL1,Bon,0.0,0.0,0.0,0.0,0.0,0.0,0.0,0.0,0.0,0,0,0,1,0,0,0
2803,Personne physique,SALARIE,PC,CDI,CRIL1,Bon,0.0,0.0,0.0,0.0,0.0,0.0,0.0,0.0,0.0,0,0,0,1,0,0,0
2804,Personne physique,SALARIE,PC,CDI,CRIL1,Bon,0.0,0.0,0.0,0.0,0.0,0.0,0.0,0.0,0.0,0,0,0,1,0,0,0
2805,Personne physique,SALARIE,PC,CDI,CRIL1,Bon,0.0,0.0,0.0,0.0,0.0,0.0,0.0,0.0,0.0,0,0,0,1,0,0,0
2806,Personne physique,SALARIE,PC,CDI,CRIL1,Bon,0.0,0.0,0.0,0.0,0.0,0.0,0.0,0.0,0.0,0,0,0,1,0,0,0
2807,Personne physique,SALARIE,PC,CDI,CRIL1,Bon,0.0,0.0,0.0,0.0,0.0,0.0,0.0,0.0,0.0,0,0,0,1,0,0,0
2808,Personne physique,SALARIE,PC,CDI,CRIL1,Bon,0.0,0.0,0.0,0.0,0.0,0.0,0.0,0.0,0.0,0,0,0,1,0,0,0
2809,Personne physique,SALARIE,PC,CDI,CRIL1,Bon,0.0,0.0,0.0,0.0,0.0,0.0,0.0,0.0,0.0,0,0,0,1,0,0,0
2810,Personne physique,SALARIE,PC,CDI,CRIL1,Bon,0.0,0.0,0.0,0.0,0.0,0.0,0.0,0.0,0.0,0,0,0,1,0,0,0
2811,Personne physique,SALARIE,PC,CDI,CRIL1,Bon,0.0,0.0,0.0,0.0,0.0,0.0,0.0,0.0,0.0,0,0,0,1,0,0,0
2812,Personne physique,SALARIE,PC,CDI,CRIL1,Bon,0.0,0.0,0.0,0.0,0.0,0.0,0.0,0.0,0.0,0,0,0,1,0,0,0
2813,Personne physique,SALARIE,PC,CDI,CRIL1,Bon,0.0,0.0,0.0,0.0,0.0,0.0,0.0,0.0,0.0,0,0,0,1,0,0,0
2814,Personne physique,SALARIE,PC,CDI,CRIL1,Bon,0.0,0.0,0.0,0.0,0.0,0.0,0.0,0.0,0.0,0,0,0,1,0,0,0
2815,Personne physique,SALARIE,PC,CDI,CRIL1,Bon,0.0,0.0,0.0,0.0,0.0,0.0,0.0,0.0,0.0,0,0,0,1,0,0,0
2816,Personne physique,SALARIE,PC,CDI,CRIL1,Bon,0.0,0.0,0.0,0.0,0.0,0.0,0.0,0.0,0.0,0,0,0,1,0,0,0
2817,Personne physique,SALARIE,PC,CDI,CRIL1,Bon,0.0,0.0,0.0,0.0,0.0,0.0,0.0,0.0,0.0,0,0,0,1,0,0,0
2818,Personne physique,SALARIE,PC,CDI,CRIL1,Bon,0.0,0.0,0.0,0.0,0.0,0.0,0.0,0.0,0.0,0,0,0,1,0,0,0
2819,Personne physique,SALARIE,PC,CDI,CRIL1,Bon,0.0,0.0,0.0,0.0,0.0,0.0,0.0,0.0,0.0,0,0,0,1,0,0,0
2820,Personne physique,SALARIE,PC,CDI,CRIL1,Bon,0.0,0.0,0.0,0.0,0.0,0.0,0.0,0.0,0.0,0,0,0,1,0,0,0
2821,Personne physique,SALARIE,PC,CDI,CRIL1,Bon,0.0,0.0,0.0,0.0,0.0,0.0,0.0,0.0,0.0,0,0,0,1,0,0,0
2822,Personne physique,SALARIE,PC,CDI,CRIL1,Bon,0.0,0.0,0.0,0.0,0.0,0.0,0.0,0.0,0.0,0,0,0,1,0,0,0
2823,Personne physique,SALARIE,PC,CDI,CRIL1,Bon,0.0,0.0,0.0,0.0,0.0,0.0,0.0,0.0,0.0,0,0,0,1,0,0,0
2824,Personne physique,SALARIE,PC,CDI,CRIL1,Bon,0.0,0.0,0.0,0.0,0.0,0.0,0.0,0.0,0.0,0,0,0,1,0,0,0
2825,Personne physique,SALARIE,PC,CDI,CRIL1,Bon,0.0,0.0,0.0,0.0,0.0,0.0,0.0,0.0,0.0,0,0,0,1,0,0,0
2826,Personne physique,SALARIE,PC,CDI,CRIL1,Bon,0.0,0.0,0.0,0.0,0.0,0.0,0.0,0.0,0.0,0,0,0,1,0,0,0
2827,Personne physique,SALARIE,PC,CDI,CRIL1,Bon,0.0,0.0,0.0,0.0,0.0,0.0,0.0,0.0,0.0,0,0,0,1,0,0,0
2828,Personne physique,SALARIE,PC,CDI,CRIL1,Bon,0.0,0.0,0.0,0.0,0.0,0.0,0.0,0.0,0.0,0,0,0,1,0,0,0
2829,Personne physique,SALARIE,PC,CDI,CRIL1,Bon,0.0,0.0,0.0,0.0,0.0,0.0,0.0,0.0,0.0,0,0,0,1,0,0,0
2830,Personne physique,SALARIE,PC,CDI,CRIL1,Bon,0.0,0.0,0.0,0.0,0.0,0.0,0.0,0.0,0.0,0,0,0,1,0,0,0
2831,Personne physique,SALARIE,PC,CDI,CRIL1,Bon,0.0,0.0,0.0,0.0,0.0,0.0,0.0,0.0,0.0,0,0,0,1,0,0,0
2832,Personne physique,SALARIE,PC,CDI,CRIL1,Bon,0.0,0.0,0.0,0.0,0.0,0.0,0.0,0.0,0.0,0,0,0,1,0,0,0
2833,Personne physique,SALARIE,PC,CDI,CRIL1,Bon,0.0,0.0,0.0,0.0,0.0,0.0,0.0,0.0,0.0,0,0,0,1,0,0,0
2834,Personne physique,SALARIE,PC,CDI,CRIL1,Bon,0.0,0.0,0.0,0.0,0.0,0.0,0.0,0.0,0.0,0,0,0,1,0,0,0
2835,Personne physique,SALARIE,PC,CDI,CRIL1,Bon,0.0,0.0,0.0,0.0,0.0,0.0,0.0,0.0,0.0,0,0,0,1,0,0,0
2836,Personne physique,SALARIE,PC,CDI,CRIL1,Bon,0.0,0.0,0.0,0.0,0.0,0.0,0.0,0.0,0.0,0,0,0,1,0,0,0
2837,Personne physique,SALARIE,PC,CDI,CRIL1,Bon,0.0,0.0,0.0,0.0,0.0,0.0,0.0,0.0,0.0,0,0,0,1,0,0,0
2838,Personne physique,SALARIE,PC,CDI,CRIL1,Bon,0.0,0.0,0.0,0.0,0.0,0.0,0.0,0.0,0.0,0,0,0,1,0,0,0
2839,Personne physique,SALARIE,PC,CDI,CRIL1,Bon,0.0,0.0,0.0,0.0,0.0,0.0,0.0,0.0,0.0,0,0,0,1,0,0,0
2840,Personne physique,SALARIE,PC,CDI,CRIL1,Bon,0.0,0.0,0.0,0.0,0.0,0.0,0.0,0.0,0.0,0,0,0,1,0,0,0
2841,Personne physique,SALARIE,PC,CDI,CRIL1,Bon,0.0,0.0,0.0,0.0,0.0,0.0,0.0,0.0,0.0,0,0,0,1,0,0,0
2842,Personne physique,SALARIE,PC,CDI,CRIL1,Bon,0.0,0.0,0.0,0.0,0.0,0.0,0.0,0.0,0.0,0,0,0,1,0,0,0
2843,Personne physique,SALARIE,PC,CDI,CRIL1,Bon,0.0,0.0,0.0,0.0,0.0,0.0,0.0,0.0,0.0,0,0,0,1,0,0,0
2844,Personne physique,SALARIE,PC,CDI,CRIL1,Bon,0.0,0.0,0.0,0.0,0.0,0.0,0.0,0.0,0.0,0,0,0,1,0,0,0
2845,Personne physique,SALARIE,PC,CDI,CRIL1,Bon,0.0,0.0,0.0,0.0,0.0,0.0,0.0,0.0,0.0,0,0,0,1,0,0,0
2846,Personne physique,SALARIE,PC,CDI,CRIL1,Bon,0.0,0.0,0.0,0.0,0.0,0.0,0.0,0.0,0.0,0,0,0,1,0,0,0
2847,Personne physique,SALARIE,PC,CDI,CRIL1,Bon,0.0,0.0,0.0,0.0,0.0,0.0,0.0,0.0,0.0,0,0,0,1,0,0,0
2848,Personne physique,SALARIE,PC,CDI,CRIL1,Bon,0.0,0.0,0.0,0.0,0.0,0.0,0.0,0.0,0.0,0,0,0,1,0,0,0
2849,Personne physique,SALARIE,PC,CDI,CRIL1,Bon,0.0,0.0,0.0,0.0,0.0,0.0,0.0,0.0,0.0,0,0,0,1,0,0,0
2850,Personne physique,SALARIE,PC,CDI,CRIL1,Bon,0.0,0.0,0.0,0.0,0.0,0.0,0.0,0.0,0.0,0,0,0,1,0,0,0
2851,Personne physique,SALARIE,PC,CDI,CRIL1,Bon,0.0,0.0,0.0,0.0,0.0,0.0,0.0,0.0,0.0,0,0,0,1,0,0,0
2852,Personne physique,SALARIE,PC,CDI,CRIL1,Bon,0.0,0.0,0.0,0.0,0.0,0.0,0.0,0.0,0.0,0,0,0,1,0,0,0
2853,Personne physique,SALARIE,PC,CDI,CRIL1,Bon,0.0,0.0,0.0,0.0,0.0,0.0,0.0,0.0,0.0,0,0,0,1,0,0,0
2854,Personne physique,SALARIE,PC,CDI,CRIL1,Bon,0.0,0.0,0.0,0.0,0.0,0.0,0.0,0.0,0.0,0,0,0,1,0,0,0
2855,Personne physique,SALARIE,PC,CDI,CRIL1,Bon,0.0,0.0,0.0,0.0,0.0,0.0,0.0,0.0,0.0,0,0,0,1,0,0,0
2856,Personne physique,SALARIE,PC,CDI,CRIL1,Bon,0.0,0.0,0.0,0.0,0.0,0.0,0.0,0.0,0.0,0,0,0,1,0,0,0
2857,Personne physique,SALARIE,PC,CDI,CRIL1,Bon,0.0,0.0,0.0,0.0,0.0,0.0,0.0,0.0,0.0,0,0,0,1,0,0,0
2858,Personne physique,SALARIE,PC,CDI,CRIL1,Bon,0.0,0.0,0.0,0.0,0.0,0.0,0.0,0.0,0.0,0,0,0,1,0,0,0
2859,Personne physique,SALARIE,PC,CDI,CRIL1,Bon,0.0,0.0,0.0,0.0,0.0,0.0,0.0,0.0,0.0,0,0,0,1,0,0,0
2860,Personne physique,SALARIE,PC,CDI,CRIL1,Bon,0.0,0.0,0.0,0.0,0.0,0.0,0.0,0.0,0.0,0,0,0,1,0,0,0
2861,Personne physique,SALARIE,PC,CDI,CRIL1,Bon,0.0,0.0,0.0,0.0,0.0,0.0,0.0,0.0,0.0,0,0,0,1,0,0,0
2862,Personne physique,SALARIE,PC,CDI,CRIL1,Bon,0.0,0.0,0.0,0.0,0.0,0.0,0.0,0.0,0.0,0,0,0,1,0,0,0
2863,Personne physique,SALARIE,PC,CDI,CRIL1,Bon,0.0,0.0,0.0,0.0,0.0,0.0,0.0,0.0,0.0,0,0,0,1,0,0,0
2864,Personne physique,SALARIE,PC,CDI,CRIL1,Bon,0.0,0.0,0.0,0.0,0.0,0.0,0.0,0.0,0.0,0,0,0,1,0,0,0
2865,Personne physique,SALARIE,PC,CDI,CRIL1,Bon,0.0,0.0,0.0,0.0,0.0,0.0,0.0,0.0,0.0,0,0,0,1,0,0,0
2866,Personne physique,SALARIE,PC,CDI,CRIL1,Bon,0.0,0.0,0.0,0.0,0.0,0.0,0.0,0.0,0.0,0,0,0,1,0,0,0
2867,Personne physique,SALARIE,PC,CDI,CRIL1,Bon,0.0,0.0,0.0,0.0,0.0,0.0,0.0,0.0,0.0,0,0,0,1,0,0,0
2868,Personne physique,SALARIE,PC,CDI,CRIL1,Bon,0.0,0.0,0.0,0.0,0.0,0.0,0.0,0.0,0.0,0,0,0,1,0,0,0
2869,Personne physique,SALARIE,PC,CDI,CRIL1,Bon,0.0,0.0,0.0,0.0,0.0,0.0,0.0,0.0,0.0,0,0,0,1,0,0,0
2870,Personne physique,SALARIE,PC,CDI,CRIL1,Bon,0.0,0.0,0.0,0.0,0.0,0.0,0.0,0.0,0.0,0,0,0,1,0,0,0
2871,Personne physique,SALARIE,PC,CDI,CRIL1,Bon,0.0,0.0,0.0,0.0,0.0,0.0,0.0,0.0,0.0,0,0,0,1,0,0,0
2872,Personne physique,SALARIE,PC,CDI,CRIL1,Bon,0.0,0.0,0.0,0.0,0.0,0.0,0.0,0.0,0.0,0,0,0,1,0,0,0
2873,Personne physique,SALARIE,PC,CDI,CRIL1,Bon,0.0,0.0,0.0,0.0,0.0,0.0,0.0,0.0,0.0,0,0,0,1,0,0,0
2874,Personne physique,SALARIE,PC,CDI,CRIL1,Bon,0.0,0.0,0.0,0.0,0.0,0.0,0.0,0.0,0.0,0,0,0,1,0,0,0
2875,Personne physique,SALARIE,PC,CDI,CRIL1,Bon,0.0,0.0,0.0,0.0,0.0,0.0,0.0,0.0,0.0,0,0,0,1,0,0,0
2876,Personne physique,SALARIE,PC,CDI,CRIL1,Bon,0.0,0.0,0.0,0.0,0.0,0.0,0.0,0.0,0.0,0,0,0,1,0,0,0
2877,Personne physique,SALARIE,PC,CDI,CRIL1,Bon,0.0,0.0,0.0,0.0,0.0,0.0,0.0,0.0,0.0,0,0,0,1,0,0,0
2878,Personne physique,SALARIE,PC,CDI,CRIL1,Bon,0.0,0.0,0.0,0.0,0.0,0.0,0.0,0.0,0.0,0,0,0,1,0,0,0
2879,Personne physique,SALARIE,PC,CDI,CRIL1,Bon,0.0,0.0,0.0,0.0,0.0,0.0,0.0,0.0,0.0,0,0,0,1,0,0,0
2880,Personne physique,SALARIE,PC,CDI,CRIL1,Bon,0.0,0.0,0.0,0.0,0.0,0.0,0.0,0.0,0.0,0,0,0,1,0,0,0
2881,Personne physique,SALARIE,PC,CDI,CRIL1,Bon,0.0,0.0,0.0,0.0,0.0,0.0,0.0,0.0,0.0,0,0,0,1,0,0,0
2882,Personne physique,SALARIE,PC,CDI,CRIL1,Bon,0.0,0.0,0.0,0.0,0.0,0.0,0.0,0.0,0.0,0,0,0,1,0,0,0
2883,Personne physique,SALARIE,PC,CDI,CRIL1,Bon,0.0,0.0,0.0,0.0,0.0,0.0,0.0,0.0,0.0,0,0,0,1,0,0,0
2884,Personne physique,SALARIE,PC,CDI,CRIL1,Bon,0.0,0.0,0.0,0.0,0.0,0.0,0.0,0.0,0.0,0,0,0,1,0,0,0
2885,Personne physique,SALARIE,PC,CDI,CRIL1,Bon,0.0,0.0,0.0,0.0,0.0,0.0,0.0,0.0,0.0,0,0,0,1,0,0,0
2886,Personne physique,SALARIE,PC,CDI,CRIL1,Bon,0.0,0.0,0.0,0.0,0.0,0.0,0.0,0.0,0.0,0,0,0,1,0,0,0
2887,Personne physique,SALARIE,PC,CDI,CRIL1,Bon,0.0,0.0,0.0,0.0,0.0,0.0,0.0,0.0,0.0,0,0,0,1,0,0,0
2888,Personne physique,SALARIE,PC,CDI,CRIL1,Bon,0.0,0.0,0.0,0.0,0.0,0.0,0.0,0.0,0.0,0,0,0,1,0,0,0
2889,Personne physique,SALARIE,PC,CDI,CRIL1,Bon,0.0,0.0,0.0,0.0,0.0,0.0,0.0,0.0,0.0,0,0,0,1,0,0,0
2890,Personne physique,SALARIE,PC,CDI,CRIL1,Bon,0.0,0.0,0.0,0.0,0.0,0.0,0.0,0.0,0.0,0,0,0,1,0,0,0
2891,Personne physique,SALARIE,PC,CDI,CRIL1,Bon,0.0,0.0,0.0,0.0,0.0,0.0,0.0,0.0,0.0,0,0,0,1,0,0,0
2892,Personne physique,SALARIE,PC,CDI,CRIL1,Bon,0.0,0.0,0.0,0.0,0.0,0.0,0.0,0.0,0.0,0,0,0,1,0,0,0
2893,Personne physique,SALARIE,PC,CDI,CRIL1,Bon,0.0,0.0,0.0,0.0,0.0,0.0,0.0,0.0,0.0,0,0,0,1,0,0,0
2894,Personne physique,SALARIE,PC,CDI,CRIL1,Bon,0.0,0.0,0.0,0.0,0.0,0.0,0.0,0.0,0.0,0,0,0,1,0,0,0
2895,Personne physique,SALARIE,PC,CDI,CRIL1,Bon,0.0,0.0,0.0,0.0,0.0,0.0,0.0,0.0,0.0,0,0,0,1,0,0,0
2896,Personne physique,SALARIE,PC,CDI,CRIL1,Bon,0.0,0.0,0.0,0.0,0.0,0.0,0.0,0.0,0.0,0,0,0,1,0,0,0
2897,Personne physique,SALARIE,PC,CDI,CRIL1,Bon,0.0,0.0,0.0,0.0,0.0,0.0,0.0,0.0,0.0,0,0,0,1,0,0,0
2898,Personne physique,SALARIE,PC,CDI,CRIL1,Bon,0.0,0.0,0.0,0.0,0.0,0.0,0.0,0.0,0.0,0,0,0,1,0,0,0
2899,Personne physique,SALARIE,PC,CDI,CRIL1,Bon,0.0,0.0,0.0,0.0,0.0,0.0,0.0,0.0,0.0,0,0,0,1,0,0,0
2900,Personne physique,SALARIE,PC,CDI,CRIL1,Bon,0.0,0.0,0.0,0.0,0.0,0.0,0.0,0.0,0.0,0,0,0,1,0,0,0
2901,Personne physique,SALARIE,PC,CDI,CRIL1,Bon,0.0,0.0,0.0,0.0,0.0,0.0,0.0,0.0,0.0,0,0,0,1,0,0,0
2902,Personne physique,SALARIE,PC,CDI,CRIL1,Bon,0.0,0.0,0.0,0.0,0.0,0.0,0.0,0.0,0.0,0,0,0,1,0,0,0
2903,Personne physique,SALARIE,PC,CDI,CRIL1,Bon,0.0,0.0,0.0,0.0,0.0,0.0,0.0,0.0,0.0,0,0,0,1,0,0,0
2904,Personne physique,SALARIE,PC,CDI,CRIL1,Bon,0.0,0.0,0.0,0.0,0.0,0.0,0.0,0.0,0.0,0,0,0,1,0,0,0
2905,Personne physique,SALARIE,PC,CDI,CRIL1,Bon,0.0,0.0,0.0,0.0,0.0,0.0,0.0,0.0,0.0,0,0,0,1,0,0,0
2906,Personne physique,SALARIE,PC,CDI,CRIL1,Bon,0.0,0.0,0.0,0.0,0.0,0.0,0.0,0.0,0.0,0,0,0,1,0,0,0
2907,Personne physique,SALARIE,PC,CDI,CRIL1,Bon,0.0,0.0,0.0,0.0,0.0,0.0,0.0,0.0,0.0,0,0,0,1,0,0,0
2908,Personne physique,SALARIE,PC,CDI,CRIL1,Bon,0.0,0.0,0.0,0.0,0.0,0.0,0.0,0.0,0.0,0,0,0,1,0,0,0
2909,Personne physique,SALARIE,PC,CDI,CRIL1,Bon,0.0,0.0,0.0,0.0,0.0,0.0,0.0,0.0,0.0,0,0,0,1,0,0,0
2910,Personne physique,SALARIE,PC,CDI,CRIL1,Bon,0.0,0.0,0.0,0.0,0.0,0.0,0.0,0.0,0.0,0,0,0,1,0,0,0
2911,Personne physique,SALARIE,PC,CDI,CRIL1,Bon,0.0,0.0,0.0,0.0,0.0,0.0,0.0,0.0,0.0,0,0,0,1,0,0,0
2912,Personne physique,SALARIE,PC,CDI,CRIL1,Bon,0.0,0.0,0.0,0.0,0.0,0.0,0.0,0.0,0.0,0,0,0,1,0,0,0
2913,Personne physique,SALARIE,PC,CDI,CRIL1,Bon,0.0,0.0,0.0,0.0,0.0,0.0,0.0,0.0,0.0,0,0,0,1,0,0,0
2914,Personne physique,SALARIE,PC,CDI,CRIL1,Bon,0.0,0.0,0.0,0.0,0.0,0.0,0.0,0.0,0.0,0,0,0,1,0,0,0
2915,Personne physique,SALARIE,PC,CDI,CRIL1,Bon,0.0,0.0,0.0,0.0,0.0,0.0,0.0,0.0,0.0,0,0,0,1,0,0,0
2916,Personne physique,SALARIE,PC,CDI,CRIL1,Bon,0.0,0.0,0.0,0.0,0.0,0.0,0.0,0.0,0.0,0,0,0,1,0,0,0
2917,Personne physique,SALARIE,PC,CDI,CRIL1,Bon,0.0,0.0,0.0,0.0,0.0,0.0,0.0,0.0,0.0,0,0,0,1,0,0,0
2918,Personne physique,SALARIE,PC,CDI,CRIL1,Bon,0.0,0.0,0.0,0.0,0.0,0.0,0.0,0.0,0.0,0,0,0,1,0,0,0
2919,Personne physique,SALARIE,PC,CDI,CRIL1,Bon,0.0,0.0,0.0,0.0,0.0,0.0,0.0,0.0,0.0,0,0,0,1,0,0,0
2920,Personne physique,SALARIE,PC,CDI,CRIL1,Bon,0.0,0.0,0.0,0.0,0.0,0.0,0.0,0.0,0.0,0,0,0,1,0,0,0
2921,Personne physique,SALARIE,PC,CDI,CRIL1,Bon,0.0,0.0,0.0,0.0,0.0,0.0,0.0,0.0,0.0,0,0,0,1,0,0,0
2922,Personne physique,SALARIE,PC,CDI,CRIL1,Bon,0.0,0.0,0.0,0.0,0.0,0.0,0.0,0.0,0.0,0,0,0,1,0,0,0
2923,Personne physique,SALARIE,PC,CDI,CRIL1,Bon,0.0,0.0,0.0,0.0,0.0,0.0,0.0,0.0,0.0,0,0,0,1,0,0,0
2924,Personne physique,SALARIE,PC,CDI,CRIL1,Bon,0.0,0.0,0.0,0.0,0.0,0.0,0.0,0.0,0.0,0,0,0,1,0,0,0
2925,Personne physique,SALARIE,PC,CDI,CRIL1,Bon,0.0,0.0,0.0,0.0,0.0,0.0,0.0,0.0,0.0,0,0,0,1,0,0,0
2926,Personne physique,SALARIE,PC,CDI,CRIL1,Bon,0.0,0.0,0.0,0.0,0.0,0.0,0.0,0.0,0.0,0,0,0,1,0,0,0
2927,Personne physique,SALARIE,PC,CDI,CRIL1,Bon,0.0,0.0,0.0,0.0,0.0,0.0,0.0,0.0,0.0,0,0,0,1,0,0,0
2928,Personne physique,SALARIE,PC,CDI,CRIL1,Bon,0.0,0.0,0.0,0.0,0.0,0.0,0.0,0.0,0.0,0,0,0,1,0,0,0
2929,Personne physique,SALARIE,PC,CDI,CRIL1,Bon,0.0,0.0,0.0,0.0,0.0,0.0,0.0,0.0,0.0,0,0,0,1,0,0,0
2930,Personne physique,SALARIE,PC,CDI,CRIL1,Bon,0.0,0.0,0.0,0.0,0.0,0.0,0.0,0.0,0.0,0,0,0,1,0,0,0
2931,Personne physique,SALARIE,PC,CDI,CRIL1,Bon,0.0,0.0,0.0,0.0,0.0,0.0,0.0,0.0,0.0,0,0,0,1,0,0,0
2932,Personne physique,SALARIE,PC,CDI,CRIL1,Bon,0.0,0.0,0.0,0.0,0.0,0.0,0.0,0.0,0.0,0,0,0,1,0,0,0
2933,Personne physique,SALARIE,PC,CDI,CRIL1,Bon,0.0,0.0,0.0,0.0,0.0,0.0,0.0,0.0,0.0,0,0,0,1,0,0,0
2934,Personne physique,SALARIE,PC,CDI,CRIL1,Bon,0.0,0.0,0.0,0.0,0.0,0.0,0.0,0.0,0.0,0,0,0,1,0,0,0
2935,Personne physique,SALARIE,PC,CDI,CRIL1,Bon,0.0,0.0,0.0,0.0,0.0,0.0,0.0,0.0,0.0,0,0,0,1,0,0,0
2936,Personne physique,SALARIE,PC,CDI,CRIL1,Bon,0.0,0.0,0.0,0.0,0.0,0.0,0.0,0.0,0.0,0,0,0,1,0,0,0
2937,Personne physique,SALARIE,PC,CDI,CRIL1,Bon,0.0,0.0,0.0,0.0,0.0,0.0,0.0,0.0,0.0,0,0,0,1,0,0,0
2938,Personne physique,SALARIE,PC,CDI,CRIL1,Bon,0.0,0.0,0.0,0.0,0.0,0.0,0.0,0.0,0.0,0,0,0,1,0,0,0
2939,Personne physique,SALARIE,PC,CDI,CRIL1,Bon,0.0,0.0,0.0,0.0,0.0,0.0,0.0,0.0,0.0,0,0,0,1,0,0,0
2940,Personne physique,SALARIE,PC,CDI,CRIL1,Bon,0.0,0.0,0.0,0.0,0.0,0.0,0.0,0.0,0.0,0,0,0,1,0,0,0
2941,Personne physique,SALARIE,PC,CDI,CRIL1,Bon,0.0,0.0,0.0,0.0,0.0,0.0,0.0,0.0,0.0,0,0,0,1,0,0,0
2942,Personne physique,SALARIE,PC,CDI,CRIL1,Bon,0.0,0.0,0.0,0.0,0.0,0.0,0.0,0.0,0.0,0,0,0,1,0,0,0
2943,Personne physique,SALARIE,PC,CDI,CRIL1,Bon,0.0,0.0,0.0,0.0,0.0,0.0,0.0,0.0,0.0,0,0,0,1,0,0,0
2944,Personne physique,SALARIE,PC,CDI,CRIL1,Bon,0.0,0.0,0.0,0.0,0.0,0.0,0.0,0.0,0.0,0,0,0,1,0,0,0
2945,Personne physique,SALARIE,PC,CDI,CRIL1,Bon,0.0,0.0,0.0,0.0,0.0,0.0,0.0,0.0,0.0,0,0,0,1,0,0,0
2946,Personne physique,SALARIE,PC,CDI,CRIL1,Bon,0.0,0.0,0.0,0.0,0.0,0.0,0.0,0.0,0.0,0,0,0,1,0,0,0
2947,Personne physique,SALARIE,PC,CDI,CRIL1,Bon,0.0,0.0,0.0,0.0,0.0,0.0,0.0,0.0,0.0,0,0,0,1,0,0,0
2948,Personne physique,SALARIE,PC,CDI,CRIL1,Bon,0.0,0.0,0.0,0.0,0.0,0.0,0.0,0.0,0.0,0,0,0,1,0,0,0
2949,Personne physique,SALARIE,PC,CDI,CRIL1,Bon,0.0,0.0,0.0,0.0,0.0,0.0,0.0,0.0,0.0,0,0,0,1,0,0,0
2950,Personne physique,SALARIE,PC,CDI,CRIL1,Bon,0.0,0.0,0.0,0.0,0.0,0.0,0.0,0.0,0.0,0,0,0,1,0,0,0
2951,Personne physique,SALARIE,PC,CDI,CRIL1,Bon,0.0,0.0,0.0,0.0,0.0,0.0,0.0,0.0,0.0,0,0,0,1,0,0,0
2952,Personne physique,SALARIE,PC,CDI,CRIL1,Bon,0.0,0.0,0.0,0.0,0.0,0.0,0.0,0.0,0.0,0,0,0,1,0,0,0
2953,Personne physique,SALARIE,PC,CDI,CRIL1,Bon,0.0,0.0,0.0,0.0,0.0,0.0,0.0,0.0,0.0,0,0,0,1,0,0,0
2954,Personne physique,SALARIE,PC,CDI,CRIL1,Bon,0.0,0.0,0.0,0.0,0.0,0.0,0.0,0.0,0.0,0,0,0,1,0,0,0
2955,Personne physique,SALARIE,PC,CDI,CRIL1,Bon,0.0,0.0,0.0,0.0,0.0,0.0,0.0,0.0,0.0,0,0,0,1,0,0,0
2956,Personne physique,SALARIE,PC,CDI,CRIL1,Bon,0.0,0.0,0.0,0.0,0.0,0.0,0.0,0.0,0.0,0,0,0,1,0,0,0
2957,Personne physique,SALARIE,PC,CDI,CRIL1,Bon,0.0,0.0,0.0,0.0,0.0,0.0,0.0,0.0,0.0,0,0,0,1,0,0,0
2958,Personne physique,SALARIE,PC,CDI,CRIL1,Bon,0.0,0.0,0.0,0.0,0.0,0.0,0.0,0.0,0.0,0,0,0,1,0,0,0
2959,Personne physique,SALARIE,PC,CDI,CRIL1,Bon,0.0,0.0,0.0,0.0,0.0,0.0,0.0,0.0,0.0,0,0,0,1,0,0,0
2960,Personne physique,SALARIE,PC,CDI,CRIL1,Bon,0.0,0.0,0.0,0.0,0.0,0.0,0.0,0.0,0.0,0,0,0,1,0,0,0
2961,Personne physique,SALARIE,PC,CDI,CRIL1,Bon,0.0,0.0,0.0,0.0,0.0,0.0,0.0,0.0,0.0,0,0,0,1,0,0,0
2962,Personne physique,SALARIE,PC,CDI,CRIL1,Bon,0.0,0.0,0.0,0.0,0.0,0.0,0.0,0.0,0.0,0,0,0,1,0,0,0
2963,Personne physique,SALARIE,PC,CDI,CRIL1,Bon,0.0,0.0,0.0,0.0,0.0,0.0,0.0,0.0,0.0,0,0,0,1,0,0,0
2964,Personne physique,SALARIE,PC,CDI,CRIL1,Bon,0.0,0.0,0.0,0.0,0.0,0.0,0.0,0.0,0.0,0,0,0,1,0,0,0
2965,Personne physique,SALARIE,PC,CDI,CRIL1,Bon,0.0,0.0,0.0,0.0,0.0,0.0,0.0,0.0,0.0,0,0,0,1,0,0,0
2966,Personne physique,SALARIE,PC,CDI,CRIL1,Bon,0.0,0.0,0.0,0.0,0.0,0.0,0.0,0.0,0.0,0,0,0,1,0,0,0
2967,Personne physique,SALARIE,PC,CDI,CRIL1,Bon,0.0,0.0,0.0,0.0,0.0,0.0,0.0,0.0,0.0,0,0,0,1,0,0,0
2968,Personne physique,SALARIE,PC,CDI,CRIL1,Bon,0.0,0.0,0.0,0.0,0.0,0.0,0.0,0.0,0.0,0,0,0,1,0,0,0
2969,Personne physique,SALARIE,PC,CDI,CRIL1,Bon,0.0,0.0,0.0,0.0,0.0,0.0,0.0,0.0,0.0,0,0,0,1,0,0,0
2970,Personne physique,SALARIE,PC,CDI,CRIL1,Bon,0.0,0.0,0.0,0.0,0.0,0.0,0.0,0.0,0.0,0,0,0,1,0,0,0
2971,Personne physique,SALARIE,PC,CDI,CRIL1,Bon,0.0,0.0,0.0,0.0,0.0,0.0,0.0,0.0,0.0,0,0,0,1,0,0,0
2972,Personne physique,SALARIE,PC,CDI,CRIL1,Bon,0.0,0.0,0.0,0.0,0.0,0.0,0.0,0.0,0.0,0,0,0,1,0,0,0
2973,Personne physique,SALARIE,PC,CDI,CRIL1,Bon,0.0,0.0,0.0,0.0,0.0,0.0,0.0,0.0,0.0,0,0,0,1,0,0,0
2974,Personne physique,SALARIE,PC,CDI,CRIL1,Bon,0.0,0.0,0.0,0.0,0.0,0.0,0.0,0.0,0.0,0,0,0,1,0,0,0
2975,Personne physique,SALARIE,PC,CDI,CRIL1,Bon,0.0,0.0,0.0,0.0,0.0,0.0,0.0,0.0,0.0,0,0,0,1,0,0,0
2976,Personne physique,SALARIE,PC,CDI,CRIL1,Bon,0.0,0.0,0.0,0.0,0.0,0.0,0.0,0.0,0.0,0,0,0,1,0,0,0
2977,Personne physique,SALARIE,PC,CDI,CRIL1,Bon,0.0,0.0,0.0,0.0,0.0,0.0,0.0,0.0,0.0,0,0,0,1,0,0,0
2978,Personne physique,SALARIE,PC,CDI,CRIL1,Bon,0.0,0.0,0.0,0.0,0.0,0.0,0.0,0.0,0.0,0,0,0,1,0,0,0
2979,Personne physique,SALARIE,PC,CDI,CRIL1,Bon,0.0,0.0,0.0,0.0,0.0,0.0,0.0,0.0,0.0,0,0,0,1,0,0,0
2980,Personne physique,SALARIE,PC,CDI,CRIL1,Bon,0.0,0.0,0.0,0.0,0.0,0.0,0.0,0.0,0.0,0,0,0,1,0,0,0
2981,Personne physique,SALARIE,PC,CDI,CRIL1,Bon,0.0,0.0,0.0,0.0,0.0,0.0,0.0,0.0,0.0,0,0,0,1,0,0,0
2982,Personne physique,SALARIE,PC,CDI,CRIL1,Bon,0.0,0.0,0.0,0.0,0.0,0.0,0.0,0.0,0.0,0,0,0,1,0,0,0
2983,Personne physique,SALARIE,PC,CDI,CRIL1,Bon,0.0,0.0,0.0,0.0,0.0,0.0,0.0,0.0,0.0,0,0,0,1,0,0,0
2984,Personne physique,SALARIE,PC,CDI,CRIL1,Bon,0.0,0.0,0.0,0.0,0.0,0.0,0.0,0.0,0.0,0,0,0,1,0,0,0
2985,Personne physique,SALARIE,PC,CDI,CRIL1,Bon,0.0,0.0,0.0,0.0,0.0,0.0,0.0,0.0,0.0,0,0,0,1,0,0,0
2986,Personne physique,SALARIE,PC,CDI,CRIL1,Bon,0.0,0.0,0.0,0.0,0.0,0.0,0.0,0.0,0.0,0,0,0,1,0,0,0
2987,Personne physique,SALARIE,PC,CDI,CRIL1,Bon,0.0,0.0,0.0,0.0,0.0,0.0,0.0,0.0,0.0,0,0,0,1,0,0,0
2988,Personne physique,SALARIE,PC,CDI,CRIL1,Bon,0.0,0.0,0.0,0.0,0.0,0.0,0.0,0.0,0.0,0,0,0,1,0,0,0
2989,Personne physique,SALARIE,PC,CDI,CRIL1,Bon,0.0,0.0,0.0,0.0,0.0,0.0,0.0,0.0,0.0,0,0,0,1,0,0,0
2990,Personne physique,SALARIE,PC,CDI,CRIL1,Bon,0.0,0.0,0.0,0.0,0.0,0.0,0.0,0.0,0.0,0,0,0,1,0,0,0
2991,Personne physique,SALARIE,PC,CDI,CRIL1,Bon,0.0,0.0,0.0,0.0,0.0,0.0,0.0,0.0,0.0,0,0,0,1,0,0,0
2992,Personne physique,SALARIE,PC,CDI,CRIL1,Bon,0.0,0.0,0.0,0.0,0.0,0.0,0.0,0.0,0.0,0,0,0,1,0,0,0
2993,Personne physique,SALARIE,PC,CDI,CRIL1,Bon,0.0,0.0,0.0,0.0,0.0,0.0,0.0,0.0,0.0,0,0,0,1,0,0,0
2994,Personne physique,SALARIE,PC,CDI,CRIL1,Bon,0.0,0.0,0.0,0.0,0.0,0.0,0.0,0.0,0.0,0,0,0,1,0,0,0
2995,Personne physique,SALARIE,PC,CDI,CRIL1,Bon,0.0,0.0,0.0,0.0,0.0,0.0,0.0,0.0,0.0,0,0,0,1,0,0,0
2996,Personne physique,SALARIE,PC,CDI,CRIL1,Bon,0.0,0.0,0.0,0.0,0.0,0.0,0.0,0.0,0.0,0,0,0,1,0,0,0
2997,Personne physique,SALARIE,PC,CDI,CRIL1,Bon,0.0,0.0,0.0,0.0,0.0,0.0,0.0,0.0,0.0,0,0,0,1,0,0,0
2998,Personne physique,SALARIE,PC,CDI,CRIL1,Bon,0.0,0.0,0.0,0.0,0.0,0.0,0.0,0.0,0.0,0,0,0,1,0,0,0
2999,Personne physique,SALARIE,PC,CDI,CRIL1,Bon,0.0,0.0,0.0,0.0,0.0,0.0,0.0,0.0,0.0,0,0,0,1,0,0,0
3000,Personne physique,SALARIE,PC,CDI,CRIL1,Bon,0.0,0.0,0.0,0.0,0.0,0.0,0.0,0.0,0.0,0,0,0,1,0,0,0
3001,Personne physique,SALARIE,PC,CDI,CRIL1,Bon,0.0,0.0,0.0,0.0,0.0,0.0,0.0,0.0,0.0,0,0,0,1,0,0,0
3002,Personne physique,SALARIE,PC,CDI,CRIL1,Bon,0.0,0.0,0.0,0.0,0.0,0.0,0.0,0.0,0.0,0,0,0,1,0,0,0
3003,Personne physique,SALARIE,PC,CDI,CRIL1,Bon,0.0,0.0,0.0,0.0,0.0,0.0,0.0,0.0,0.0,0,0,0,1,0,0,0
3004,Personne physique,SALARIE,PC,CDI,CRIL1,Bon,0.0,0.0,0.0,0.0,0.0,0.0,0.0,0.0,0.0,0,0,0,1,0,0,0
3005,Personne physique,SALARIE,PC,CDI,CRIL1,Bon,0.0,0.0,0.0,0.0,0.0,0.0,0.0,0.0,0.0,0,0,0,1,0,0,0
3006,Personne physique,SALARIE,PC,CDI,CRIL1,Bon,0.0,0.0,0.0,0.0,0.0,0.0,0.0,0.0,0.0,0,0,0,1,0,0,0
3007,Personne physique,SALARIE,PC,CDI,CRIL1,Bon,0.0,0.0,0.0,0.0,0.0,0.0,0.0,0.0,0.0,0,0,0,1,0,0,0
3008,Personne physique,SALARIE,PC,CDI,CRIL1,Bon,0.0,0.0,0.0,0.0,0.0,0.0,0.0,0.0,0.0,0,0,0,1,0,0,0
3009,Personne physique,SALARIE,PC,CDI,CRIL1,Bon,0.0,0.0,0.0,0.0,0.0,0.0,0.0,0.0,0.0,0,0,0,1,0,0,0
3010,Personne physique,SALARIE,PC,CDI,CRIL1,Bon,0.0,0.0,0.0,0.0,0.0,0.0,0.0,0.0,0.0,0,0,0,1,0,0,0
3011,Personne physique,SALARIE,PC,CDI,CRIL1,Bon,0.0,0.0,0.0,0.0,0.0,0.0,0.0,0.0,0.0,0,0,0,1,0,0,0
3012,Personne physique,SALARIE,PC,CDI,CRIL1,Bon,0.0,0.0,0.0,0.0,0.0,0.0,0.0,0.0,0.0,0,0,0,1,0,0,0
3013,Personne physique,SALARIE,PC,CDI,CRIL1,Bon,0.0,0.0,0.0,0.0,0.0,0.0,0.0,0.0,0.0,0,0,0,1,0,0,0
3014,Personne physique,SALARIE,PC,CDI,CRIL1,Bon,0.0,0.0,0.0,0.0,0.0,0.0,0.0,0.0,0.0,0,0,0,1,0,0,0
3015,Personne physique,SALARIE,PC,CDI,CRIL1,Bon,0.0,0.0,0.0,0.0,0.0,0.0,0.0,0.0,0.0,0,0,0,1,0,0,0
3016,Personne physique,SALARIE,PC,CDI,CRIL1,Bon,0.0,0.0,0.0,0.0,0.0,0.0,0.0,0.0,0.0,0,0,0,1,0,0,0
3017,Personne physique,SALARIE,PC,CDI,CRIL1,Bon,0.0,0.0,0.0,0.0,0.0,0.0,0.0,0.0,0.0,0,0,0,1,0,0,0
3018,Personne physique,SALARIE,PC,CDI,CRIL1,Bon,0.0,0.0,0.0,0.0,0.0,0.0,0.0,0.0,0.0,0,0,0,1,0,0,0
3019,Personne physique,SALARIE,PC,CDI,CRIL1,Bon,0.0,0.0,0.0,0.0,0.0,0.0,0.0,0.0,0.0,0,0,0,1,0,0,0
3020,Personne physique,SALARIE,PC,CDI,CRIL1,Bon,0.0,0.0,0.0,0.0,0.0,0.0,0.0,0.0,0.0,0,0,0,1,0,0,0
3021,Personne physique,SALARIE,PC,CDI,CRIL1,Bon,0.0,0.0,0.0,0.0,0.0,0.0,0.0,0.0,0.0,0,0,0,1,0,0,0
3022,Personne physique,SALARIE,PC,CDI,CRIL1,Bon,0.0,0.0,0.0,0.0,0.0,0.0,0.0,0.0,0.0,0,0,0,1,0,0,0
3023,Personne physique,SALARIE,PC,CDI,CRIL1,Bon,0.0,0.0,0.0,0.0,0.0,0.0,0.0,0.0,0.0,0,0,0,1,0,0,0
3024,Personne physique,SALARIE,PC,CDI,CRIL1,Bon,0.0,0.0,0.0,0.0,0.0,0.0,0.0,0.0,0.0,0,0,0,1,0,0,0
3025,Personne physique,SALARIE,PC,CDI,CRIL1,Bon,0.0,0.0,0.0,0.0,0.0,0.0,0.0,0.0,0.0,0,0,0,1,0,0,0
3026,Personne physique,SALARIE,PC,CDI,CRIL1,Bon,0.0,0.0,0.0,0.0,0.0,0.0,0.0,0.0,0.0,0,0,0,1,0,0,0
3027,Personne physique,SALARIE,PC,CDI,CRIL1,Bon,0.0,0.0,0.0,0.0,0.0,0.0,0.0,0.0,0.0,0,0,0,1,0,0,0
3028,Personne physique,SALARIE,PC,CDI,CRIL1,Bon,0.0,0.0,0.0,0.0,0.0,0.0,0.0,0.0,0.0,0,0,0,1,0,0,0
3029,Personne physique,SALARIE,PC,CDI,CRIL1,Bon,0.0,0.0,0.0,0.0,0.0,0.0,0.0,0.0,0.0,0,0,0,1,0,0,0
3030,Personne physique,SALARIE,PC,CDI,CRIL1,Bon,0.0,0.0,0.0,0.0,0.0,0.0,0.0,0.0,0.0,0,0,0,1,0,0,0
3031,Personne physique,SALARIE,PC,CDI,CRIL1,Bon,0.0,0.0,0.0,0.0,0.0,0.0,0.0,0.0,0.0,0,0,0,1,0,0,0
3032,Personne physique,SALARIE,PC,CDI,CRIL1,Bon,0.0,0.0,0.0,0.0,0.0,0.0,0.0,0.0,0.0,0,0,0,1,0,0,0
3033,Personne physique,SALARIE,PC,CDI,CRIL1,Bon,0.0,0.0,0.0,0.0,0.0,0.0,0.0,0.0,0.0,0,0,0,1,0,0,0
3034,Personne physique,SALARIE,PC,CDI,CRIL1,Bon,0.0,0.0,0.0,0.0,0.0,0.0,0.0,0.0,0.0,0,0,0,1,0,0,0
3035,Personne physique,SALARIE,PC,CDI,CRIL1,Bon,0.0,0.0,0.0,0.0,0.0,0.0,0.0,0.0,0.0,0,0,0,1,0,0,0
3036,Personne physique,SALARIE,PC,CDI,CRIL1,Bon,0.0,0.0,0.0,0.0,0.0,0.0,0.0,0.0,0.0,0,0,0,1,0,0,0
3037,Personne physique,SALARIE,PC,CDI,CRIL1,Bon,0.0,0.0,0.0,0.0,0.0,0.0,0.0,0.0,0.0,0,0,0,1,0,0,0
3038,Personne physique,SALARIE,PC,CDI,CRIL1,Bon,0.0,0.0,0.0,0.0,0.0,0.0,0.0,0.0,0.0,0,0,0,1,0,0,0
3039,Personne physique,SALARIE,PC,CDI,CRIL1,Bon,0.0,0.0,0.0,0.0,0.0,0.0,0.0,0.0,0.0,0,0,0,1,0,0,0
3040,Personne physique,SALARIE,PC,CDI,CRIL1,Bon,0.0,0.0,0.0,0.0,0.0,0.0,0.0,0.0,0.0,0,0,0,1,0,0,0
3041,Personne physique,SALARIE,PC,CDI,CRIL1,Bon,0.0,0.0,0.0,0.0,0.0,0.0,0.0,0.0,0.0,0,0,0,1,0,0,0
3042,Personne physique,SALARIE,PC,CDI,CRIL1,Bon,0.0,0.0,0.0,0.0,0.0,0.0,0.0,0.0,0.0,0,0,0,1,0,0,0
3043,Personne physique,SALARIE,PC,CDI,CRIL1,Bon,0.0,0.0,0.0,0.0,0.0,0.0,0.0,0.0,0.0,0,0,0,1,0,0,0
3044,Personne physique,SALARIE,PC,CDI,CRIL1,Bon,0.0,0.0,0.0,0.0,0.0,0.0,0.0,0.0,0.0,0,0,0,1,0,0,0
3045,Personne physique,SALARIE,PC,CDI,CRIL1,Bon,0.0,0.0,0.0,0.0,0.0,0.0,0.0,0.0,0.0,0,0,0,1,0,0,0
3046,Personne physique,SALARIE,PC,CDI,CRIL1,Bon,0.0,0.0,0.0,0.0,0.0,0.0,0.0,0.0,0.0,0,0,0,1,0,0,0
3047,Personne physique,SALARIE,PC,CDI,CRIL1,Bon,0.0,0.0,0.0,0.0,0.0,0.0,0.0,0.0,0.0,0,0,0,1,0,0,0
3048,Personne physique,SALARIE,PC,CDI,CRIL1,Bon,0.0,0.0,0.0,0.0,0.0,0.0,0.0,0.0,0.0,0,0,0,1,0,0,0
3049,Personne physique,SALARIE,PC,CDI,CRIL1,Bon,0.0,0.0,0.0,0.0,0.0,0.0,0.0,0.0,0.0,0,0,0,1,0,0,0
3050,Personne physique,SALARIE,PC,CDI,CRIL1,Bon,0.0,0.0,0.0,0.0,0.0,0.0,0.0,0.0,0.0,0,0,0,1,0,0,0
3051,Personne physique,SALARIE,PC,CDI,CRIL1,Bon,0.0,0.0,0.0,0.0,0.0,0.0,0.0,0.0,0.0,0,0,0,1,0,0,0
3052,Personne physique,SALARIE,PC,CDI,CRIL1,Bon,0.0,0.0,0.0,0.0,0.0,0.0,0.0,0.0,0.0,0,0,0,1,0,0,0
3053,Personne physique,SALARIE,PC,CDI,CRIL1,Bon,0.0,0.0,0.0,0.0,0.0,0.0,0.0,0.0,0.0,0,0,0,1,0,0,0
3054,Personne physique,SALARIE,PC,CDI,CRIL1,Bon,0.0,0.0,0.0,0.0,0.0,0.0,0.0,0.0,0.0,0,0,0,1,0,0,0
3055,Personne physique,SALARIE,PC,CDI,CRIL1,Bon,0.0,0.0,0.0,0.0,0.0,0.0,0.0,0.0,0.0,0,0,0,1,0,0,0
3056,Personne physique,SALARIE,PC,CDI,CRIL1,Bon,0.0,0.0,0.0,0.0,0.0,0.0,0.0,0.0,0.0,0,0,0,1,0,0,0
3057,Personne physique,SALARIE,PC,CDI,CRIL1,Bon,0.0,0.0,0.0,0.0,0.0,0.0,0.0,0.0,0.0,0,0,0,1,0,0,0
3058,Personne physique,SALARIE,PC,CDI,CRIL1,Bon,0.0,0.0,0.0,0.0,0.0,0.0,0.0,0.0,0.0,0,0,0,1,0,0,0
3059,Personne physique,SALARIE,PC,CDI,CRIL1,Bon,0.0,0.0,0.0,0.0,0.0,0.0,0.0,0.0,0.0,0,0,0,1,0,0,0
3060,Personne physique,SALARIE,PC,CDI,CRIL1,Bon,0.0,0.0,0.0,0.0,0.0,0.0,0.0,0.0,0.0,0,0,0,1,0,0,0
3061,Personne physique,SALARIE,PC,CDI,CRIL1,Bon,0.0,0.0,0.0,0.0,0.0,0.0,0.0,0.0,0.0,0,0,0,1,0,0,0
3062,Personne physique,SALARIE,PC,CDI,CRIL1,Bon,0.0,0.0,0.0,0.0,0.0,0.0,0.0,0.0,0.0,0,0,0,1,0,0,0
3063,Personne physique,SALARIE,PC,CDI,CRIL1,Bon,0.0,0.0,0.0,0.0,0.0,0.0,0.0,0.0,0.0,0,0,0,1,0,0,0
3064,Personne physique,SALARIE,PC,CDI,CRIL1,Bon,0.0,0.0,0.0,0.0,0.0,0.0,0.0,0.0,0.0,0,0,0,1,0,0,0
3065,Personne physique,SALARIE,PC,CDI,CRIL1,Bon,0.0,0.0,0.0,0.0,0.0,0.0,0.0,0.0,0.0,0,0,0,1,0,0,0
3066,Personne physique,SALARIE,PC,CDI,CRIL1,Bon,0.0,0.0,0.0,0.0,0.0,0.0,0.0,0.0,0.0,0,0,0,1,0,0,0
3067,Personne physique,SALARIE,PC,CDI,CRIL1,Bon,0.0,0.0,0.0,0.0,0.0,0.0,0.0,0.0,0.0,0,0,0,1,0,0,0
3068,Personne physique,SALARIE,PC,CDI,CRIL1,Bon,0.0,0.0,0.0,0.0,0.0,0.0,0.0,0.0,0.0,0,0,0,1,0,0,0
3069,Personne physique,SALARIE,PC,CDI,CRIL1,Bon,0.0,0.0,0.0,0.0,0.0,0.0,0.0,0.0,0.0,0,0,0,1,0,0,0
3070,Personne physique,SALARIE,PC,CDI,CRIL1,Bon,0.0,0.0,0.0,0.0,0.0,0.0,0.0,0.0,0.0,0,0,0,1,0,0,0
3071,Personne physique,SALARIE,PC,CDI,CRIL1,Bon,0.0,0.0,0.0,0.0,0.0,0.0,0.0,0.0,0.0,0,0,0,1,0,0,0
3072,Personne physique,SALARIE,PC,CDI,CRIL1,Bon,0.0,0.0,0.0,0.0,0.0,0.0,0.0,0.0,0.0,0,0,0,1,0,0,0
3073,Personne physique,SALARIE,PC,CDI,CRIL1,Bon,0.0,0.0,0.0,0.0,0.0,0.0,0.0,0.0,0.0,0,0,0,1,0,0,0
3074,Personne physique,SALARIE,PC,CDI,CRIL1,Bon,0.0,0.0,0.0,0.0,0.0,0.0,0.0,0.0,0.0,0,0,0,1,0,0,0
3075,Personne physique,SALARIE,PC,CDI,CRIL1,Bon,0.0,0.0,0.0,0.0,0.0,0.0,0.0,0.0,0.0,0,0,0,1,0,0,0
3076,Personne physique,SALARIE,PC,CDI,CRIL1,Bon,0.0,0.0,0.0,0.0,0.0,0.0,0.0,0.0,0.0,0,0,0,1,0,0,0
3077,Personne physique,SALARIE,PC,CDI,CRIL1,Bon,0.0,0.0,0.0,0.0,0.0,0.0,0.0,0.0,0.0,0,0,0,1,0,0,0
3078,Personne physique,SALARIE,PC,CDI,CRIL1,Bon,0.0,0.0,0.0,0.0,0.0,0.0,0.0,0.0,0.0,0,0,0,1,0,0,0
3079,Personne physique,SALARIE,PC,CDI,CRIL1,Bon,0.0,0.0,0.0,0.0,0.0,0.0,0.0,0.0,0.0,0,0,0,1,0,0,0
3080,Personne physique,SALARIE,PC,CDI,CRIL1,Bon,0.0,0.0,0.0,0.0,0.0,0.0,0.0,0.0,0.0,0,0,0,1,0,0,0
3081,Personne physique,SALARIE,PC,CDI,CRIL1,Bon,0.0,0.0,0.0,0.0,0.0,0.0,0.0,0.0,0.0,0,0,0,1,0,0,0
3082,Personne physique,SALARIE,PC,CDI,CRIL1,Bon,0.0,0.0,0.0,0.0,0.0,0.0,0.0,0.0,0.0,0,0,0,1,0,0,0
3083,Personne physique,SALARIE,PC,CDI,CRIL1,Bon,0.0,0.0,0.0,0.0,0.0,0.0,0.0,0.0,0.0,0,0,0,1,0,0,0
3084,Personne physique,SALARIE,PC,CDI,CRIL1,Bon,0.0,0.0,0.0,0.0,0.0,0.0,0.0,0.0,0.0,0,0,0,1,0,0,0
3085,Personne physique,SALARIE,PC,CDI,CRIL1,Bon,0.0,0.0,0.0,0.0,0.0,0.0,0.0,0.0,0.0,0,0,0,1,0,0,0
3086,Personne physique,SALARIE,PC,CDI,CRIL1,Bon,0.0,0.0,0.0,0.0,0.0,0.0,0.0,0.0,0.0,0,0,0,1,0,0,0
3087,Personne physique,SALARIE,PC,CDI,CRIL1,Bon,0.0,0.0,0.0,0.0,0.0,0.0,0.0,0.0,0.0,0,0,0,1,0,0,0
3088,Personne physique,SALARIE,PC,CDI,CRIL1,Bon,0.0,0.0,0.0,0.0,0.0,0.0,0.0,0.0,0.0,0,0,0,1,0,0,0
3089,Personne physique,SALARIE,PC,CDI,CRIL1,Bon,0.0,0.0,0.0,0.0,0.0,0.0,0.0,0.0,0.0,0,0,0,1,0,0,0
3090,Personne physique,SALARIE,PC,CDI,CRIL1,Bon,0.0,0.0,0.0,0.0,0.0,0.0,0.0,0.0,0.0,0,0,0,1,0,0,0
3091,Personne physique,SALARIE,PC,CDI,CRIL1,Bon,0.0,0.0,0.0,0.0,0.0,0.0,0.0,0.0,0.0,0,0,0,1,0,0,0
3092,Personne physique,SALARIE,PC,CDI,CRIL1,Bon,0.0,0.0,0.0,0.0,0.0,0.0,0.0,0.0,0.0,0,0,0,1,0,0,0
3093,Personne physique,SALARIE,PC,CDI,CRIL1,Bon,0.0,0.0,0.0,0.0,0.0,0.0,0.0,0.0,0.0,0,0,0,1,0,0,0
3094,Personne physique,SALARIE,PC,CDI,CRIL1,Bon,0.0,0.0,0.0,0.0,0.0,0.0,0.0,0.0,0.0,0,0,0,1,0,0,0
3095,Personne physique,SALARIE,PC,CDI,CRIL1,Bon,0.0,0.0,0.0,0.0,0.0,0.0,0.0,0.0,0.0,0,0,0,1,0,0,0
3096,Personne physique,SALARIE,PC,CDI,CRIL1,Bon,0.0,0.0,0.0,0.0,0.0,0.0,0.0,0.0,0.0,0,0,0,1,0,0,0
3097,Personne physique,SALARIE,PC,CDI,CRIL1,Bon,0.0,0.0,0.0,0.0,0.0,0.0,0.0,0.0,0.0,0,0,0,1,0,0,0
3098,Personne physique,SALARIE,PC,CDI,CRIL1,Bon,0.0,0.0,0.0,0.0,0.0,0.0,0.0,0.0,0.0,0,0,0,1,0,0,0
3099,Personne physique,SALARIE,PC,CDI,CRIL1,Bon,0.0,0.0,0.0,0.0,0.0,0.0,0.0,0.0,0.0,0,0,0,1,0,0,0
3100,Personne physique,SALARIE,PC,CDI,CRIL1,Bon,0.0,0.0,0.0,0.0,0.0,0.0,0.0,0.0,0.0,0,0,0,1,0,0,0
3101,Personne physique,SALARIE,PC,CDI,CRIL1,Bon,0.0,0.0,0.0,0.0,0.0,0.0,0.0,0.0,0.0,0,0,0,1,0,0,0
3102,Personne physique,SALARIE,PC,CDI,CRIL1,Bon,0.0,0.0,0.0,0.0,0.0,0.0,0.0,0.0,0.0,0,0,0,1,0,0,0
3103,Personne physique,SALARIE,PC,CDI,CRIL1,Bon,0.0,0.0,0.0,0.0,0.0,0.0,0.0,0.0,0.0,0,0,0,1,0,0,0
3104,Personne physique,SALARIE,PC,CDI,CRIL1,Bon,0.0,0.0,0.0,0.0,0.0,0.0,0.0,0.0,0.0,0,0,0,1,0,0,0
3105,Personne physique,SALARIE,PC,CDI,CRIL1,Bon,0.0,0.0,0.0,0.0,0.0,0.0,0.0,0.0,0.0,0,0,0,1,0,0,0
3106,Personne physique,SALARIE,PC,CDI,CRIL1,Bon,0.0,0.0,0.0,0.0,0.0,0.0,0.0,0.0,0.0,0,0,0,1,0,0,0
3107,Personne physique,SALARIE,PC,CDI,CRIL1,Bon,0.0,0.0,0.0,0.0,0.0,0.0,0.0,0.0,0.0,0,0,0,1,0,0,0
3108,Personne physique,SALARIE,PC,CDI,CRIL1,Bon,0.0,0.0,0.0,0.0,0.0,0.0,0.0,0.0,0.0,0,0,0,1,0,0,0
3109,Personne physique,SALARIE,PC,CDI,CRIL1,Bon,0.0,0.0,0.0,0.0,0.0,0.0,0.0,0.0,0.0,0,0,0,1,0,0,0
3110,Personne physique,SALARIE,PC,CDI,CRIL1,Bon,0.0,0.0,0.0,0.0,0.0,0.0,0.0,0.0,0.0,0,0,0,1,0,0,0
3111,Personne physique,SALARIE,PC,CDI,CRIL1,Bon,0.0,0.0,0.0,0.0,0.0,0.0,0.0,0.0,0.0,0,0,0,1,0,0,0
3112,Personne physique,SALARIE,PC,CDI,CRIL1,Bon,0.0,0.0,0.0,0.0,0.0,0.0,0.0,0.0,0.0,0,0,0,1,0,0,0
3113,Personne physique,SALARIE,PC,CDI,CRIL1,Bon,0.0,0.0,0.0,0.0,0.0,0.0,0.0,0.0,0.0,0,0,0,1,0,0,0
3114,Personne physique,SALARIE,PC,CDI,CRIL1,Bon,0.0,0.0,0.0,0.0,0.0,0.0,0.0,0.0,0.0,0,0,0,1,0,0,0
3115,Personne physique,SALARIE,PC,CDI,CRIL1,Bon,0.0,0.0,0.0,0.0,0.0,0.0,0.0,0.0,0.0,0,0,0,1,0,0,0
3116,Personne physique,SALARIE,PC,CDI,CRIL1,Bon,0.0,0.0,0.0,0.0,0.0,0.0,0.0,0.0,0.0,0,0,0,1,0,0,0
3117,Personne physique,SALARIE,PC,CDI,CRIL1,Bon,0.0,0.0,0.0,0.0,0.0,0.0,0.0,0.0,0.0,0,0,0,1,0,0,0
3118,Personne physique,SALARIE,PC,CDI,CRIL1,Bon,0.0,0.0,0.0,0.0,0.0,0.0,0.0,0.0,0.0,0,0,0,1,0,0,0
3119,Personne physique,SALARIE,PC,CDI,CRIL1,Bon,0.0,0.0,0.0,0.0,0.0,0.0,0.0,0.0,0.0,0,0,0,1,0,0,0
3120,Personne physique,SALARIE,PC,CDI,CRIL1,Bon,0.0,0.0,0.0,0.0,0.0,0.0,0.0,0.0,0.0,0,0,0,1,0,0,0
3121,Personne physique,SALARIE,PC,CDI,CRIL1,Bon,0.0,0.0,0.0,0.0,0.0,0.0,0.0,0.0,0.0,0,0,0,1,0,0,0
3122,Personne physique,SALARIE,PC,CDI,CRIL1,Bon,0.0,0.0,0.0,0.0,0.0,0.0,0.0,0.0,0.0,0,0,0,1,0,0,0
3123,Personne physique,SALARIE,PC,CDI,CRIL1,Bon,0.0,0.0,0.0,0.0,0.0,0.0,0.0,0.0,0.0,0,0,0,1,0,0,0
3124,Personne physique,SALARIE,PC,CDI,CRIL1,Bon,0.0,0.0,0.0,0.0,0.0,0.0,0.0,0.0,0.0,0,0,0,1,0,0,0
3125,Personne physique,SALARIE,PC,CDI,CRIL1,Bon,0.0,0.0,0.0,0.0,0.0,0.0,0.0,0.0,0.0,0,0,0,1,0,0,0
3126,Personne physique,SALARIE,PC,CDI,CRIL1,Bon,0.0,0.0,0.0,0.0,0.0,0.0,0.0,0.0,0.0,0,0,0,1,0,0,0
3127,Personne physique,SALARIE,PC,CDI,CRIL1,Bon,0.0,0.0,0.0,0.0,0.0,0.0,0.0,0.0,0.0,0,0,0,1,0,0,0
3128,Personne physique,SALARIE,PC,CDI,CRIL1,Bon,0.0,0.0,0.0,0.0,0.0,0.0,0.0,0.0,0.0,0,0,0,1,0,0,0
3129,Personne physique,SALARIE,PC,CDI,CRIL1,Bon,0.0,0.0,0.0,0.0,0.0,0.0,0.0,0.0,0.0,0,0,0,1,0,0,0
3130,Personne physique,SALARIE,PC,CDI,CRIL1,Bon,0.0,0.0,0.0,0.0,0.0,0.0,0.0,0.0,0.0,0,0,0,1,0,0,0
3131,Personne physique,SALARIE,PC,CDI,CRIL1,Bon,0.0,0.0,0.0,0.0,0.0,0.0,0.0,0.0,0.0,0,0,0,1,0,0,0
3132,Personne physique,SALARIE,PC,CDI,CRIL1,Bon,0.0,0.0,0.0,0.0,0.0,0.0,0.0,0.0,0.0,0,0,0,1,0,0,0
3133,Personne physique,SALARIE,PC,CDI,CRIL1,Bon,0.0,0.0,0.0,0.0,0.0,0.0,0.0,0.0,0.0,0,0,0,1,0,0,0
3134,Personne physique,SALARIE,PC,CDI,CRIL1,Bon,0.0,0.0,0.0,0.0,0.0,0.0,0.0,0.0,0.0,0,0,0,1,0,0,0
3135,Personne physique,SALARIE,PC,CDI,CRIL1,Bon,0.0,0.0,0.0,0.0,0.0,0.0,0.0,0.0,0.0,0,0,0,1,0,0,0
3136,Personne physique,SALARIE,PC,CDI,CRIL1,Bon,0.0,0.0,0.0,0.0,0.0,0.0,0.0,0.0,0.0,0,0,0,1,0,0,0
3137,Personne physique,SALARIE,PC,CDI,CRIL1,Bon,0.0,0.0,0.0,0.0,0.0,0.0,0.0,0.0,0.0,0,0,0,1,0,0,0
3138,Personne physique,SALARIE,PC,CDI,CRIL1,Bon,0.0,0.0,0.0,0.0,0.0,0.0,0.0,0.0,0.0,0,0,0,1,0,0,0
3139,Personne physique,SALARIE,PC,CDI,CRIL1,Bon,0.0,0.0,0.0,0.0,0.0,0.0,0.0,0.0,0.0,0,0,0,1,0,0,0
3140,Personne physique,SALARIE,PC,CDI,CRIL1,Bon,0.0,0.0,0.0,0.0,0.0,0.0,0.0,0.0,0.0,0,0,0,1,0,0,0
3141,Personne physique,SALARIE,PC,CDI,CRIL1,Bon,0.0,0.0,0.0,0.0,0.0,0.0,0.0,0.0,0.0,0,0,0,1,0,0,0
3142,Personne physique,SALARIE,PC,CDI,CRIL1,Bon,0.0,0.0,0.0,0.0,0.0,0.0,0.0,0.0,0.0,0,0,0,1,0,0,0
3143,Personne physique,SALARIE,PC,CDI,CRIL1,Bon,0.0,0.0,0.0,0.0,0.0,0.0,0.0,0.0,0.0,0,0,0,1,0,0,0
3144,Personne physique,SALARIE,PC,CDI,CRIL1,Bon,0.0,0.0,0.0,0.0,0.0,0.0,0.0,0.0,0.0,0,0,0,1,0,0,0
3145,Personne physique,SALARIE,PC,CDI,CRIL1,Bon,0.0,0.0,0.0,0.0,0.0,0.0,0.0,0.0,0.0,0,0,0,1,0,0,0
3146,Personne physique,SALARIE,PC,CDI,CRIL1,Bon,0.0,0.0,0.0,0.0,0.0,0.0,0.0,0.0,0.0,0,0,0,1,0,0,0
3147,Personne physique,SALARIE,PC,CDI,CRIL1,Bon,0.0,0.0,0.0,0.0,0.0,0.0,0.0,0.0,0.0,0,0,0,1,0,0,0
3148,Personne physique,SALARIE,PC,CDI,CRIL1,Bon,0.0,0.0,0.0,0.0,0.0,0.0,0.0,0.0,0.0,0,0,0,1,0,0,0
3149,Personne physique,SALARIE,PC,CDI,CRIL1,Bon,0.0,0.0,0.0,0.0,0.0,0.0,0.0,0.0,0.0,0,0,0,1,0,0,0
3150,Personne physique,SALARIE,PC,CDI,CRIL1,Bon,0.0,0.0,0.0,0.0,0.0,0.0,0.0,0.0,0.0,0,0,0,1,0,0,0
3151,Personne physique,SALARIE,PC,CDI,CRIL1,Bon,0.0,0.0,0.0,0.0,0.0,0.0,0.0,0.0,0.0,0,0,0,1,0,0,0
3152,Personne physique,SALARIE,PC,CDI,CRIL1,Bon,0.0,0.0,0.0,0.0,0.0,0.0,0.0,0.0,0.0,0,0,0,1,0,0,0
3153,Personne physique,SALARIE,PC,CDI,CRIL1,Bon,0.0,0.0,0.0,0.0,0.0,0.0,0.0,0.0,0.0,0,0,0,1,0,0,0
3154,Personne physique,SALARIE,PC,CDI,CRIL1,Bon,0.0,0.0,0.0,0.0,0.0,0.0,0.0,0.0,0.0,0,0,0,1,0,0,0
3155,Personne physique,SALARIE,PC,CDI,CRIL1,Bon,0.0,0.0,0.0,0.0,0.0,0.0,0.0,0.0,0.0,0,0,0,1,0,0,0
3156,Personne physique,SALARIE,PC,CDI,CRIL1,Bon,0.0,0.0,0.0,0.0,0.0,0.0,0.0,0.0,0.0,0,0,0,1,0,0,0
3157,Personne physique,SALARIE,PC,CDI,CRIL1,Bon,0.0,0.0,0.0,0.0,0.0,0.0,0.0,0.0,0.0,0,0,0,1,0,0,0
3158,Personne physique,SALARIE,PC,CDI,CRIL1,Bon,0.0,0.0,0.0,0.0,0.0,0.0,0.0,0.0,0.0,0,0,0,1,0,0,0
3159,Personne physique,SALARIE,PC,CDI,CRIL1,Bon,0.0,0.0,0.0,0.0,0.0,0.0,0.0,0.0,0.0,0,0,0,1,0,0,0
3160,Personne physique,SALARIE,PC,CDI,CRIL1,Bon,0.0,0.0,0.0,0.0,0.0,0.0,0.0,0.0,0.0,0,0,0,1,0,0,0
3161,Personne physique,SALARIE,PC,CDI,CRIL1,Bon,0.0,0.0,0.0,0.0,0.0,0.0,0.0,0.0,0.0,0,0,0,1,0,0,0
3162,Personne physique,SALARIE,PC,CDI,CRIL1,Bon,0.0,0.0,0.0,0.0,0.0,0.0,0.0,0.0,0.0,0,0,0,1,0,0,0
3163,Personne physique,SALARIE,PC,CDI,CRIL1,Bon,0.0,0.0,0.0,0.0,0.0,0.0,0.0,0.0,0.0,0,0,0,1,0,0,0
3164,Personne physique,SALARIE,PC,CDI,CRIL1,Bon,0.0,0.0,0.0,0.0,0.0,0.0,0.0,0.0,0.0,0,0,0,1,0,0,0
3165,Personne physique,SALARIE,PC,CDI,CRIL1,Bon,0.0,0.0,0.0,0.0,0.0,0.0,0.0,0.0,0.0,0,0,0,1,0,0,0
3166,Personne physique,SALARIE,PC,CDI,CRIL1,Bon,0.0,0.0,0.0,0.0,0.0,0.0,0.0,0.0,0.0,0,0,0,1,0,0,0
3167,Personne physique,SALARIE,PC,CDI,CRIL1,Bon,0.0,0.0,0.0,0.0,0.0,0.0,0.0,0.0,0.0,0,0,0,1,0,0,0
3168,Personne physique,SALARIE,PC,CDI,CRIL1,Bon,0.0,0.0,0.0,0.0,0.0,0.0,0.0,0.0,0.0,0,0,0,1,0,0,0
3169,Personne physique,SALARIE,PC,CDI,CRIL1,Bon,0.0,0.0,0.0,0.0,0.0,0.0,0.0,0.0,0.0,0,0,0,1,0,0,0
3170,Personne physique,SALARIE,PC,CDI,CRIL1,Bon,0.0,0.0,0.0,0.0,0.0,0.0,0.0,0.0,0.0,0,0,0,1,0,0,0
3171,Personne physique,SALARIE,PC,CDI,CRIL1,Bon,0.0,0.0,0.0,0.0,0.0,0.0,0.0,0.0,0.0,0,0,0,1,0,0,0
3172,Personne physique,SALARIE,PC,CDI,CRIL1,Bon,0.0,0.0,0.0,0.0,0.0,0.0,0.0,0.0,0.0,0,0,0,1,0,0,0
3173,Personne physique,SALARIE,PC,CDI,CRIL1,Bon,0.0,0.0,0.0,0.0,0.0,0.0,0.0,0.0,0.0,0,0,0,1,0,0,0
3174,Personne physique,SALARIE,PC,CDI,CRIL1,Bon,0.0,0.0,0.0,0.0,0.0,0.0,0.0,0.0,0.0,0,0,0,1,0,0,0
3175,Personne physique,SALARIE,PC,CDI,CRIL1,Bon,0.0,0.0,0.0,0.0,0.0,0.0,0.0,0.0,0.0,0,0,0,1,0,0,0
3176,Personne physique,SALARIE,PC,CDI,CRIL1,Bon,0.0,0.0,0.0,0.0,0.0,0.0,0.0,0.0,0.0,0,0,0,1,0,0,0
3177,Personne physique,SALARIE,PC,CDI,CRIL1,Bon,0.0,0.0,0.0,0.0,0.0,0.0,0.0,0.0,0.0,0,0,0,1,0,0,0
3178,Personne physique,SALARIE,PC,CDI,CRIL1,Bon,0.0,0.0,0.0,0.0,0.0,0.0,0.0,0.0,0.0,0,0,0,1,0,0,0
3179,Personne physique,SALARIE,PC,CDI,CRIL1,Bon,0.0,0.0,0.0,0.0,0.0,0.0,0.0,0.0,0.0,0,0,0,1,0,0,0
3180,Personne physique,SALARIE,PC,CDI,CRIL1,Bon,0.0,0.0,0.0,0.0,0.0,0.0,0.0,0.0,0.0,0,0,0,1,0,0,0
3181,Personne physique,SALARIE,PC,CDI,CRIL1,Bon,0.0,0.0,0.0,0.0,0.0,0.0,0.0,0.0,0.0,0,0,0,1,0,0,0
3182,Personne physique,SALARIE,PC,CDI,CRIL1,Bon,0.0,0.0,0.0,0.0,0.0,0.0,0.0,0.0,0.0,0,0,0,1,0,0,0
3183,Personne physique,SALARIE,PC,CDI,CRIL1,Bon,0.0,0.0,0.0,0.0,0.0,0.0,0.0,0.0,0.0,0,0,0,1,0,0,0
3184,Personne physique,SALARIE,PC,CDI,CRIL1,Bon,0.0,0.0,0.0,0.0,0.0,0.0,0.0,0.0,0.0,0,0,0,1,0,0,0
3185,Personne physique,SALARIE,PC,CDI,CRIL1,Bon,0.0,0.0,0.0,0.0,0.0,0.0,0.0,0.0,0.0,0,0,0,1,0,0,0
3186,Personne physique,SALARIE,PC,CDI,CRIL1,Bon,0.0,0.0,0.0,0.0,0.0,0.0,0.0,0.0,0.0,0,0,0,1,0,0,0
3187,Personne physique,SALARIE,PC,CDI,CRIL1,Bon,0.0,0.0,0.0,0.0,0.0,0.0,0.0,0.0,0.0,0,0,0,1,0,0,0
3188,Personne physique,SALARIE,PC,CDI,CRIL1,Bon,0.0,0.0,0.0,0.0,0.0,0.0,0.0,0.0,0.0,0,0,0,1,0,0,0
3189,Personne physique,SALARIE,PC,CDI,CRIL1,Bon,0.0,0.0,0.0,0.0,0.0,0.0,0.0,0.0,0.0,0,0,0,1,0,0,0
3190,Personne physique,SALARIE,PC,CDI,CRIL1,Bon,0.0,0.0,0.0,0.0,0.0,0.0,0.0,0.0,0.0,0,0,0,1,0,0,0
3191,Personne physique,SALARIE,PC,CDI,CRIL1,Bon,0.0,0.0,0.0,0.0,0.0,0.0,0.0,0.0,0.0,0,0,0,1,0,0,0
3192,Personne physique,SALARIE,PC,CDI,CRIL1,Bon,0.0,0.0,0.0,0.0,0.0,0.0,0.0,0.0,0.0,0,0,0,1,0,0,0
3193,Personne physique,SALARIE,PC,CDI,CRIL1,Bon,0.0,0.0,0.0,0.0,0.0,0.0,0.0,0.0,0.0,0,0,0,1,0,0,0
3194,Personne physique,SALARIE,PC,CDI,CRIL1,Bon,0.0,0.0,0.0,0.0,0.0,0.0,0.0,0.0,0.0,0,0,0,1,0,0,0
3195,Personne physique,SALARIE,PC,CDI,CRIL1,Bon,0.0,0.0,0.0,0.0,0.0,0.0,0.0,0.0,0.0,0,0,0,1,0,0,0
3196,Personne physique,SALARIE,PC,CDI,CRIL1,Bon,0.0,0.0,0.0,0.0,0.0,0.0,0.0,0.0,0.0,0,0,0,1,0,0,0
3197,Personne physique,SALARIE,PC,CDI,CRIL1,Bon,0.0,0.0,0.0,0.0,0.0,0.0,0.0,0.0,0.0,0,0,0,1,0,0,0
3198,Personne physique,SALARIE,PC,CDI,CRIL1,Bon,0.0,0.0,0.0,0.0,0.0,0.0,0.0,0.0,0.0,0,0,0,1,0,0,0
3199,Personne physique,SALARIE,PC,CDI,CRIL1,Bon,0.0,0.0,0.0,0.0,0.0,0.0,0.0,0.0,0.0,0,0,0,1,0,0,0
3200,Personne physique,SALARIE,PC,CDI,CRIL1,Bon,0.0,0.0,0.0,0.0,0.0,0.0,0.0,0.0,0.0,0,0,0,1,0,0,0
3201,Personne physique,SALARIE,PC,CDI,CRIL1,Bon,0.0,0.0,0.0,0.0,0.0,0.0,0.0,0.0,0.0,0,0,0,1,0,0,0
3202,Personne physique,SALARIE,PC,CDI,CRIL1,Bon,0.0,0.0,0.0,0.0,0.0,0.0,0.0,0.0,0.0,0,0,0,1,0,0,0
3203,Personne physique,SALARIE,PC,CDI,CRIL1,Bon,0.0,0.0,0.0,0.0,0.0,0.0,0.0,0.0,0.0,0,0,0,1,0,0,0
3204,Personne physique,SALARIE,PC,CDI,CRIL1,Bon,0.0,0.0,0.0,0.0,0.0,0.0,0.0,0.0,0.0,0,0,0,1,0,0,0
3205,Personne physique,SALARIE,PC,CDI,CRIL1,Bon,0.0,0.0,0.0,0.0,0.0,0.0,0.0,0.0,0.0,0,0,0,1,0,0,0
3206,Personne physique,SALARIE,PC,CDI,CRIL1,Bon,0.0,0.0,0.0,0.0,0.0,0.0,0.0,0.0,0.0,0,0,0,1,0,0,0
3207,Personne physique,SALARIE,PC,CDI,CRIL1,Bon,0.0,0.0,0.0,0.0,0.0,0.0,0.0,0.0,0.0,0,0,0,1,0,0,0
3208,Personne physique,SALARIE,PC,CDI,CRIL1,Bon,0.0,0.0,0.0,0.0,0.0,0.0,0.0,0.0,0.0,0,0,0,1,0,0,0
3209,Personne physique,SALARIE,PC,CDI,CRIL1,Bon,0.0,0.0,0.0,0.0,0.0,0.0,0.0,0.0,0.0,0,0,0,1,0,0,0
3210,Personne physique,SALARIE,PC,CDI,CRIL1,Bon,0.0,0.0,0.0,0.0,0.0,0.0,0.0,0.0,0.0,0,0,0,1,0,0,0
3211,Personne physique,SALARIE,PC,CDI,CRIL1,Bon,0.0,0.0,0.0,0.0,0.0,0.0,0.0,0.0,0.0,0,0,0,1,0,0,0
3212,Personne physique,SALARIE,PC,CDI,CRIL1,Bon,0.0,0.0,0.0,0.0,0.0,0.0,0.0,0.0,0.0,0,0,0,1,0,0,0
3213,Personne physique,SALARIE,PC,CDI,CRIL1,Bon,0.0,0.0,0.0,0.0,0.0,0.0,0.0,0.0,0.0,0,0,0,1,0,0,0
3214,Personne physique,SALARIE,PC,CDI,CRIL1,Bon,0.0,0.0,0.0,0.0,0.0,0.0,0.0,0.0,0.0,0,0,0,1,0,0,0
3215,Personne physique,SALARIE,PC,CDI,CRIL1,Bon,0.0,0.0,0.0,0.0,0.0,0.0,0.0,0.0,0.0,0,0,0,1,0,0,0
3216,Personne physique,SALARIE,PC,CDI,CRIL1,Bon,0.0,0.0,0.0,0.0,0.0,0.0,0.0,0.0,0.0,0,0,0,1,0,0,0
3217,Personne physique,SALARIE,PC,CDI,CRIL1,Bon,0.0,0.0,0.0,0.0,0.0,0.0,0.0,0.0,0.0,0,0,0,1,0,0,0
3218,Personne physique,SALARIE,PC,CDI,CRIL1,Bon,0.0,0.0,0.0,0.0,0.0,0.0,0.0,0.0,0.0,0,0,0,1,0,0,0
3219,Personne physique,SALARIE,PC,CDI,CRIL1,Bon,0.0,0.0,0.0,0.0,0.0,0.0,0.0,0.0,0.0,0,0,0,1,0,0,0
3220,Personne physique,SALARIE,PC,CDI,CRIL1,Bon,0.0,0.0,0.0,0.0,0.0,0.0,0.0,0.0,0.0,0,0,0,1,0,0,0
3221,Personne physique,SALARIE,PC,CDI,CRIL1,Bon,0.0,0.0,0.0,0.0,0.0,0.0,0.0,0.0,0.0,0,0,0,1,0,0,0
3222,Personne physique,SALARIE,PC,CDI,CRIL1,Bon,0.0,0.0,0.0,0.0,0.0,0.0,0.0,0.0,0.0,0,0,0,1,0,0,0
3223,Personne physique,SALARIE,PC,CDI,CRIL1,Bon,0.0,0.0,0.0,0.0,0.0,0.0,0.0,0.0,0.0,0,0,0,1,0,0,0
3224,Personne physique,SALARIE,PC,CDI,CRIL1,Bon,0.0,0.0,0.0,0.0,0.0,0.0,0.0,0.0,0.0,0,0,0,1,0,0,0
3225,Personne physique,SALARIE,PC,CDI,CRIL1,Bon,0.0,0.0,0.0,0.0,0.0,0.0,0.0,0.0,0.0,0,0,0,1,0,0,0
3226,Personne physique,SALARIE,PC,CDI,CRIL1,Bon,0.0,0.0,0.0,0.0,0.0,0.0,0.0,0.0,0.0,0,0,0,1,0,0,0
3227,Personne physique,SALARIE,PC,CDI,CRIL1,Bon,0.0,0.0,0.0,0.0,0.0,0.0,0.0,0.0,0.0,0,0,0,1,0,0,0
3228,Personne physique,SALARIE,PC,CDI,CRIL1,Bon,0.0,0.0,0.0,0.0,0.0,0.0,0.0,0.0,0.0,0,0,0,1,0,0,0
3229,Personne physique,SALARIE,PC,CDI,CRIL1,Bon,0.0,0.0,0.0,0.0,0.0,0.0,0.0,0.0,0.0,0,0,0,1,0,0,0
3230,Personne physique,SALARIE,PC,CDI,CRIL1,Bon,0.0,0.0,0.0,0.0,0.0,0.0,0.0,0.0,0.0,0,0,0,1,0,0,0
3231,Personne physique,SALARIE,PC,CDI,CRIL1,Bon,0.0,0.0,0.0,0.0,0.0,0.0,0.0,0.0,0.0,0,0,0,1,0,0,0
3232,Personne physique,SALARIE,PC,CDI,CRIL1,Bon,0.0,0.0,0.0,0.0,0.0,0.0,0.0,0.0,0.0,0,0,0,1,0,0,0
3233,Personne physique,SALARIE,PC,CDI,CRIL1,Bon,0.0,0.0,0.0,0.0,0.0,0.0,0.0,0.0,0.0,0,0,0,1,0,0,0
3234,Personne physique,SALARIE,PC,CDI,CRIL1,Bon,0.0,0.0,0.0,0.0,0.0,0.0,0.0,0.0,0.0,0,0,0,1,0,0,0
3235,Personne physique,SALARIE,PC,CDI,CRIL1,Bon,0.0,0.0,0.0,0.0,0.0,0.0,0.0,0.0,0.0,0,0,0,1,0,0,0
3236,Personne physique,SALARIE,PC,CDI,CRIL1,Bon,0.0,0.0,0.0,0.0,0.0,0.0,0.0,0.0,0.0,0,0,0,1,0,0,0
3237,Personne physique,SALARIE,PC,CDI,CRIL1,Bon,0.0,0.0,0.0,0.0,0.0,0.0,0.0,0.0,0.0,0,0,0,1,0,0,0
3238,Personne physique,SALARIE,PC,CDI,CRIL1,Bon,0.0,0.0,0.0,0.0,0.0,0.0,0.0,0.0,0.0,0,0,0,1,0,0,0
3239,Personne physique,SALARIE,PC,CDI,CRIL1,Bon,0.0,0.0,0.0,0.0,0.0,0.0,0.0,0.0,0.0,0,0,0,1,0,0,0
3240,Personne physique,SALARIE,PC,CDI,CRIL1,Bon,0.0,0.0,0.0,0.0,0.0,0.0,0.0,0.0,0.0,0,0,0,1,0,0,0
3241,Personne physique,SALARIE,PC,CDI,CRIL1,Bon,0.0,0.0,0.0,0.0,0.0,0.0,0.0,0.0,0.0,0,0,0,1,0,0,0
3242,Personne physique,SALARIE,PC,CDI,CRIL1,Bon,0.0,0.0,0.0,0.0,0.0,0.0,0.0,0.0,0.0,0,0,0,1,0,0,0
3243,Personne physique,SALARIE,PC,CDI,CRIL1,Bon,0.0,0.0,0.0,0.0,0.0,0.0,0.0,0.0,0.0,0,0,0,1,0,0,0
3244,Personne physique,SALARIE,PC,CDI,CRIL1,Bon,0.0,0.0,0.0,0.0,0.0,0.0,0.0,0.0,0.0,0,0,0,1,0,0,0
3245,Personne physique,SALARIE,PC,CDI,CRIL1,Bon,0.0,0.0,0.0,0.0,0.0,0.0,0.0,0.0,0.0,0,0,0,1,0,0,0
3246,Personne physique,SALARIE,PC,CDI,CRIL1,Bon,0.0,0.0,0.0,0.0,0.0,0.0,0.0,0.0,0.0,0,0,0,1,0,0,0
3247,Personne physique,SALARIE,PC,CDI,CRIL1,Bon,0.0,0.0,0.0,0.0,0.0,0.0,0.0,0.0,0.0,0,0,0,1,0,0,0
3248,Personne physique,SALARIE,PC,CDI,CRIL1,Bon,0.0,0.0,0.0,0.0,0.0,0.0,0.0,0.0,0.0,0,0,0,1,0,0,0
3249,Personne physique,SALARIE,PC,CDI,CRIL1,Bon,0.0,0.0,0.0,0.0,0.0,0.0,0.0,0.0,0.0,0,0,0,1,0,0,0
3250,Personne physique,SALARIE,PC,CDI,CRIL1,Bon,0.0,0.0,0.0,0.0,0.0,0.0,0.0,0.0,0.0,0,0,0,1,0,0,0
3251,Personne physique,SALARIE,PC,CDI,CRIL1,Bon,0.0,0.0,0.0,0.0,0.0,0.0,0.0,0.0,0.0,0,0,0,1,0,0,0
3252,Personne physique,SALARIE,PC,CDI,CRIL1,Bon,0.0,0.0,0.0,0.0,0.0,0.0,0.0,0.0,0.0,0,0,0,1,0,0,0
3253,Personne physique,SALARIE,PC,CDI,CRIL1,Bon,0.0,0.0,0.0,0.0,0.0,0.0,0.0,0.0,0.0,0,0,0,1,0,0,0
3254,Personne physique,SALARIE,PC,CDI,CRIL1,Bon,0.0,0.0,0.0,0.0,0.0,0.0,0.0,0.0,0.0,0,0,0,1,0,0,0
3255,Personne physique,SALARIE,PC,CDI,CRIL1,Bon,0.0,0.0,0.0,0.0,0.0,0.0,0.0,0.0,0.0,0,0,0,1,0,0,0
3256,Personne physique,SALARIE,PC,CDI,CRIL1,Bon,0.0,0.0,0.0,0.0,0.0,0.0,0.0,0.0,0.0,0,0,0,1,0,0,0
3257,Personne physique,SALARIE,PC,CDI,CRIL1,Bon,0.0,0.0,0.0,0.0,0.0,0.0,0.0,0.0,0.0,0,0,0,1,0,0,0
3258,Personne physique,SALARIE,PC,CDI,CRIL1,Bon,0.0,0.0,0.0,0.0,0.0,0.0,0.0,0.0,0.0,0,0,0,1,0,0,0
3259,Personne physique,SALARIE,PC,CDI,CRIL1,Bon,0.0,0.0,0.0,0.0,0.0,0.0,0.0,0.0,0.0,0,0,0,1,0,0,0
3260,Personne physique,SALARIE,PC,CDI,CRIL1,Bon,0.0,0.0,0.0,0.0,0.0,0.0,0.0,0.0,0.0,0,0,0,1,0,0,0
3261,Personne physique,SALARIE,PC,CDI,CRIL1,Bon,0.0,0.0,0.0,0.0,0.0,0.0,0.0,0.0,0.0,0,0,0,1,0,0,0
3262,Personne physique,SALARIE,PC,CDI,CRIL1,Bon,0.0,0.0,0.0,0.0,0.0,0.0,0.0,0.0,0.0,0,0,0,1,0,0,0
3263,Personne physique,SALARIE,PC,CDI,CRIL1,Bon,0.0,0.0,0.0,0.0,0.0,0.0,0.0,0.0,0.0,0,0,0,1,0,0,0
3264,Personne physique,SALARIE,PC,CDI,CRIL1,Bon,0.0,0.0,0.0,0.0,0.0,0.0,0.0,0.0,0.0,0,0,0,1,0,0,0
3265,Personne physique,SALARIE,PC,CDI,CRIL1,Bon,0.0,0.0,0.0,0.0,0.0,0.0,0.0,0.0,0.0,0,0,0,1,0,0,0
3266,Personne physique,SALARIE,PC,CDI,CRIL1,Bon,0.0,0.0,0.0,0.0,0.0,0.0,0.0,0.0,0.0,0,0,0,1,0,0,0
3267,Personne physique,SALARIE,PC,CDI,CRIL1,Bon,0.0,0.0,0.0,0.0,0.0,0.0,0.0,0.0,0.0,0,0,0,1,0,0,0
3268,Personne physique,SALARIE,PC,CDI,CRIL1,Bon,0.0,0.0,0.0,0.0,0.0,0.0,0.0,0.0,0.0,0,0,0,1,0,0,0
3269,Personne physique,SALARIE,PC,CDI,CRIL1,Bon,0.0,0.0,0.0,0.0,0.0,0.0,0.0,0.0,0.0,0,0,0,1,0,0,0
3270,Personne physique,SALARIE,PC,CDI,CRIL1,Bon,0.0,0.0,0.0,0.0,0.0,0.0,0.0,0.0,0.0,0,0,0,1,0,0,0
3271,Personne physique,SALARIE,PC,CDI,CRIL1,Bon,0.0,0.0,0.0,0.0,0.0,0.0,0.0,0.0,0.0,0,0,0,1,0,0,0
3272,Personne physique,SALARIE,PC,CDI,CRIL1,Bon,0.0,0.0,0.0,0.0,0.0,0.0,0.0,0.0,0.0,0,0,0,1,0,0,0
3273,Personne physique,SALARIE,PC,CDI,CRIL1,Bon,0.0,0.0,0.0,0.0,0.0,0.0,0.0,0.0,0.0,0,0,0,1,0,0,0
3274,Personne physique,SALARIE,PC,CDI,CRIL1,Bon,0.0,0.0,0.0,0.0,0.0,0.0,0.0,0.0,0.0,0,0,0,1,0,0,0
3275,Personne physique,SALARIE,PC,CDI,CRIL1,Bon,0.0,0.0,0.0,0.0,0.0,0.0,0.0,0.0,0.0,0,0,0,1,0,0,0
3276,Personne physique,SALARIE,PC,CDI,CRIL1,Bon,0.0,0.0,0.0,0.0,0.0,0.0,0.0,0.0,0.0,0,0,0,1,0,0,0
3277,Personne physique,SALARIE,PC,CDI,CRIL1,Bon,0.0,0.0,0.0,0.0,0.0,0.0,0.0,0.0,0.0,0,0,0,1,0,0,0
3278,Personne physique,SALARIE,PC,CDI,CRIL1,Bon,0.0,0.0,0.0,0.0,0.0,0.0,0.0,0.0,0.0,0,0,0,1,0,0,0
3279,Personne physique,SALARIE,PC,CDI,CRIL1,Bon,0.0,0.0,0.0,0.0,0.0,0.0,0.0,0.0,0.0,0,0,0,1,0,0,0
3280,Personne physique,SALARIE,PC,CDI,CRIL1,Bon,0.0,0.0,0.0,0.0,0.0,0.0,0.0,0.0,0.0,0,0,0,1,0,0,0
3281,Personne physique,SALARIE,PC,CDI,CRIL1,Bon,0.0,0.0,0.0,0.0,0.0,0.0,0.0,0.0,0.0,0,0,0,1,0,0,0
3282,Personne physique,SALARIE,PC,CDI,CRIL1,Bon,0.0,0.0,0.0,0.0,0.0,0.0,0.0,0.0,0.0,0,0,0,1,0,0,0
3283,Personne physique,SALARIE,PC,CDI,CRIL1,Bon,0.0,0.0,0.0,0.0,0.0,0.0,0.0,0.0,0.0,0,0,0,1,0,0,0
3284,Personne physique,SALARIE,PC,CDI,CRIL1,Bon,0.0,0.0,0.0,0.0,0.0,0.0,0.0,0.0,0.0,0,0,0,1,0,0,0
3285,Personne physique,SALARIE,PC,CDI,CRIL1,Bon,0.0,0.0,0.0,0.0,0.0,0.0,0.0,0.0,0.0,0,0,0,1,0,0,0
3286,Personne physique,SALARIE,PC,CDI,CRIL1,Bon,0.0,0.0,0.0,0.0,0.0,0.0,0.0,0.0,0.0,0,0,0,1,0,0,0
3287,Personne physique,SALARIE,PC,CDI,CRIL1,Bon,0.0,0.0,0.0,0.0,0.0,0.0,0.0,0.0,0.0,0,0,0,1,0,0,0
3288,Personne physique,SALARIE,PC,CDI,CRIL1,Bon,0.0,0.0,0.0,0.0,0.0,0.0,0.0,0.0,0.0,0,0,0,1,0,0,0
3289,Personne physique,SALARIE,PC,CDI,CRIL1,Bon,0.0,0.0,0.0,0.0,0.0,0.0,0.0,0.0,0.0,0,0,0,1,0,0,0
3290,Personne physique,SALARIE,PC,CDI,CRIL1,Bon,0.0,0.0,0.0,0.0,0.0,0.0,0.0,0.0,0.0,0,0,0,1,0,0,0
3291,Personne physique,SALARIE,PC,CDI,CRIL1,Bon,0.0,0.0,0.0,0.0,0.0,0.0,0.0,0.0,0.0,0,0,0,1,0,0,0
3292,Personne physique,SALARIE,PC,CDI,CRIL1,Bon,0.0,0.0,0.0,0.0,0.0,0.0,0.0,0.0,0.0,0,0,0,1,0,0,0
3293,Personne physique,SALARIE,PC,CDI,CRIL1,Bon,0.0,0.0,0.0,0.0,0.0,0.0,0.0,0.0,0.0,0,0,0,1,0,0,0
3294,Personne physique,SALARIE,PC,CDI,CRIL1,Bon,0.0,0.0,0.0,0.0,0.0,0.0,0.0,0.0,0.0,0,0,0,1,0,0,0
3295,Personne physique,SALARIE,PC,CDI,CRIL1,Bon,0.0,0.0,0.0,0.0,0.0,0.0,0.0,0.0,0.0,0,0,0,1,0,0,0
3296,Personne physique,SALARIE,PC,CDI,CRIL1,Bon,0.0,0.0,0.0,0.0,0.0,0.0,0.0,0.0,0.0,0,0,0,1,0,0,0
3297,Personne physique,SALARIE,PC,CDI,CRIL1,Bon,0.0,0.0,0.0,0.0,0.0,0.0,0.0,0.0,0.0,0,0,0,1,0,0,0
3298,Personne physique,SALARIE,PC,CDI,CRIL1,Bon,0.0,0.0,0.0,0.0,0.0,0.0,0.0,0.0,0.0,0,0,0,1,0,0,0
3299,Personne physique,SALARIE,PC,CDI,CRIL1,Bon,0.0,0.0,0.0,0.0,0.0,0.0,0.0,0.0,0.0,0,0,0,1,0,0,0
3300,Personne physique,SALARIE,PC,CDI,CRIL1,Bon,0.0,0.0,0.0,0.0,0.0,0.0,0.0,0.0,0.0,0,0,0,1,0,0,0
3301,Personne physique,SALARIE,PC,CDI,CRIL1,Bon,0.0,0.0,0.0,0.0,0.0,0.0,0.0,0.0,0.0,0,0,0,1,0,0,0
3302,Personne physique,SALARIE,PC,CDI,CRIL1,Bon,0.0,0.0,0.0,0.0,0.0,0.0,0.0,0.0,0.0,0,0,0,1,0,0,0
3303,Personne physique,SALARIE,PC,CDI,CRIL1,Bon,0.0,0.0,0.0,0.0,0.0,0.0,0.0,0.0,0.0,0,0,0,1,0,0,0
3304,Personne physique,SALARIE,PC,CDI,CRIL1,Bon,0.0,0.0,0.0,0.0,0.0,0.0,0.0,0.0,0.0,0,0,0,1,0,0,0
3305,Personne physique,SALARIE,PC,CDI,CRIL1,Bon,0.0,0.0,0.0,0.0,0.0,0.0,0.0,0.0,0.0,0,0,0,1,0,0,0
3306,Personne physique,SALARIE,PC,CDI,CRIL1,Bon,0.0,0.0,0.0,0.0,0.0,0.0,0.0,0.0,0.0,0,0,0,1,0,0,0
3307,Personne physique,SALARIE,PC,CDI,CRIL1,Bon,0.0,0.0,0.0,0.0,0.0,0.0,0.0,0.0,0.0,0,0,0,1,0,0,0
3308,Personne physique,SALARIE,PC,CDI,CRIL1,Bon,0.0,0.0,0.0,0.0,0.0,0.0,0.0,0.0,0.0,0,0,0,1,0,0,0
3309,Personne physique,SALARIE,PC,CDI,CRIL1,Bon,0.0,0.0,0.0,0.0,0.0,0.0,0.0,0.0,0.0,0,0,0,1,0,0,0
3310,Personne physique,SALARIE,PC,CDI,CRIL1,Bon,0.0,0.0,0.0,0.0,0.0,0.0,0.0,0.0,0.0,0,0,0,1,0,0,0
3311,Personne physique,SALARIE,PC,CDI,CRIL1,Bon,0.0,0.0,0.0,0.0,0.0,0.0,0.0,0.0,0.0,0,0,0,1,0,0,0
3312,Personne physique,SALARIE,PC,CDI,CRIL1,Bon,0.0,0.0,0.0,0.0,0.0,0.0,0.0,0.0,0.0,0,0,0,1,0,0,0
3313,Personne physique,SALARIE,PC,CDI,CRIL1,Bon,0.0,0.0,0.0,0.0,0.0,0.0,0.0,0.0,0.0,0,0,0,1,0,0,0
3314,Personne physique,SALARIE,PC,CDI,CRIL1,Bon,0.0,0.0,0.0,0.0,0.0,0.0,0.0,0.0,0.0,0,0,0,1,0,0,0
3315,Personne physique,SALARIE,PC,CDI,CRIL1,Bon,0.0,0.0,0.0,0.0,0.0,0.0,0.0,0.0,0.0,0,0,0,1,0,0,0
3316,Personne physique,SALARIE,PC,CDI,CRIL1,Bon,0.0,0.0,0.0,0.0,0.0,0.0,0.0,0.0,0.0,0,0,0,1,0,0,0
3317,Personne physique,SALARIE,PC,CDI,CRIL1,Bon,0.0,0.0,0.0,0.0,0.0,0.0,0.0,0.0,0.0,0,0,0,1,0,0,0
3318,Personne physique,SALARIE,PC,CDI,CRIL1,Bon,0.0,0.0,0.0,0.0,0.0,0.0,0.0,0.0,0.0,0,0,0,1,0,0,0
3319,Personne physique,SALARIE,PC,CDI,CRIL1,Bon,0.0,0.0,0.0,0.0,0.0,0.0,0.0,0.0,0.0,0,0,0,1,0,0,0
3320,Personne physique,SALARIE,PC,CDI,CRIL1,Bon,0.0,0.0,0.0,0.0,0.0,0.0,0.0,0.0,0.0,0,0,0,1,0,0,0
3321,Personne physique,SALARIE,PC,CDI,CRIL1,Bon,0.0,0.0,0.0,0.0,0.0,0.0,0.0,0.0,0.0,0,0,0,1,0,0,0
3322,Personne physique,SALARIE,PC,CDI,CRIL1,Bon,0.0,0.0,0.0,0.0,0.0,0.0,0.0,0.0,0.0,0,0,0,1,0,0,0
3323,Personne physique,SALARIE,PC,CDI,CRIL1,Bon,0.0,0.0,0.0,0.0,0.0,0.0,0.0,0.0,0.0,0,0,0,1,0,0,0
3324,Personne physique,SALARIE,PC,CDI,CRIL1,Bon,0.0,0.0,0.0,0.0,0.0,0.0,0.0,0.0,0.0,0,0,0,1,0,0,0
3325,Personne physique,SALARIE,PC,CDI,CRIL1,Bon,0.0,0.0,0.0,0.0,0.0,0.0,0.0,0.0,0.0,0,0,0,1,0,0,0
3326,Personne physique,SALARIE,PC,CDI,CRIL1,Bon,0.0,0.0,0.0,0.0,0.0,0.0,0.0,0.0,0.0,0,0,0,1,0,0,0
3327,Personne physique,SALARIE,PC,CDI,CRIL1,Bon,0.0,0.0,0.0,0.0,0.0,0.0,0.0,0.0,0.0,0,0,0,1,0,0,0
3328,Personne physique,SALARIE,PC,CDI,CRIL1,Bon,0.0,0.0,0.0,0.0,0.0,0.0,0.0,0.0,0.0,0,0,0,1,0,0,0
3329,Personne physique,SALARIE,PC,CDI,CRIL1,Bon,0.0,0.0,0.0,0.0,0.0,0.0,0.0,0.0,0.0,0,0,0,1,0,0,0
3330,Personne physique,SALARIE,PC,CDI,CRIL1,Bon,0.0,0.0,0.0,0.0,0.0,0.0,0.0,0.0,0.0,0,0,0,1,0,0,0
3331,Personne physique,SALARIE,PC,CDI,CRIL1,Bon,0.0,0.0,0.0,0.0,0.0,0.0,0.0,0.0,0.0,0,0,0,1,0,0,0
3332,Personne physique,SALARIE,PC,CDI,CRIL1,Bon,0.0,0.0,0.0,0.0,0.0,0.0,0.0,0.0,0.0,0,0,0,1,0,0,0
3333,Personne physique,SALARIE,PC,CDI,CRIL1,Bon,0.0,0.0,0.0,0.0,0.0,0.0,0.0,0.0,0.0,0,0,0,1,0,0,0
3334,Personne physique,SALARIE,PC,CDI,CRIL1,Bon,0.0,0.0,0.0,0.0,0.0,0.0,0.0,0.0,0.0,0,0,0,1,0,0,0
3335,Personne physique,SALARIE,PC,CDI,CRIL1,Bon,0.0,0.0,0.0,0.0,0.0,0.0,0.0,0.0,0.0,0,0,0,1,0,0,0
3336,Personne physique,SALARIE,PC,CDI,CRIL1,Bon,0.0,0.0,0.0,0.0,0.0,0.0,0.0,0.0,0.0,0,0,0,1,0,0,0
3337,Personne physique,SALARIE,PC,CDI,CRIL1,Bon,0.0,0.0,0.0,0.0,0.0,0.0,0.0,0.0,0.0,0,0,0,1,0,0,0
3338,Personne physique,SALARIE,PC,CDI,CRIL1,Bon,0.0,0.0,0.0,0.0,0.0,0.0,0.0,0.0,0.0,0,0,0,1,0,0,0
3339,Personne physique,SALARIE,PC,CDI,CRIL1,Bon,0.0,0.0,0.0,0.0,0.0,0.0,0.0,0.0,0.0,0,0,0,1,0,0,0
3340,Personne physique,SALARIE,PC,CDI,CRIL1,Bon,0.0,0.0,0.0,0.0,0.0,0.0,0.0,0.0,0.0,0,0,0,1,0,0,0
3341,Personne physique,SALARIE,PC,CDI,CRIL1,Bon,0.0,0.0,0.0,0.0,0.0,0.0,0.0,0.0,0.0,0,0,0,1,0,0,0
3342,Personne physique,SALARIE,PC,CDI,CRIL1,Bon,0.0,0.0,0.0,0.0,0.0,0.0,0.0,0.0,0.0,0,0,0,1,0,0,0
3343,Personne physique,SALARIE,PC,CDI,CRIL1,Bon,0.0,0.0,0.0,0.0,0.0,0.0,0.0,0.0,0.0,0,0,0,1,0,0,0
3344,Personne physique,SALARIE,PC,CDI,CRIL1,Bon,0.0,0.0,0.0,0.0,0.0,0.0,0.0,0.0,0.0,0,0,0,1,0,0,0
3345,Personne physique,SALARIE,PC,CDI,CRIL1,Bon,0.0,0.0,0.0,0.0,0.0,0.0,0.0,0.0,0.0,0,0,0,1,0,0,0
3346,Personne physique,SALARIE,PC,CDI,CRIL1,Bon,0.0,0.0,0.0,0.0,0.0,0.0,0.0,0.0,0.0,0,0,0,1,0,0,0
3347,Personne physique,SALARIE,PC,CDI,CRIL1,Bon,0.0,0.0,0.0,0.0,0.0,0.0,0.0,0.0,0.0,0,0,0,1,0,0,0
3348,Personne physique,SALARIE,PC,CDI,CRIL1,Bon,0.0,0.0,0.0,0.0,0.0,0.0,0.0,0.0,0.0,0,0,0,1,0,0,0
3349,Personne physique,SALARIE,PC,CDI,CRIL1,Bon,0.0,0.0,0.0,0.0,0.0,0.0,0.0,0.0,0.0,0,0,0,1,0,0,0
3350,Personne physique,SALARIE,PC,CDI,CRIL1,Bon,0.0,0.0,0.0,0.0,0.0,0.0,0.0,0.0,0.0,0,0,0,1,0,0,0
3351,Personne physique,SALARIE,PC,CDI,CRIL1,Bon,0.0,0.0,0.0,0.0,0.0,0.0,0.0,0.0,0.0,0,0,0,1,0,0,0
3352,Personne physique,SALARIE,PC,CDI,CRIL1,Bon,0.0,0.0,0.0,0.0,0.0,0.0,0.0,0.0,0.0,0,0,0,1,0,0,0
3353,Personne physique,SALARIE,PC,CDI,CRIL1,Bon,0.0,0.0,0.0,0.0,0.0,0.0,0.0,0.0,0.0,0,0,0,1,0,0,0
3354,Personne physique,SALARIE,PC,CDI,CRIL1,Bon,0.0,0.0,0.0,0.0,0.0,0.0,0.0,0.0,0.0,0,0,0,1,0,0,0
3355,Personne physique,SALARIE,PC,CDI,CRIL1,Bon,0.0,0.0,0.0,0.0,0.0,0.0,0.0,0.0,0.0,0,0,0,1,0,0,0
3356,Personne physique,SALARIE,PC,CDI,CRIL1,Bon,0.0,0.0,0.0,0.0,0.0,0.0,0.0,0.0,0.0,0,0,0,1,0,0,0
3357,Personne physique,SALARIE,PC,CDI,CRIL1,Bon,0.0,0.0,0.0,0.0,0.0,0.0,0.0,0.0,0.0,0,0,0,1,0,0,0
3358,Personne physique,SALARIE,PC,CDI,CRIL1,Bon,0.0,0.0,0.0,0.0,0.0,0.0,0.0,0.0,0.0,0,0,0,1,0,0,0
3359,Personne physique,SALARIE,PC,CDI,CRIL1,Bon,0.0,0.0,0.0,0.0,0.0,0.0,0.0,0.0,0.0,0,0,0,1,0,0,0
3360,Personne physique,SALARIE,PC,CDI,CRIL1,Bon,0.0,0.0,0.0,0.0,0.0,0.0,0.0,0.0,0.0,0,0,0,1,0,0,0
3361,Personne physique,SALARIE,PC,CDI,CRIL1,Bon,0.0,0.0,0.0,0.0,0.0,0.0,0.0,0.0,0.0,0,0,0,1,0,0,0
3362,Personne physique,SALARIE,PC,CDI,CRIL1,Bon,0.0,0.0,0.0,0.0,0.0,0.0,0.0,0.0,0.0,0,0,0,1,0,0,0
3363,Personne physique,SALARIE,PC,CDI,CRIL1,Bon,0.0,0.0,0.0,0.0,0.0,0.0,0.0,0.0,0.0,0,0,0,1,0,0,0
3364,Personne physique,SALARIE,PC,CDI,CRIL1,Bon,0.0,0.0,0.0,0.0,0.0,0.0,0.0,0.0,0.0,0,0,0,1,0,0,0
3365,Personne physique,SALARIE,PC,CDI,CRIL1,Bon,0.0,0.0,0.0,0.0,0.0,0.0,0.0,0.0,0.0,0,0,0,1,0,0,0
3366,Personne physique,SALARIE,PC,CDI,CRIL1,Bon,0.0,0.0,0.0,0.0,0.0,0.0,0.0,0.0,0.0,0,0,0,1,0,0,0
3367,Personne physique,SALARIE,PC,CDI,CRIL1,Bon,0.0,0.0,0.0,0.0,0.0,0.0,0.0,0.0,0.0,0,0,0,1,0,0,0
3368,Personne physique,SALARIE,PC,CDI,CRIL1,Bon,0.0,0.0,0.0,0.0,0.0,0.0,0.0,0.0,0.0,0,0,0,1,0,0,0
3369,Personne physique,SALARIE,PC,CDI,CRIL1,Bon,0.0,0.0,0.0,0.0,0.0,0.0,0.0,0.0,0.0,0,0,0,1,0,0,0
3370,Personne physique,SALARIE,PC,CDI,CRIL1,Bon,0.0,0.0,0.0,0.0,0.0,0.0,0.0,0.0,0.0,0,0,0,1,0,0,0
3371,Personne physique,SALARIE,PC,CDI,CRIL1,Bon,0.0,0.0,0.0,0.0,0.0,0.0,0.0,0.0,0.0,0,0,0,1,0,0,0
3372,Personne physique,SALARIE,PC,CDI,CRIL1,Bon,0.0,0.0,0.0,0.0,0.0,0.0,0.0,0.0,0.0,0,0,0,1,0,0,0
3373,Personne physique,SALARIE,PC,CDI,CRIL1,Bon,0.0,0.0,0.0,0.0,0.0,0.0,0.0,0.0,0.0,0,0,0,1,0,0,0
3374,Personne physique,SALARIE,PC,CDI,CRIL1,Bon,0.0,0.0,0.0,0.0,0.0,0.0,0.0,0.0,0.0,0,0,0,1,0,0,0
3375,Personne physique,SALARIE,PC,CDI,CRIL1,Bon,0.0,0.0,0.0,0.0,0.0,0.0,0.0,0.0,0.0,0,0,0,1,0,0,0
3376,Personne physique,SALARIE,PC,CDI,CRIL1,Bon,0.0,0.0,0.0,0.0,0.0,0.0,0.0,0.0,0.0,0,0,0,1,0,0,0
3377,Personne physique,SALARIE,PC,CDI,CRIL1,Bon,0.0,0.0,0.0,0.0,0.0,0.0,0.0,0.0,0.0,0,0,0,1,0,0,0
3378,Personne physique,SALARIE,PC,CDI,CRIL1,Bon,0.0,0.0,0.0,0.0,0.0,0.0,0.0,0.0,0.0,0,0,0,1,0,0,0
3379,Personne physique,SALARIE,PC,CDI,CRIL1,Bon,0.0,0.0,0.0,0.0,0.0,0.0,0.0,0.0,0.0,0,0,0,1,0,0,0
3380,Personne physique,SALARIE,PC,CDI,CRIL1,Bon,0.0,0.0,0.0,0.0,0.0,0.0,0.0,0.0,0.0,0,0,0,1,0,0,0
3381,Personne physique,SALARIE,PC,CDI,CRIL1,Bon,0.0,0.0,0.0,0.0,0.0,0.0,0.0,0.0,0.0,0,0,0,1,0,0,0
3382,Personne physique,SALARIE,PC,CDI,CRIL1,Bon,0.0,0.0,0.0,0.0,0.0,0.0,0.0,0.0,0.0,0,0,0,1,0,0,0
3383,Personne physique,SALARIE,PC,CDI,CRIL1,Bon,0.0,0.0,0.0,0.0,0.0,0.0,0.0,0.0,0.0,0,0,0,1,0,0,0
3384,Personne physique,SALARIE,PC,CDI,CRIL1,Bon,0.0,0.0,0.0,0.0,0.0,0.0,0.0,0.0,0.0,0,0,0,1,0,0,0
3385,Personne physique,SALARIE,PC,CDI,CRIL1,Bon,0.0,0.0,0.0,0.0,0.0,0.0,0.0,0.0,0.0,0,0,0,1,0,0,0
3386,Personne physique,SALARIE,PC,CDI,CRIL1,Bon,0.0,0.0,0.0,0.0,0.0,0.0,0.0,0.0,0.0,0,0,0,1,0,0,0
3387,Personne physique,SALARIE,PC,CDI,CRIL1,Bon,0.0,0.0,0.0,0.0,0.0,0.0,0.0,0.0,0.0,0,0,0,1,0,0,0
3388,Personne physique,SALARIE,PC,CDI,CRIL1,Bon,0.0,0.0,0.0,0.0,0.0,0.0,0.0,0.0,0.0,0,0,0,1,0,0,0
3389,Personne physique,SALARIE,PC,CDI,CRIL1,Bon,0.0,0.0,0.0,0.0,0.0,0.0,0.0,0.0,0.0,0,0,0,1,0,0,0
3390,Personne physique,SALARIE,PC,CDI,CRIL1,Bon,0.0,0.0,0.0,0.0,0.0,0.0,0.0,0.0,0.0,0,0,0,1,0,0,0
3391,Personne physique,SALARIE,PC,CDI,CRIL1,Bon,0.0,0.0,0.0,0.0,0.0,0.0,0.0,0.0,0.0,0,0,0,1,0,0,0
3392,Personne physique,SALARIE,PC,CDI,CRIL1,Bon,0.0,0.0,0.0,0.0,0.0,0.0,0.0,0.0,0.0,0,0,0,1,0,0,0
3393,Personne physique,SALARIE,PC,CDI,CRIL1,Bon,0.0,0.0,0.0,0.0,0.0,0.0,0.0,0.0,0.0,0,0,0,1,0,0,0
3394,Personne physique,SALARIE,PC,CDI,CRIL1,Bon,0.0,0.0,0.0,0.0,0.0,0.0,0.0,0.0,0.0,0,0,0,1,0,0,0
3395,Personne physique,SALARIE,PC,CDI,CRIL1,Bon,0.0,0.0,0.0,0.0,0.0,0.0,0.0,0.0,0.0,0,0,0,1,0,0,0
3396,Personne physique,SALARIE,PC,CDI,CRIL1,Bon,0.0,0.0,0.0,0.0,0.0,0.0,0.0,0.0,0.0,0,0,0,1,0,0,0
3397,Personne physique,SALARIE,PC,CDI,CRIL1,Bon,0.0,0.0,0.0,0.0,0.0,0.0,0.0,0.0,0.0,0,0,0,1,0,0,0
3398,Personne physique,SALARIE,PC,CDI,CRIL1,Bon,0.0,0.0,0.0,0.0,0.0,0.0,0.0,0.0,0.0,0,0,0,1,0,0,0
3399,Personne physique,SALARIE,PC,CDI,CRIL1,Bon,0.0,0.0,0.0,0.0,0.0,0.0,0.0,0.0,0.0,0,0,0,1,0,0,0
3400,Personne physique,SALARIE,PC,CDI,CRIL1,Bon,0.0,0.0,0.0,0.0,0.0,0.0,0.0,0.0,0.0,0,0,0,1,0,0,0
3401,Personne physique,SALARIE,PC,CDI,CRIL1,Bon,0.0,0.0,0.0,0.0,0.0,0.0,0.0,0.0,0.0,0,0,0,1,0,0,0
3402,Personne physique,SALARIE,PC,CDI,CRIL1,Bon,0.0,0.0,0.0,0.0,0.0,0.0,0.0,0.0,0.0,0,0,0,1,0,0,0
3403,Personne physique,SALARIE,PC,CDI,CRIL1,Bon,0.0,0.0,0.0,0.0,0.0,0.0,0.0,0.0,0.0,0,0,0,1,0,0,0
3404,Personne physique,SALARIE,PC,CDI,CRIL1,Bon,0.0,0.0,0.0,0.0,0.0,0.0,0.0,0.0,0.0,0,0,0,1,0,0,0
3405,Personne physique,SALARIE,PC,CDI,CRIL1,Bon,0.0,0.0,0.0,0.0,0.0,0.0,0.0,0.0,0.0,0,0,0,1,0,0,0
3406,Personne physique,SALARIE,PC,CDI,CRIL1,Bon,0.0,0.0,0.0,0.0,0.0,0.0,0.0,0.0,0.0,0,0,0,1,0,0,0
3407,Personne physique,SALARIE,PC,CDI,CRIL1,Bon,0.0,0.0,0.0,0.0,0.0,0.0,0.0,0.0,0.0,0,0,0,1,0,0,0
3408,Personne physique,SALARIE,PC,CDI,CRIL1,Bon,0.0,0.0,0.0,0.0,0.0,0.0,0.0,0.0,0.0,0,0,0,1,0,0,0
3409,Personne physique,SALARIE,PC,CDI,CRIL1,Bon,0.0,0.0,0.0,0.0,0.0,0.0,0.0,0.0,0.0,0,0,0,1,0,0,0
3410,Personne physique,SALARIE,PC,CDI,CRIL1,Bon,0.0,0.0,0.0,0.0,0.0,0.0,0.0,0.0,0.0,0,0,0,1,0,0,0
3411,Personne physique,SALARIE,PC,CDI,CRIL1,Bon,0.0,0.0,0.0,0.0,0.0,0.0,0.0,0.0,0.0,0,0,0,1,0,0,0
3412,Personne physique,SALARIE,PC,CDI,CRIL1,Bon,0.0,0.0,0.0,0.0,0.0,0.0,0.0,0.0,0.0,0,0,0,1,0,0,0
3413,Personne physique,SALARIE,PC,CDI,CRIL1,Bon,0.0,0.0,0.0,0.0,0.0,0.0,0.0,0.0,0.0,0,0,0,1,0,0,0
3414,Personne physique,SALARIE,PC,CDI,CRIL1,Bon,0.0,0.0,0.0,0.0,0.0,0.0,0.0,0.0,0.0,0,0,0,1,0,0,0
3415,Personne physique,SALARIE,PC,CDI,CRIL1,Bon,0.0,0.0,0.0,0.0,0.0,0.0,0.0,0.0,0.0,0,0,0,1,0,0,0
3416,Personne physique,SALARIE,PC,CDI,CRIL1,Bon,0.0,0.0,0.0,0.0,0.0,0.0,0.0,0.0,0.0,0,0,0,1,0,0,0
3417,Personne physique,SALARIE,PC,CDI,CRIL1,Bon,0.0,0.0,0.0,0.0,0.0,0.0,0.0,0.0,0.0,0,0,0,1,0,0,0
3418,Personne physique,SALARIE,PC,CDI,CRIL1,Bon,0.0,0.0,0.0,0.0,0.0,0.0,0.0,0.0,0.0,0,0,0,1,0,0,0
3419,Personne morale,RSI,PC,CDI,CRIL1,Bon,0.0,0.0,0.0,0.0,0.0,0.0,0.0,0.0,0.0,0,0,0,1,0,0,0
3420,Personne physique,SALARIE,PC,CDI,CRIL1,Bon,0.0,0.0,0.0,0.0,0.0,0.0,0.0,0.0,0.0,0,0,0,1,0,0,0
3421,Personne physique,SALARIE,PC,CDI,CRIL1,Bon,0.0,0.0,0.0,0.0,0.0,0.0,0.0,0.0,0.0,0,0,0,1,0,0,0
3422,Personne physique,SALARIE,PC,CDI,CRIL1,Bon,0.0,0.0,0.0,0.0,0.0,0.0,0.0,0.0,0.0,0,0,0,1,0,0,0
3423,Personne physique,SALARIE,PC,CDI,CRIL1,Bon,0.0,0.0,0.0,0.0,0.0,0.0,0.0,0.0,0.0,0,0,0,1,0,0,0
3424,Personne physique,RSI,PC,CDI,CRIL1,Bon,0.0,0.0,0.0,0.0,0.0,0.0,0.0,0.0,0.0,0,0,0,1,0,0,0
3425,Personne physique,RSI,PC,CDI,CRIL1,Bon,0.0,0.0,0.0,0.0,0.0,0.0,0.0,0.0,0.0,0,0,0,1,0,0,0
3426,Personne physique,SALARIE,PC,CDI,CRIL1,Bon,0.0,0.0,0.0,0.0,0.0,0.0,0.0,0.0,0.0,0,0,0,1,0,0,0
3427,Personne physique,SALARIE,PC,CDI,CRIL1,Bon,0.0,0.0,0.0,0.0,0.0,0.0,0.0,0.0,0.0,0,0,0,1,0,0,0
3428,Personne physique,IL,PC,CDI,CRIL1,Bon,0.0,0.0,0.0,0.0,0.0,0.0,0.0,0.0,0.0,0,0,0,1,0,0,0
3429,Personne physique,SALARIE,PC,CDI,CRIL1,Bon,0.0,0.0,0.0,0.0,0.0,0.0,0.0,0.0,0.0,0,0,0,1,1,0,1
3430,Personne physique,SALARIE,PC,CDI,CRIL1,Bon,0.0,0.0,0.0,0.0,0.0,0.0,0.0,0.0,0.0,0,0,0,1,1,0,1
3431,Personne physique,RSI,PC,CDI,CRIL1,Bon,0.0,0.0,0.0,0.0,0.0,0.0,0.0,0.0,0.0,0,0,0,0,1,0,1
3432,Personne physique,SALARIE,PC,CDI,CRIL1,Bon,0.0,0.0,0.0,0.0,0.0,0.0,0.0,0.0,0.0,0,0,0,1,1,0,1
3433,Personne physique,RSI,PC,CDI,CRIL1,Bon,0.0,0.0,0.0,0.0,0.0,0.0,0.0,0.0,0.0,0,0,0,0,1,0,1
3434,Personne physique,RSI,PC,CDI,CRIL1,Bon,0.0,0.0,0.0,0.0,0.0,0.0,0.0,0.0,0.0,0,0,0,0,0,0,0
3435,Personne physique,HRI,PC,CDI,CRIL1,Bon,0.0,0.0,0.0,0.0,0.0,0.0,0.0,0.0,0.0,0,0,0,0,0,0,0
3436,Personne physique,HRI,PC,CDI,CRIL1,Bon,0.0,0.0,0.0,0.0,0.0,0.0,0.0,0.0,0.0,0,0,0,1,0,0,0
3437,Personne physique,HRI,PC,CDI,CRIL1,Bon,0.0,0.0,0.0,0.0,0.0,0.0,0.0,0.0,0.0,0,0,0,0,0,0,0
3438,Personne physique,HRI,PC,CDI,CRIL1,Bon,0.0,0.0,0.0,0.0,0.0,0.0,0.0,0.0,0.0,0,0,0,0,0,0,0
3439,Personne physique,HRI,PC,CDI,CRIL1,Bon,0.0,0.0,0.0,0.0,0.0,0.0,0.0,0.0,0.0,0,0,0,1,0,0,0
3440,Personne physique,HRI,PC,CDI,CRIL1,Bon,0.0,0.0,0.0,0.0,0.0,0.0,0.0,0.0,0.0,0,0,0,1,0,0,0
3441,Personne physique,HRI,PC,CDI,CRIL1,Bon,0.0,0.0,0.0,0.0,0.0,0.0,0.0,0.0,0.0,0,0,0,0,0,0,0
3442,Personne physique,HRI,PC,CDI,CRIL1,Bon,0.0,0.0,0.0,0.0,0.0,0.0,0.0,0.0,0.0,0,0,0,0,0,0,0
3443,Personne physique,HRI,PC,CDI,CRIL1,Bon,0.0,0.0,0.0,0.0,0.0,0.0,0.0,0.0,0.0,0,0,0,0,0,0,0
3444,Personne physique,HRI,PC,CDI,CRIL1,Bon,0.0,0.0,0.0,0.0,0.0,0.0,0.0,0.0,0.0,0,0,0,0,0,0,0
3445,Personne physique,HRI,PC,CDI,CRIL1,Bon,0.0,0.0,0.0,0.0,0.0,0.0,0.0,0.0,0.0,0,0,0,0,0,0,0
3446,Personne physique,HRI,PC,CDI,CRIL1,Bon,0.0,0.0,0.0,0.0,0.0,0.0,0.0,0.0,0.0,0,0,0,0,0,0,0
3447,Personne physique,IL,PC,CDI,CRIL1,Bon,0.0,0.0,0.0,0.0,0.0,0.0,0.0,0.0,0.0,0,0,0,0,0,0,0
3448,Personne physique,IL,PC,CDI,CRIL1,Bon,0.0,0.0,0.0,0.0,0.0,0.0,0.0,0.0,0.0,0,0,0,0,0,0,0
3449,Personne physique,RSI,PC,CDI,CRIL1,Bon,0.0,0.0,0.0,0.0,0.0,0.0,0.0,0.0,0.0,0,0,0,0,0,0,0
3450,Personne morale,RSI,PC,CDI,CRIL1,Bon,0.0,0.0,0.0,0.0,0.0,0.0,0.0,0.0,0.0,0,0,0,0,0,0,0
3451,Personne morale,RSI,PC,CDI,CRIL1,Bon,0.0,0.0,0.0,0.0,0.0,0.0,0.0,0.0,0.0,0,0,0,1,0,0,0
3452,Personne morale,RSI,PC,CDI,CRIL1,Bon,0.0,0.0,0.0,0.0,0.0,0.0,0.0,0.0,0.0,0,0,0,0,0,0,0
3453,Personne morale,RSI,PC,CDI,CRIL1,Bon,0.0,0.0,0.0,0.0,0.0,0.0,0.0,0.0,0.0,0,0,0,0,0,0,0
3454,Personne morale,RSI,PC,CDI,CRIL1,Bon,0.0,0.0,0.0,0.0,0.0,0.0,0.0,0.0,0.0,0,0,0,0,0,0,0
3455,Personne morale,RSI,PC,CDI,CRIL1,Bon,0.0,0.0,0.0,0.0,0.0,0.0,0.0,0.0,0.0,0,0,0,0,0,0,0
3456,Personne physique,RSI,PC,CDI,CRIL1,Bon,0.0,0.0,0.0,0.0,0.0,0.0,0.0,0.0,0.0,0,0,0,0,0,0,0
3457,Personne physique,RSI,PC,CDI,CRIL1,Bon,0.0,0.0,0.0,0.0,0.0,0.0,0.0,0.0,0.0,0,0,0,0,0,0,0
3458,Personne physique,RSI,PC,CDI,CRIL1,Bon,0.0,0.0,0.0,0.0,0.0,0.0,0.0,0.0,0.0,0,0,0,1,0,0,0
3459,Personne physique,RSI,PC,CDI,CRIL1,Bon,0.0,0.0,0.0,0.0,0.0,0.0,0.0,0.0,0.0,0,0,0,0,0,0,0
3460,Personne physique,HRI,PC,CDI,CRIL1,Bon,0.0,0.0,0.0,0.0,0.0,0.0,0.0,0.0,0.0,0,0,0,0,0,0,0
3461,Personne physique,HRI,PC,CDI,CRIL1,Bon,0.0,0.0,0.0,0.0,0.0,0.0,0.0,0.0,0.0,0,0,0,0,0,0,0
3462,Personne physique,IL,PC,CDI,CRIL1,Bon,0.0,0.0,0.0,0.0,0.0,0.0,0.0,0.0,0.0,0,0,0,0,0,0,0
3463,Personne physique,IL,PC,CDI,CRIL1,Bon,0.0,0.0,0.0,0.0,0.0,0.0,0.0,0.0,0.0,0,0,0,0,0,0,0
3464,Personne physique,IL,PC,CDI,CRIL1,Bon,0.0,0.0,0.0,0.0,0.0,0.0,0.0,0.0,0.0,0,0,0,0,0,0,0
3465,Personne physique,IL,PC,CDI,CRIL1,Bon,0.0,0.0,0.0,0.0,0.0,0.0,0.0,0.0,0.0,0,0,0,0,0,0,0
3466,Personne physique,IL,PC,CDI,CRIL1,Bon,0.0,0.0,0.0,0.0,0.0,0.0,0.0,0.0,0.0,0,0,0,0,0,0,0
3467,Personne physique,IL,PC,CDI,CRIL1,Bon,0.0,0.0,0.0,0.0,0.0,0.0,0.0,0.0,0.0,0,0,0,0,0,0,0
3468,Personne physique,IL,PC,CDI,CRIL1,Bon,0.0,0.0,0.0,0.0,0.0,0.0,0.0,0.0,0.0,0,0,0,0,0,0,0
3469,Personne physique,IL,PC,CDI,CRIL1,Bon,0.0,0.0,0.0,0.0,0.0,0.0,0.0,0.0,0.0,0,0,0,0,0,0,0
3470,Personne physique,IL,PC,CDI,CRIL1,Bon,0.0,0.0,0.0,0.0,0.0,0.0,0.0,0.0,0.0,0,0,0,0,0,0,0
3471,Personne physique,IL,PC,CDI,CRIL1,Bon,0.0,0.0,0.0,0.0,0.0,0.0,0.0,0.0,0.0,0,0,0,0,0,0,0
3472,Personne physique,IL,PC,CDI,CRIL1,Bon,0.0,0.0,0.0,0.0,0.0,0.0,0.0,0.0,0.0,0,0,0,0,0,0,0
3473,Personne physique,IL,PC,CDI,CRIL1,Bon,0.0,0.0,0.0,0.0,0.0,0.0,0.0,0.0,0.0,0,0,0,0,0,0,0
3474,Personne physique,IL,PC,CDI,CRIL1,Bon,0.0,0.0,0.0,0.0,0.0,0.0,0.0,0.0,0.0,0,0,0,0,0,0,0
3475,Personne physique,IL,PC,CDI,CRIL1,Bon,0.0,0.0,0.0,0.0,0.0,0.0,0.0,0.0,0.0,0,0,0,0,0,0,0
3476,Personne physique,IL,PC,CDI,CRIL1,Bon,0.0,0.0,0.0,0.0,0.0,0.0,0.0,0.0,0.0,0,0,0,0,0,0,0
3477,Personne physique,IL,PC,CDI,CRIL1,Bon,0.0,0.0,0.0,0.0,0.0,0.0,0.0,0.0,0.0,0,0,0,0,0,0,0
3478,Personne physique,IL,PC,CDI,CRIL1,Bon,0.0,0.0,0.0,0.0,0.0,0.0,0.0,0.0,0.0,0,0,0,0,0,0,0
3479,Personne physique,IL,PC,CDI,CRIL1,Bon,0.0,0.0,0.0,0.0,0.0,0.0,0.0,0.0,0.0,0,0,0,0,0,0,0
3480,Personne physique,IL,PC,CDI,CRIL1,Bon,0.0,0.0,0.0,0.0,0.0,0.0,0.0,0.0,0.0,0,0,0,0,0,0,0
3481,Personne morale,RSI,PC,CDI,CRIL1,Bon,0.0,0.0,0.0,0.0,0.0,0.0,0.0,0.0,0.0,0,0,0,0,0,0,0
3482,Personne morale,RSI,PC,CDI,CRIL1,Bon,0.0,0.0,0.0,0.0,0.0,0.0,0.0,0.0,0.0,0,0,0,0,0,0,0
3483,Personne morale,RSI,PC,CDI,CRIL1,Bon,0.0,0.0,0.0,0.0,0.0,0.0,0.0,0.0,0.0,0,0,0,0,0,0,0
3484,Personne morale,RSI,PC,CDI,CRIL1,Bon,0.0,0.0,0.0,0.0,0.0,0.0,0.0,0.0,0.0,0,0,0,0,0,0,0
3485,Personne morale,RSI,PC,CDI,CRIL1,Bon,0.0,0.0,0.0,0.0,0.0,0.0,0.0,0.0,0.0,0,0,0,0,0,0,0
3486,Personne morale,RSI,PC,CDI,CRIL1,Bon,0.0,0.0,0.0,0.0,0.0,0.0,0.0,0.0,0.0,0,0,0,0,0,0,0
3487,Personne morale,RSI,PC,CDI,CRIL1,Bon,0.0,0.0,0.0,0.0,0.0,0.0,0.0,0.0,0.0,0,0,0,0,0,0,0
3488,Personne morale,RSI,PC,CDI,CRIL1,Bon,0.0,0.0,0.0,0.0,0.0,0.0,0.0,0.0,0.0,0,0,0,0,0,0,0
3489,Personne morale,RSI,PC,CDI,CRIL1,Bon,0.0,0.0,0.0,0.0,0.0,0.0,0.0,0.0,0.0,0,0,0,0,0,0,0
3490,Personne morale,RSI,PC,CDI,CRIL1,Bon,0.0,0.0,0.0,0.0,0.0,0.0,0.0,0.0,0.0,0,0,0,0,0,0,0
3491,Personne morale,RSI,PC,CDI,CRIL1,Bon,0.0,0.0,0.0,0.0,0.0,0.0,0.0,0.0,0.0,0,0,0,0,0,0,0
3492,Personne morale,RSI,PC,CDI,CRIL1,Bon,0.0,0.0,0.0,0.0,0.0,0.0,0.0,0.0,0.0,0,0,0,1,0,0,0
3493,Personne morale,RSI,PC,CDI,CRIL1,Bon,0.0,0.0,0.0,0.0,0.0,0.0,0.0,0.0,0.0,0,0,0,0,0,0,0
3494,Personne morale,RSI,PC,CDI,CRIL1,Bon,0.0,0.0,0.0,0.0,0.0,0.0,0.0,0.0,0.0,0,0,0,1,0,0,0
3495,Personne morale,RSI,PC,CDI,CRIL1,Bon,0.0,0.0,0.0,0.0,0.0,0.0,0.0,0.0,0.0,0,0,0,0,0,0,0
3496,Personne morale,RSI,PC,CDI,CRIL1,Bon,0.0,0.0,0.0,0.0,0.0,0.0,0.0,0.0,0.0,0,0,0,0,0,0,0
3497,Personne morale,RSI,PC,CDI,CRIL1,Bon,0.0,0.0,0.0,0.0,0.0,0.0,0.0,0.0,0.0,0,0,0,0,0,0,0
3498,Personne morale,RSI,PC,CDI,CRIL1,Bon,0.0,0.0,0.0,0.0,0.0,0.0,0.0,0.0,0.0,0,0,0,0,0,0,0
3499,Personne morale,RSI,PC,CDI,CRIL1,Bon,0.0,0.0,0.0,0.0,0.0,0.0,0.0,0.0,0.0,0,0,0,1,0,0,0
3500,Personne morale,RSI,PC,CDI,CRIL1,Bon,0.0,0.0,0.0,0.0,0.0,0.0,0.0,0.0,0.0,0,0,0,1,0,0,0
3501,Personne morale,RSI,PC,CDI,CRIL1,Bon,0.0,0.0,0.0,0.0,0.0,0.0,0.0,0.0,0.0,0,0,0,0,0,0,0
3502,Personne morale,RSI,PC,CDI,CRIL1,Bon,0.0,0.0,0.0,0.0,0.0,0.0,0.0,0.0,0.0,0,0,0,0,0,0,0
3503,Personne physique,RSI,PC,CDI,CRIL1,Bon,0.0,0.0,0.0,0.0,0.0,0.0,0.0,0.0,0.0,0,0,0,0,0,0,0
3504,Personne physique,RSI,PC,CDI,CRIL1,Bon,0.0,0.0,0.0,0.0,0.0,0.0,0.0,0.0,0.0,0,0,0,1,0,0,0
3505,Personne physique,RSI,PC,CDI,CRIL1,Bon,0.0,0.0,0.0,0.0,0.0,0.0,0.0,0.0,0.0,0,0,0,0,0,0,0
3506,Personne physique,RSI,PC,CDI,CRIL1,Bon,0.0,0.0,0.0,0.0,0.0,0.0,0.0,0.0,0.0,0,0,0,0,0,0,0
3507,Personne physique,RSI,PC,CDI,CRIL1,Bon,0.0,0.0,0.0,0.0,0.0,0.0,0.0,0.0,0.0,0,0,0,0,0,0,0
3508,Personne physique,RSI,PC,CDI,CRIL1,Bon,0.0,0.0,0.0,0.0,0.0,0.0,0.0,0.0,0.0,0,0,0,0,0,0,0
3509,Personne physique,RSI,PC,CDI,CRIL1,Bon,0.0,0.0,0.0,0.0,0.0,0.0,0.0,0.0,0.0,0,0,0,0,0,0,0
3510,Personne physique,RSI,PC,CDI,CRIL1,Bon,0.0,0.0,0.0,0.0,0.0,0.0,0.0,0.0,0.0,0,0,0,0,0,0,0
3511,Personne physique,RSI,PC,CDI,CRIL1,Bon,0.0,0.0,0.0,0.0,0.0,0.0,0.0,0.0,0.0,0,0,0,1,0,0,0
3512,Personne physique,RSI,PC,CDI,CRIL1,Bon,0.0,0.0,0.0,0.0,0.0,0.0,0.0,0.0,0.0,0,0,0,0,0,0,0
3513,Personne physique,RSI,PC,CDI,CRIL1,Bon,0.0,0.0,0.0,0.0,0.0,0.0,0.0,0.0,0.0,0,0,0,0,0,0,0
3514,Personne physique,RSI,PC,CDI,CRIL1,Bon,0.0,0.0,0.0,0.0,0.0,0.0,0.0,0.0,0.0,0,0,0,0,0,0,0
3515,Personne physique,RSI,PC,CDI,CRIL1,Bon,0.0,0.0,0.0,0.0,0.0,0.0,0.0,0.0,0.0,0,0,0,0,0,0,0
3516,Personne morale,RSI,PC,CDI,CRIL1,Bon,0.0,0.0,0.0,0.0,0.0,0.0,0.0,0.0,0.0,0,0,0,0,0,0,0
3517,Personne morale,SALARIE,PC,CDI,CRIL1,Bon,0.0,0.0,0.0,0.0,0.0,0.0,0.0,0.0,0.0,0,0,0,1,0,0,0
3518,Personne morale,RSI,PC,CDI,CRIL1,Bon,0.0,0.0,0.0,0.0,0.0,0.0,0.0,0.0,0.0,0,0,0,0,0,0,0
3519,Personne physique,RSI,PC,CDI,CRIL1,Bon,0.0,0.0,0.0,0.0,0.0,0.0,0.0,0.0,0.0,0,0,0,0,0,0,0
3520,Personne morale,SALARIE,PC,CDI,CRIL1,Bon,0.0,0.0,0.0,0.0,0.0,0.0,0.0,0.0,0.0,0,0,0,2,0,0,0
3521,Personne morale,RSI,PC,CDI,CRIL1,Bon,0.0,0.0,0.0,0.0,0.0,0.0,0.0,0.0,0.0,0,0,0,0,0,0,0
3522,Personne morale,RSI,PC,CDI,CRIL1,Bon,0.0,0.0,0.0,0.0,0.0,0.0,0.0,0.0,0.0,0,0,0,0,1,0,1
3523,Personne physique,RSI,PC,CDI,CRIL1,Bon,0.0,0.0,0.0,0.0,0.0,0.0,0.0,0.0,0.0,0,0,0,0,1,0,1
3524,Personne morale,RSI,PC,CDI,CRIL1,Bon,0.0,0.0,0.0,0.0,0.0,0.0,0.0,0.0,0.0,0,0,0,0,1,0,1
3525,Personne physique,RSI,PC,CDI,CRIL1,Bon,0.0,0.0,0.0,0.0,0.0,0.0,0.0,0.0,0.0,0,0,0,0,1,0,1
3526,Personne physique,RSI,PC,CDI,CRIL1,Bon,0.0,0.0,0.0,0.0,0.0,0.0,0.0,0.0,0.0,0,0,0,0,1,0,1
3527,Personne morale,RSI,PC,CDI,CRIL1,Bon,0.0,0.0,0.0,0.0,0.0,0.0,0.0,0.0,0.0,0,0,0,0,1,0,1
3528,Personne physique,RSI,PC,CDI,CRIL1,Bon,0.0,0.0,0.0,0.0,0.0,0.0,0.0,0.0,0.0,0,0,0,0,1,0,1
3529,Personne physique,RSI,PC,CDI,CRIL1,Bon,0.0,0.0,0.0,0.0,0.0,0.0,0.0,0.0,0.0,0,0,0,0,1,0,1
3530,Personne morale,HRI,PC,CDI,CRIL1,Bon,0.0,0.0,0.0,0.0,0.0,0.0,0.0,0.0,0.0,0,0,0,1,1,0,1
3531,Personne morale,RSI,PC,CDI,CRIL1,Bon,0.0,0.0,0.0,0.0,0.0,0.0,0.0,0.0,0.0,0,0,0,0,1,0,1
3532,Personne morale,RSI,PC,CDI,CRIL1,Bon,0.0,0.0,0.0,0.0,0.0,0.0,0.0,0.0,0.0,0,0,0,0,1,0,1
3533,Personne morale,RSI,PC,CDI,CRIL1,Bon,0.0,0.0,0.0,0.0,0.0,0.0,0.0,0.0,0.0,0,0,0,0,1,0,1
3534,Personne morale,RSI,PC,CDI,CRIL1,Bon,0.0,0.0,0.0,0.0,0.0,0.0,0.0,0.0,0.0,0,0,0,0,1,0,1
3535,Personne physique,RSI,PC,CDI,CRIL1,Bon,0.0,0.0,0.0,0.0,0.0,0.0,0.0,0.0,0.0,0,0,0,0,1,0,1
3536,Personne morale,RSI,PC,CDI,CRIL1,Bon,0.0,0.0,0.0,0.0,0.0,0.0,0.0,0.0,0.0,0,0,0,0,1,0,1
3537,Personne morale,RSI,PC,CDI,CRIL1,Bon,0.0,0.0,0.0,0.0,0.0,0.0,0.0,0.0,0.0,0,0,0,0,1,0,1
3538,Personne morale,RSI,PC,CDI,CRIL1,Bon,0.0,0.0,0.0,0.0,0.0,0.0,0.0,0.0,0.0,0,0,0,0,1,0,1
3539,Personne morale,RSI,PC,CDI,CRIL1,Bon,0.0,0.0,0.0,0.0,0.0,0.0,0.0,0.0,0.0,0,0,0,0,1,0,1
3540,Personne physique,RSI,PC,CDI,CRIL1,Bon,0.0,0.0,0.0,0.0,0.0,0.0,0.0,0.0,0.0,0,0,0,0,1,0,1
3541,Personne morale,RSI,PC,CDI,CRIL1,Bon,0.0,0.0,0.0,0.0,0.0,0.0,0.0,0.0,0.0,0,0,0,0,1,0,1
3542,Personne morale,RSI,PC,CDI,CRIL1,Bon,0.0,0.0,0.0,0.0,0.0,0.0,0.0,0.0,0.0,0,0,0,0,1,0,1
3543,Personne physique,RSI,PC,CDI,CRIL1,Bon,0.0,0.0,0.0,0.0,0.0,0.0,0.0,0.0,0.0,0,0,0,0,1,0,1
3544,Personne morale,RSI,PC,CDI,CRIL1,Bon,0.0,0.0,0.0,0.0,0.0,0.0,0.0,0.0,0.0,0,0,0,0,1,0,1
3545,Personne morale,RSI,PC,CDI,CRIL1,Bon,0.0,0.0,0.0,0.0,0.0,0.0,0.0,0.0,0.0,0,0,0,0,1,0,1
3546,Personne physique,RSI,PC,CDI,CRIL1,Bon,0.0,0.0,0.0,0.0,0.0,0.0,0.0,0.0,0.0,0,0,0,0,1,0,1
3547,Personne physique,RSI,PC,CDI,CRIL1,Bon,0.0,0.0,0.0,0.0,0.0,0.0,0.0,0.0,0.0,0,0,0,0,1,0,1
3548,Personne morale,RSI,PC,CDI,CRIL1,Bon,0.0,0.0,0.0,0.0,0.0,0.0,0.0,0.0,0.0,0,0,0,0,1,0,1
3549,Personne physique,RSI,PC,CDI,CRIL1,Bon,0.0,0.0,0.0,0.0,0.0,0.0,0.0,0.0,0.0,0,0,0,0,1,0,1
3550,Personne morale,RSI,PC,CDI,CRIL1,Bon,0.0,0.0,0.0,0.0,0.0,0.0,0.0,0.0,0.0,0,0,0,0,1,0,1
3551,Personne morale,RSI,PC,CDI,CRIL1,Bon,0.0,0.0,0.0,0.0,0.0,0.0,0.0,0.0,0.0,0,0,0,0,1,0,1
3552,Personne morale,RSI,PC,CDI,CRIL1,Bon,0.0,0.0,0.0,0.0,0.0,0.0,0.0,0.0,0.0,0,0,0,0,1,0,1
3553,Personne morale,RSI,PC,CDI,CRIL1,Bon,0.0,0.0,0.0,0.0,0.0,0.0,0.0,0.0,0.0,0,0,0,0,1,0,1
3554,Personne physique,RSI,PC,CDI,CRIL1,Bon,0.0,0.0,0.0,0.0,0.0,0.0,0.0,0.0,0.0,0,0,0,0,1,0,1
3555,Personne morale,RSI,PC,CDI,CRIL1,Bon,0.0,0.0,0.0,0.0,0.0,0.0,0.0,0.0,0.0,0,0,0,0,1,0,1
3556,Personne physique,RSI,PC,CDI,CRIL1,Bon,0.0,0.0,0.0,0.0,0.0,0.0,0.0,0.0,0.0,0,0,0,0,1,0,1
3557,Personne morale,RSI,PC,CDI,CRIL1,Bon,0.0,0.0,0.0,0.0,0.0,0.0,0.0,0.0,0.0,0,0,0,0,1,0,1
3558,Personne physique,RSI,PC,CDI,CRIL1,Bon,0.0,0.0,0.0,0.0,0.0,0.0,0.0,0.0,0.0,0,0,0,0,1,0,1
3559,Personne physique,RSI,PC,CDI,CRIL1,Bon,0.0,0.0,0.0,0.0,0.0,0.0,0.0,0.0,0.0,0,0,0,0,1,0,1
3560,Personne physique,RSI,PC,CDI,CRIL1,Bon,0.0,0.0,0.0,0.0,0.0,0.0,0.0,0.0,0.0,0,0,0,0,1,0,1
3561,Personne morale,RSI,PC,CDI,CRIL1,Bon,0.0,0.0,0.0,0.0,0.0,0.0,0.0,0.0,0.0,0,0,0,0,1,0,1
3562,Personne morale,RSI,PC,CDI,CRIL1,Bon,0.0,0.0,0.0,0.0,0.0,0.0,0.0,0.0,0.0,0,0,0,0,1,0,1
3563,Personne physique,RSI,PC,CDI,CRIL1,Bon,0.0,0.0,0.0,0.0,0.0,0.0,0.0,0.0,0.0,0,0,0,0,1,0,1
3564,Personne morale,RSI,PC,CDI,CRIL1,Bon,0.0,0.0,0.0,0.0,0.0,0.0,0.0,0.0,0.0,0,0,0,0,1,0,1
3565,Personne physique,RSI,PC,CDI,CRIL1,Bon,0.0,0.0,0.0,0.0,0.0,0.0,0.0,0.0,0.0,0,0,0,0,1,0,1
3566,Personne physique,RSI,PC,CDI,CRIL1,Bon,0.0,0.0,0.0,0.0,0.0,0.0,0.0,0.0,0.0,0,0,0,0,1,0,1
3567,Personne morale,RSI,PC,CDI,CRIL1,Bon,0.0,0.0,0.0,0.0,0.0,0.0,0.0,0.0,0.0,0,0,0,0,1,0,1
3568,Personne morale,RSI,PC,CDI,CRIL1,Bon,0.0,0.0,0.0,0.0,0.0,0.0,0.0,0.0,0.0,0,0,0,0,1,0,1
3569,Personne morale,RSI,PC,CDI,CRIL1,Bon,0.0,0.0,0.0,0.0,0.0,0.0,0.0,0.0,0.0,0,0,0,0,1,0,1
3570,Personne morale,RSI,PC,CDI,CRIL1,Bon,0.0,0.0,0.0,0.0,0.0,0.0,0.0,0.0,0.0,0,0,0,0,1,0,1
3571,Personne morale,RSI,PC,CDI,CRIL1,Bon,0.0,0.0,0.0,0.0,0.0,0.0,0.0,0.0,0.0,0,0,0,0,1,0,1
3572,Personne physique,HRI,PC,CDI,CRIL1,Bon,0.0,0.0,0.0,0.0,0.0,0.0,0.0,0.0,0.0,0,0,0,1,1,0,1
3573,Personne morale,RSI,PC,CDI,CRIL1,Bon,0.0,0.0,0.0,0.0,0.0,0.0,0.0,0.0,0.0,0,0,0,0,1,0,1
3574,Personne physique,RSI,PC,CDI,CRIL1,Bon,0.0,0.0,0.0,0.0,0.0,0.0,0.0,0.0,0.0,0,0,0,0,1,0,1
3575,Personne physique,RSI,PC,CDI,CRIL1,Bon,0.0,0.0,0.0,0.0,0.0,0.0,0.0,0.0,0.0,0,0,0,0,1,0,1
3576,Personne morale,RSI,PC,CDI,CRIL1,Bon,0.0,0.0,0.0,0.0,0.0,0.0,0.0,0.0,0.0,0,0,0,0,1,0,1
3577,Personne morale,RSI,PC,CDI,CRIL1,Bon,0.0,0.0,0.0,0.0,0.0,0.0,0.0,0.0,0.0,0,0,0,0,1,0,1
3578,Personne morale,RSI,PC,CDI,CRIL1,Bon,0.0,0.0,0.0,0.0,0.0,0.0,0.0,0.0,0.0,0,0,0,0,1,0,1
3579,Personne morale,RSI,PC,CDI,CRIL1,Bon,0.0,0.0,0.0,0.0,0.0,0.0,0.0,0.0,0.0,0,0,0,0,1,0,1
3580,Personne physique,RSI,PC,CDI,CRIL1,Bon,0.0,0.0,0.0,0.0,0.0,0.0,0.0,0.0,0.0,0,0,0,0,1,0,1
3581,Personne physique,RSI,PC,CDI,CRIL1,Bon,0.0,0.0,0.0,0.0,0.0,0.0,0.0,0.0,0.0,0,0,0,0,1,0,1
3582,Personne morale,RSI,PC,CDI,CRIL1,Bon,0.0,0.0,0.0,0.0,0.0,0.0,0.0,0.0,0.0,0,0,0,0,1,0,1
3583,Personne morale,RSI,PC,CDI,CRIL1,Bon,0.0,0.0,0.0,0.0,0.0,0.0,0.0,0.0,0.0,0,0,0,0,1,0,1
3584,Personne morale,RSI,PC,CDI,CRIL1,Bon,0.0,0.0,0.0,0.0,0.0,0.0,0.0,0.0,0.0,0,0,0,0,1,0,1
3585,Personne morale,RSI,PC,CDI,CRIL1,Bon,0.0,0.0,0.0,0.0,0.0,0.0,0.0,0.0,0.0,0,0,0,0,1,0,1
3586,Personne morale,RSI,PC,CDI,CRIL1,Bon,0.0,0.0,0.0,0.0,0.0,0.0,0.0,0.0,0.0,0,0,0,0,1,0,1
3587,Personne morale,RSI,PC,CDI,CRIL1,Bon,0.0,0.0,0.0,0.0,0.0,0.0,0.0,0.0,0.0,0,0,0,0,1,0,1
3588,Personne morale,RSI,PC,CDI,CRIL1,Bon,0.0,0.0,0.0,0.0,0.0,0.0,0.0,0.0,0.0,0,0,0,0,1,0,1
3589,Personne morale,RSI,PC,CDI,CRIL1,Bon,0.0,0.0,0.0,0.0,0.0,0.0,0.0,0.0,0.0,0,0,0,0,1,0,1
3590,Personne morale,RSI,PC,CDI,CRIL1,Bon,0.0,0.0,0.0,0.0,0.0,0.0,0.0,0.0,0.0,0,0,0,0,1,0,1
3591,Personne morale,RSI,PC,CDI,CRIL1,Bon,0.0,0.0,0.0,0.0,0.0,0.0,0.0,0.0,0.0,0,0,0,0,1,0,1
3592,Personne morale,RSI,PC,CDI,CRIL1,Bon,0.0,0.0,0.0,0.0,0.0,0.0,0.0,0.0,0.0,0,0,0,0,1,0,1
3593,Personne physique,HRI,PC,CDI,CRIL2,Bon,0.0,0.0,0.0,0.0,0.0,0.0,0.0,0.0,0.0,0,0,0,1,0,0,0
3594,Personne physique,HRI,PC,CDI,CRIL2,Bon,0.0,0.0,0.0,0.0,0.0,0.0,0.0,0.0,0.0,0,0,0,1,0,0,0
3595,Personne physique,HRI,PC,CDI,CRIL2,Bon,0.0,0.0,0.0,0.0,0.0,0.0,0.0,0.0,0.0,0,0,0,1,0,0,0
3596,Personne physique,HRI,PC,CDI,CRIL2,Bon,0.0,0.0,0.0,0.0,0.0,0.0,0.0,0.0,0.0,0,0,0,1,0,0,0
3597,Personne physique,HRI,PC,CDI,CRIL2,Bon,0.0,0.0,0.0,0.0,0.0,0.0,0.0,0.0,0.0,0,0,0,1,0,0,0
3598,Personne physique,HRI,PC,CDI,CRIL2,Bon,0.0,0.0,0.0,0.0,0.0,0.0,0.0,0.0,0.0,0,0,0,1,0,0,0
3599,Personne physique,HRI,PC,CDI,CRIL2,Bon,0.0,0.0,0.0,0.0,0.0,0.0,0.0,0.0,0.0,0,0,0,1,0,0,0
3600,Personne physique,HRI,PC,CDI,CRIL2,Bon,0.0,0.0,0.0,0.0,0.0,0.0,0.0,0.0,0.0,0,0,0,1,0,0,0
3601,Personne physique,HRI,PC,CDI,CRIL2,Bon,0.0,0.0,0.0,0.0,0.0,0.0,0.0,0.0,0.0,0,0,0,1,0,0,0
3602,Personne physique,HRI,PC,CDI,CRIL2,Bon,0.0,0.0,0.0,0.0,0.0,0.0,0.0,0.0,0.0,0,0,0,1,0,0,0
3603,Personne physique,HRI,PC,CDI,CRIL2,Bon,0.0,0.0,0.0,0.0,0.0,0.0,0.0,0.0,0.0,0,0,0,1,0,0,0
3604,Personne physique,HRI,PC,CDI,CRIL2,Bon,0.0,0.0,0.0,0.0,0.0,0.0,0.0,0.0,0.0,0,0,0,1,0,0,0
3605,Personne physique,HRI,PC,CDI,CRIL2,Bon,0.0,0.0,0.0,0.0,0.0,0.0,0.0,0.0,0.0,0,0,0,1,0,0,0
3606,Personne physique,HRI,PC,CDI,CRIL2,Bon,0.0,0.0,0.0,0.0,0.0,0.0,0.0,0.0,0.0,0,0,0,1,0,0,0
3607,Personne physique,HRI,PC,CDI,CRIL2,Bon,0.0,0.0,0.0,0.0,0.0,0.0,0.0,0.0,0.0,0,0,0,1,0,0,0
3608,Personne physique,HRI,PC,CDI,CRIL2,Bon,0.0,0.0,0.0,0.0,0.0,0.0,0.0,0.0,0.0,0,0,0,1,0,0,0
3609,Personne physique,HRI,PC,CDI,CRIL2,Bon,0.0,0.0,0.0,0.0,0.0,0.0,0.0,0.0,0.0,0,0,0,1,0,0,0
3610,Personne physique,HRI,PC,CDI,CRIL2,Bon,0.0,0.0,0.0,0.0,0.0,0.0,0.0,0.0,0.0,0,0,0,1,0,0,0
3611,Personne physique,HRI,PC,CDI,CRIL2,Bon,0.0,0.0,0.0,0.0,0.0,0.0,0.0,0.0,0.0,0,0,0,1,0,0,0
3612,Personne physique,HRI,PC,CDI,CRIL2,Bon,0.0,0.0,0.0,0.0,0.0,0.0,0.0,0.0,0.0,0,0,0,1,0,0,0
3613,Personne physique,HRI,PC,CDI,CRIL2,Bon,0.0,0.0,0.0,0.0,0.0,0.0,0.0,0.0,0.0,0,0,0,1,0,0,0
3614,Personne physique,HRI,PC,CDI,CRIL2,Bon,0.0,0.0,0.0,0.0,0.0,0.0,0.0,0.0,0.0,0,0,0,1,0,0,0
3615,Personne physique,HRI,PC,CDI,CRIL2,Bon,0.0,0.0,0.0,0.0,0.0,0.0,0.0,0.0,0.0,0,0,0,1,0,0,0
3616,Personne physique,HRI,PC,CDI,CRIL2,Bon,0.0,0.0,0.0,0.0,0.0,0.0,0.0,0.0,0.0,0,0,0,1,0,0,0
3617,Personne physique,HRI,PC,CDI,CRIL2,Bon,0.0,0.0,0.0,0.0,0.0,0.0,0.0,0.0,0.0,0,0,0,1,0,0,0
3618,Personne physique,HRI,PC,CDI,CRIL2,Bon,0.0,0.0,0.0,0.0,0.0,0.0,0.0,0.0,0.0,0,0,0,1,0,0,0
3619,Personne physique,HRI,PC,CDI,CRIL2,Bon,0.0,0.0,0.0,0.0,0.0,0.0,0.0,0.0,0.0,0,0,0,1,0,0,0
3620,Personne physique,HRI,PC,CDI,CRIL2,Bon,0.0,0.0,0.0,0.0,0.0,0.0,0.0,0.0,0.0,0,0,0,1,0,0,0
3621,Personne physique,HRI,PC,CDI,CRIL2,Bon,0.0,0.0,0.0,0.0,0.0,0.0,0.0,0.0,0.0,0,0,0,1,0,0,0
3622,Personne physique,HRI,PC,CDI,CRIL2,Bon,0.0,0.0,0.0,0.0,0.0,0.0,0.0,0.0,0.0,0,0,0,1,0,0,0
3623,Personne physique,HRI,PC,CDI,CRIL2,Bon,0.0,0.0,0.0,0.0,0.0,0.0,0.0,0.0,0.0,0,0,0,1,0,0,0
3624,Personne physique,HRI,PC,CDI,CRIL2,Bon,0.0,0.0,0.0,0.0,0.0,0.0,0.0,0.0,0.0,0,0,0,1,0,0,0
3625,Personne physique,HRI,PC,CDI,CRIL2,Bon,0.0,0.0,0.0,0.0,0.0,0.0,0.0,0.0,0.0,0,0,0,1,0,0,0
3626,Personne physique,HRI,PC,CDI,CRIL2,Bon,0.0,0.0,0.0,0.0,0.0,0.0,0.0,0.0,0.0,0,0,0,1,0,0,0
3627,Personne physique,HRI,PC,CDI,CRIL2,Bon,0.0,0.0,0.0,0.0,0.0,0.0,0.0,0.0,0.0,0,0,0,1,0,0,0
3628,Personne physique,HRI,PC,CDI,CRIL2,Bon,0.0,0.0,0.0,0.0,0.0,0.0,0.0,0.0,0.0,0,0,0,1,0,0,0
3629,Personne physique,HRI,PC,CDI,CRIL2,Bon,0.0,0.0,0.0,0.0,0.0,0.0,0.0,0.0,0.0,0,0,0,1,0,0,0
3630,Personne physique,HRI,PC,CDI,CRIL2,Bon,0.0,0.0,0.0,0.0,0.0,0.0,0.0,0.0,0.0,0,0,0,1,0,0,0
3631,Personne physique,HRI,PC,CDI,CRIL2,Bon,0.0,0.0,0.0,0.0,0.0,0.0,0.0,0.0,0.0,0,0,0,1,0,0,0
3632,Personne physique,HRI,PC,CDI,CRIL2,Bon,0.0,0.0,0.0,0.0,0.0,0.0,0.0,0.0,0.0,0,0,0,1,0,0,0
3633,Personne physique,HRI,PC,CDI,CRIL2,Bon,0.0,0.0,0.0,0.0,0.0,0.0,0.0,0.0,0.0,0,0,0,1,0,0,0
3634,Personne physique,HRI,PC,CDI,CRIL2,Bon,0.0,0.0,0.0,0.0,0.0,0.0,0.0,0.0,0.0,0,0,0,1,0,0,0
3635,Personne physique,HRI,PC,CDI,CRIL2,Bon,0.0,0.0,0.0,0.0,0.0,0.0,0.0,0.0,0.0,0,0,0,1,0,0,0
3636,Personne physique,HRI,PC,CDI,CRIL2,Bon,0.0,0.0,0.0,0.0,0.0,0.0,0.0,0.0,0.0,0,0,0,1,0,0,0
3637,Personne physique,HRI,PC,CDI,CRIL2,Bon,0.0,0.0,0.0,0.0,0.0,0.0,0.0,0.0,0.0,0,0,0,1,0,0,0
3638,Personne physique,HRI,PC,CDI,CRIL2,Bon,0.0,0.0,0.0,0.0,0.0,0.0,0.0,0.0,0.0,0,0,0,1,0,0,0
3639,Personne physique,HRI,PC,CDI,CRIL2,Bon,0.0,0.0,0.0,0.0,0.0,0.0,0.0,0.0,0.0,0,0,0,1,0,0,0
3640,Personne physique,HRI,PC,CDI,CRIL2,Bon,0.0,0.0,0.0,0.0,0.0,0.0,0.0,0.0,0.0,0,0,0,1,0,0,0
3641,Personne physique,HRI,PC,CDI,CRIL2,Bon,0.0,0.0,0.0,0.0,0.0,0.0,0.0,0.0,0.0,0,0,0,1,0,0,0
3642,Personne physique,HRI,PC,CDI,CRIL2,Bon,0.0,0.0,0.0,0.0,0.0,0.0,0.0,0.0,0.0,0,0,0,1,0,0,0
3643,Personne physique,HRI,PC,CDI,CRIL2,Bon,0.0,0.0,0.0,0.0,0.0,0.0,0.0,0.0,0.0,0,0,0,1,0,0,0
3644,Personne physique,IL,PC,CDI,CRIL2,Bon,0.0,0.0,0.0,0.0,0.0,0.0,0.0,0.0,0.0,0,0,0,1,0,0,0
3645,Personne physique,IL,PC,CDI,CRIL2,Bon,0.0,0.0,0.0,0.0,0.0,0.0,0.0,0.0,0.0,0,0,0,1,0,0,0
3646,Personne physique,IL,PC,CDI,CRIL2,Bon,0.0,0.0,0.0,0.0,0.0,0.0,0.0,0.0,0.0,0,0,0,1,0,0,0
3647,Personne physique,IL,PC,CDI,CRIL2,Bon,0.0,0.0,0.0,0.0,0.0,0.0,0.0,0.0,0.0,0,0,0,1,0,0,0
3648,Personne physique,IL,PC,CDI,CRIL2,Bon,0.0,0.0,0.0,0.0,0.0,0.0,0.0,0.0,0.0,0,0,0,1,0,0,0
3649,Personne physique,IL,PC,CDI,CRIL2,Bon,0.0,0.0,0.0,0.0,0.0,0.0,0.0,0.0,0.0,0,0,0,1,0,0,0
3650,Personne physique,IL,PC,CDI,CRIL2,Bon,0.0,0.0,0.0,0.0,0.0,0.0,0.0,0.0,0.0,0,0,0,1,0,0,0
3651,Personne physique,IL,PC,CDI,CRIL2,Bon,0.0,0.0,0.0,0.0,0.0,0.0,0.0,0.0,0.0,0,0,0,1,0,0,0
3652,Personne physique,IL,PC,CDI,CRIL2,Bon,0.0,0.0,0.0,0.0,0.0,0.0,0.0,0.0,0.0,0,0,0,1,0,0,0
3653,Personne morale,IL,PC,CDI,CRIL2,Bon,0.0,0.0,0.0,0.0,0.0,0.0,0.0,0.0,0.0,0,0,0,1,0,0,0
3654,Personne morale,RSI,PC,CDI,CRIL2,Bon,0.0,0.0,0.0,0.0,0.0,0.0,0.0,0.0,0.0,0,0,0,1,0,0,0
3655,Personne morale,RSI,PC,CDI,CRIL2,Bon,0.0,0.0,0.0,0.0,0.0,0.0,0.0,0.0,0.0,0,0,0,1,0,0,0
3656,Personne morale,RSI,PC,CDI,CRIL2,Bon,0.0,0.0,0.0,0.0,0.0,0.0,0.0,0.0,0.0,0,0,0,1,0,0,0
3657,Personne morale,RSI,PC,CDI,CRIL2,Bon,0.0,0.0,0.0,0.0,0.0,0.0,0.0,0.0,0.0,0,0,0,1,0,0,0
3658,Personne morale,RSI,PC,CDI,CRIL2,Bon,0.0,0.0,0.0,0.0,0.0,0.0,0.0,0.0,0.0,0,0,0,1,0,0,0
3659,Personne physique,RSI,PC,CDI,CRIL2,Bon,0.0,0.0,0.0,0.0,0.0,0.0,0.0,0.0,0.0,0,0,0,1,0,0,0
3660,Personne physique,RSI,PC,CDI,CRIL2,Bon,0.0,0.0,0.0,0.0,0.0,0.0,0.0,0.0,0.0,0,0,0,1,0,0,0
3661,Personne physique,RSI,PC,CDI,CRIL2,Bon,0.0,0.0,0.0,0.0,0.0,0.0,0.0,0.0,0.0,0,0,0,1,0,0,0
3662,Personne physique,RSI,PC,CDI,CRIL2,Bon,0.0,0.0,0.0,0.0,0.0,0.0,0.0,0.0,0.0,0,0,0,1,0,0,0
3663,Personne morale,RSI,PC,CDI,CRIL2,Bon,0.0,0.0,0.0,0.0,0.0,0.0,0.0,0.0,0.0,0,0,0,1,0,0,0
3664,Personne physique,RSI,PC,CDI,CRIL2,Bon,0.0,0.0,0.0,0.0,0.0,0.0,0.0,0.0,0.0,0,0,0,1,0,0,0
3665,Personne physique,RSI,PC,CDI,CRIL2,Bon,0.0,0.0,0.0,0.0,0.0,0.0,0.0,0.0,0.0,0,0,0,1,0,0,0
3666,Personne physique,RSI,PC,CDI,CRIL2,Bon,0.0,0.0,0.0,0.0,0.0,0.0,0.0,0.0,0.0,0,0,0,1,0,0,0
3667,Personne physique,RSI,PC,CDI,CRIL2,Bon,0.0,0.0,0.0,0.0,0.0,0.0,0.0,0.0,0.0,0,0,0,1,0,0,0
3668,Personne physique,RSI,PC,CDI,CRIL2,Bon,0.0,0.0,0.0,0.0,0.0,0.0,0.0,0.0,0.0,0,0,0,1,0,0,0
3669,Personne physique,SALARIE,PC,CDI,CRIL2,Bon,0.0,0.0,0.0,0.0,0.0,0.0,0.0,0.0,0.0,0,0,0,1,0,0,0
3670,Personne physique,SALARIE,PC,CDI,CRIL2,Bon,0.0,0.0,0.0,0.0,0.0,0.0,0.0,0.0,0.0,0,0,0,1,0,0,0
3671,Personne physique,SALARIE,PC,CDI,CRIL2,Bon,0.0,0.0,0.0,0.0,0.0,0.0,0.0,0.0,0.0,0,0,0,1,0,0,0
3672,Personne physique,SALARIE,PC,CDI,CRIL2,Bon,0.0,0.0,0.0,0.0,0.0,0.0,0.0,0.0,0.0,0,0,0,1,0,0,0
3673,Personne physique,SALARIE,PC,CDI,CRIL2,Bon,0.0,0.0,0.0,0.0,0.0,0.0,0.0,0.0,0.0,0,0,0,1,0,0,0
3674,Personne physique,SALARIE,PC,CDI,CRIL2,Bon,0.0,0.0,0.0,0.0,0.0,0.0,0.0,0.0,0.0,0,0,0,1,0,0,0
3675,Personne physique,SALARIE,PC,CDI,CRIL2,Bon,0.0,0.0,0.0,0.0,0.0,0.0,0.0,0.0,0.0,0,0,0,1,0,0,0
3676,Personne physique,SALARIE,PC,CDI,CRIL2,Bon,0.0,0.0,0.0,0.0,0.0,0.0,0.0,0.0,0.0,0,0,0,1,0,0,0
3677,Personne physique,SALARIE,PC,CDI,CRIL2,Bon,0.0,0.0,0.0,0.0,0.0,0.0,0.0,0.0,0.0,0,0,0,1,0,0,0
3678,Personne physique,SALARIE,PC,CDI,CRIL2,Bon,0.0,0.0,0.0,0.0,0.0,0.0,0.0,0.0,0.0,0,0,0,1,0,0,0
3679,Personne physique,SALARIE,PC,CDI,CRIL2,Bon,0.0,0.0,0.0,0.0,0.0,0.0,0.0,0.0,0.0,0,0,0,1,0,0,0
3680,Personne physique,SALARIE,PC,CDI,CRIL2,Bon,0.0,0.0,0.0,0.0,0.0,0.0,0.0,0.0,0.0,0,0,0,1,0,0,0
3681,Personne physique,SALARIE,PC,CDI,CRIL2,Bon,0.0,0.0,0.0,0.0,0.0,0.0,0.0,0.0,0.0,0,0,0,1,0,0,0
3682,Personne physique,SALARIE,PC,CDI,CRIL2,Bon,0.0,0.0,0.0,0.0,0.0,0.0,0.0,0.0,0.0,0,0,0,1,0,0,0
3683,Personne physique,SALARIE,PC,CDI,CRIL2,Bon,0.0,0.0,0.0,0.0,0.0,0.0,0.0,0.0,0.0,0,0,0,1,0,0,0
3684,Personne physique,SALARIE,PC,CDI,CRIL2,Bon,0.0,0.0,0.0,0.0,0.0,0.0,0.0,0.0,0.0,0,0,0,1,0,0,0
3685,Personne physique,SALARIE,PC,CDI,CRIL2,Bon,0.0,0.0,0.0,0.0,0.0,0.0,0.0,0.0,0.0,0,0,0,1,0,0,0
3686,Personne physique,SALARIE,PC,CDI,CRIL2,Bon,0.0,0.0,0.0,0.0,0.0,0.0,0.0,0.0,0.0,0,0,0,1,0,0,0
3687,Personne physique,SALARIE,PC,CDI,CRIL2,Bon,0.0,0.0,0.0,0.0,0.0,0.0,0.0,0.0,0.0,0,0,0,1,0,0,0
3688,Personne physique,SALARIE,PC,CDI,CRIL2,Bon,0.0,0.0,0.0,0.0,0.0,0.0,0.0,0.0,0.0,0,0,0,1,0,0,0
3689,Personne physique,SALARIE,PC,CDI,CRIL2,Bon,0.0,0.0,0.0,0.0,0.0,0.0,0.0,0.0,0.0,0,0,0,1,0,0,0
3690,Personne physique,SALARIE,PC,CDI,CRIL2,Bon,0.0,0.0,0.0,0.0,0.0,0.0,0.0,0.0,0.0,0,0,0,1,0,0,0
3691,Personne physique,SALARIE,PC,CDI,CRIL2,Bon,0.0,0.0,0.0,0.0,0.0,0.0,0.0,0.0,0.0,0,0,0,1,0,0,0
3692,Personne physique,SALARIE,PC,CDI,CRIL2,Bon,0.0,0.0,0.0,0.0,0.0,0.0,0.0,0.0,0.0,0,0,0,1,0,0,0
3693,Personne physique,SALARIE,PC,CDI,CRIL2,Bon,0.0,0.0,0.0,0.0,0.0,0.0,0.0,0.0,0.0,0,0,0,1,0,0,0
3694,Personne physique,SALARIE,PC,CDI,CRIL2,Bon,0.0,0.0,0.0,0.0,0.0,0.0,0.0,0.0,0.0,0,0,0,1,0,0,0
3695,Personne physique,SALARIE,PC,CDI,CRIL2,Bon,0.0,0.0,0.0,0.0,0.0,0.0,0.0,0.0,0.0,0,0,0,1,0,0,0
3696,Personne physique,SALARIE,PC,CDI,CRIL2,Bon,0.0,0.0,0.0,0.0,0.0,0.0,0.0,0.0,0.0,0,0,0,1,0,0,0
3697,Personne physique,SALARIE,PC,CDI,CRIL2,Bon,0.0,0.0,0.0,0.0,0.0,0.0,0.0,0.0,0.0,0,0,0,1,0,0,0
3698,Personne physique,SALARIE,PC,CDI,CRIL2,Bon,0.0,0.0,0.0,0.0,0.0,0.0,0.0,0.0,0.0,0,0,0,1,0,0,0
3699,Personne physique,SALARIE,PC,CDI,CRIL2,Bon,0.0,0.0,0.0,0.0,0.0,0.0,0.0,0.0,0.0,0,0,0,1,0,0,0
3700,Personne physique,SALARIE,PC,CDI,CRIL2,Bon,0.0,0.0,0.0,0.0,0.0,0.0,0.0,0.0,0.0,0,0,0,1,0,0,0
3701,Personne physique,SALARIE,PC,CDI,CRIL2,Bon,0.0,0.0,0.0,0.0,0.0,0.0,0.0,0.0,0.0,0,0,0,1,0,0,0
3702,Personne physique,SALARIE,PC,CDI,CRIL2,Bon,0.0,0.0,0.0,0.0,0.0,0.0,0.0,0.0,0.0,0,0,0,1,0,0,0
3703,Personne physique,SALARIE,PC,CDI,CRIL2,Bon,0.0,0.0,0.0,0.0,0.0,0.0,0.0,0.0,0.0,0,0,0,1,0,0,0
3704,Personne physique,SALARIE,PC,CDI,CRIL2,Bon,0.0,0.0,0.0,0.0,0.0,0.0,0.0,0.0,0.0,0,0,0,1,0,0,0
3705,Personne physique,SALARIE,PC,CDI,CRIL2,Bon,0.0,0.0,0.0,0.0,0.0,0.0,0.0,0.0,0.0,0,0,0,1,0,0,0
3706,Personne physique,SALARIE,PC,CDI,CRIL2,Bon,0.0,0.0,0.0,0.0,0.0,0.0,0.0,0.0,0.0,0,0,0,1,0,0,0
3707,Personne physique,SALARIE,PC,CDI,CRIL2,Bon,0.0,0.0,0.0,0.0,0.0,0.0,0.0,0.0,0.0,0,0,0,1,0,0,0
3708,Personne physique,SALARIE,PC,CDI,CRIL2,Bon,0.0,0.0,0.0,0.0,0.0,0.0,0.0,0.0,0.0,0,0,0,1,0,0,0
3709,Personne physique,SALARIE,PC,CDI,CRIL2,Bon,0.0,0.0,0.0,0.0,0.0,0.0,0.0,0.0,0.0,0,0,0,1,0,0,0
3710,Personne physique,SALARIE,PC,CDI,CRIL2,Bon,0.0,0.0,0.0,0.0,0.0,0.0,0.0,0.0,0.0,0,0,0,1,0,0,0
3711,Personne physique,SALARIE,PC,CDI,CRIL2,Bon,0.0,0.0,0.0,0.0,0.0,0.0,0.0,0.0,0.0,0,0,0,1,0,0,0
3712,Personne physique,SALARIE,PC,CDI,CRIL2,Bon,0.0,0.0,0.0,0.0,0.0,0.0,0.0,0.0,0.0,0,0,0,1,0,0,0
3713,Personne physique,SALARIE,PC,CDI,CRIL2,Bon,0.0,0.0,0.0,0.0,0.0,0.0,0.0,0.0,0.0,0,0,0,1,0,0,0
3714,Personne physique,SALARIE,PC,CDI,CRIL2,Bon,0.0,0.0,0.0,0.0,0.0,0.0,0.0,0.0,0.0,0,0,0,1,0,0,0
3715,Personne physique,SALARIE,PC,CDI,CRIL2,Bon,0.0,0.0,0.0,0.0,0.0,0.0,0.0,0.0,0.0,0,0,0,1,0,0,0
3716,Personne physique,SALARIE,PC,CDI,CRIL2,Bon,0.0,0.0,0.0,0.0,0.0,0.0,0.0,0.0,0.0,0,0,0,1,0,0,0
3717,Personne physique,SALARIE,PC,CDI,CRIL2,Bon,0.0,0.0,0.0,0.0,0.0,0.0,0.0,0.0,0.0,0,0,0,1,0,0,0
3718,Personne physique,SALARIE,PC,CDI,CRIL2,Bon,0.0,0.0,0.0,0.0,0.0,0.0,0.0,0.0,0.0,0,0,0,1,0,0,0
3719,Personne physique,SALARIE,PC,CDI,CRIL2,Bon,0.0,0.0,0.0,0.0,0.0,0.0,0.0,0.0,0.0,0,0,0,1,0,0,0
3720,Personne physique,SALARIE,PC,CDI,CRIL2,Bon,0.0,0.0,0.0,0.0,0.0,0.0,0.0,0.0,0.0,0,0,0,1,0,0,0
3721,Personne physique,SALARIE,PC,CDI,CRIL2,Bon,0.0,0.0,0.0,0.0,0.0,0.0,0.0,0.0,0.0,0,0,0,1,0,0,0
3722,Personne physique,SALARIE,PC,CDI,CRIL2,Bon,0.0,0.0,0.0,0.0,0.0,0.0,0.0,0.0,0.0,0,0,0,1,0,0,0
3723,Personne physique,SALARIE,PC,CDI,CRIL2,Bon,0.0,0.0,0.0,0.0,0.0,0.0,0.0,0.0,0.0,0,0,0,1,0,0,0
3724,Personne physique,SALARIE,PC,CDI,CRIL2,Bon,0.0,0.0,0.0,0.0,0.0,0.0,0.0,0.0,0.0,0,0,0,1,0,0,0
3725,Personne morale,RSI,PC,CDI,CRIL2,Bon,0.0,0.0,0.0,0.0,0.0,0.0,0.0,0.0,0.0,0,0,0,1,0,0,0
3726,Personne physique,HRI,PC,CDI,CRIL2,Bon,0.0,0.0,0.0,0.0,0.0,0.0,0.0,0.0,0.0,0,0,0,0,0,0,0
3727,Personne physique,HRI,PC,CDI,CRIL2,Bon,0.0,0.0,0.0,0.0,0.0,0.0,0.0,0.0,0.0,0,0,0,0,0,0,0
3728,Personne physique,HRI,PC,CDI,CRIL2,Bon,0.0,0.0,0.0,0.0,0.0,0.0,0.0,0.0,0.0,0,0,0,0,0,0,0
3729,Personne physique,HRI,PC,CDI,CRIL2,Bon,0.0,0.0,0.0,0.0,0.0,0.0,0.0,0.0,0.0,0,0,0,0,0,0,0
3730,Personne physique,HRI,PC,CDI,CRIL2,Bon,0.0,0.0,0.0,0.0,0.0,0.0,0.0,0.0,0.0,0,0,0,0,0,0,0
3731,Personne physique,IL,PC,CDI,CRIL2,Bon,0.0,0.0,0.0,0.0,0.0,0.0,0.0,0.0,0.0,0,0,0,0,0,0,0
3732,Personne physique,IL,PC,CDI,CRIL2,Bon,0.0,0.0,0.0,0.0,0.0,0.0,0.0,0.0,0.0,0,0,0,0,0,0,0
3733,Personne physique,IL,PC,CDI,CRIL2,Bon,0.0,0.0,0.0,0.0,0.0,0.0,0.0,0.0,0.0,0,0,0,0,0,0,0
3734,Personne physique,IL,PC,CDI,CRIL2,Bon,0.0,0.0,0.0,0.0,0.0,0.0,0.0,0.0,0.0,0,0,0,0,0,0,0
3735,Personne morale,SALARIE,PC,CDI,CRIL2,Bon,0.0,0.0,0.0,0.0,0.0,0.0,0.0,0.0,0.0,0,0,0,2,0,0,0
3736,Personne morale,SALARIE,PC,CDI,CRIL2,Bon,0.0,0.0,0.0,0.0,0.0,0.0,0.0,0.0,0.0,0,0,0,2,0,0,0
3737,Personne morale,RSI,PC,CDI,CRIL2,Bon,0.0,0.0,0.0,0.0,0.0,0.0,0.0,0.0,0.0,0,0,0,1,0,0,0
3738,Personne morale,RSI,PC,CDI,CRIL2,Bon,0.0,0.0,0.0,0.0,0.0,0.0,0.0,0.0,0.0,0,0,0,0,0,0,0
3739,Personne morale,RSI,PC,CDI,CRIL2,Bon,0.0,0.0,0.0,0.0,0.0,0.0,0.0,0.0,0.0,0,0,0,1,0,0,0
3740,Personne morale,RSI,PC,CDI,CRIL2,Bon,0.0,0.0,0.0,0.0,0.0,0.0,0.0,0.0,0.0,0,0,0,0,0,0,0
3741,Personne morale,RSI,PC,CDI,CRIL2,Bon,0.0,0.0,0.0,0.0,0.0,0.0,0.0,0.0,0.0,0,0,0,0,0,0,0
3742,Personne morale,RSI,PC,CDI,CRIL2,Bon,0.0,0.0,0.0,0.0,0.0,0.0,0.0,0.0,0.0,0,0,0,0,0,0,0
3743,Personne morale,RSI,PC,CDI,CRIL2,Bon,0.0,0.0,0.0,0.0,0.0,0.0,0.0,0.0,0.0,0,0,0,0,0,0,0
3744,Personne physique,IL,PC,CDI,CRIL2,Bon,0.0,0.0,0.0,0.0,0.0,0.0,0.0,0.0,0.0,0,0,0,0,0,0,0
3745,Personne physique,RSI,PC,CDI,CRIL2,Bon,0.0,0.0,0.0,0.0,0.0,0.0,0.0,0.0,0.0,0,0,0,0,0,0,0
3746,Personne morale,HRI,PC,CDI,CRIL2,Bon,0.0,0.0,0.0,0.0,0.0,0.0,0.0,0.0,0.0,0,0,0,0,0,0,0
3747,Personne physique,IL,PC,CDI,CRIL2,Bon,0.0,0.0,0.0,0.0,0.0,0.0,0.0,0.0,0.0,0,0,0,0,0,0,0
3748,Personne physique,IL,PC,CDI,CRIL2,Bon,0.0,0.0,0.0,0.0,0.0,0.0,0.0,0.0,0.0,0,0,0,0,0,0,0
3749,Personne physique,IL,PC,CDI,CRIL2,Bon,0.0,0.0,0.0,0.0,0.0,0.0,0.0,0.0,0.0,0,0,0,0,0,0,0
3750,Personne physique,IL,PC,CDI,CRIL2,Bon,0.0,0.0,0.0,0.0,0.0,0.0,0.0,0.0,0.0,0,0,0,0,0,0,0
3751,Personne physique,IL,PC,CDI,CRIL2,Bon,0.0,0.0,0.0,0.0,0.0,0.0,0.0,0.0,0.0,0,0,0,0,0,0,0
3752,Personne physique,IL,PC,CDI,CRIL2,Bon,0.0,0.0,0.0,0.0,0.0,0.0,0.0,0.0,0.0,0,0,0,0,0,0,0
3753,Personne physique,IL,PC,CDI,CRIL2,Bon,0.0,0.0,0.0,0.0,0.0,0.0,0.0,0.0,0.0,0,0,0,0,0,0,0
3754,Personne physique,IL,PC,CDI,CRIL2,Bon,0.0,0.0,0.0,0.0,0.0,0.0,0.0,0.0,0.0,0,0,0,0,0,0,0
3755,Personne physique,IL,PC,CDI,CRIL2,Bon,0.0,0.0,0.0,0.0,0.0,0.0,0.0,0.0,0.0,0,0,0,0,0,0,0
3756,Personne physique,IL,PC,CDI,CRIL2,Bon,0.0,0.0,0.0,0.0,0.0,0.0,0.0,0.0,0.0,0,0,0,0,0,0,0
3757,Personne morale,HRI,PC,CDI,CRIL2,Bon,0.0,0.0,0.0,0.0,0.0,0.0,0.0,0.0,0.0,0,0,0,2,0,0,0
3758,Personne morale,RSI,PC,CDI,CRIL2,Bon,0.0,0.0,0.0,0.0,0.0,0.0,0.0,0.0,0.0,0,0,0,0,0,0,0
3759,Personne morale,RSI,PC,CDI,CRIL2,Bon,0.0,0.0,0.0,0.0,0.0,0.0,0.0,0.0,0.0,0,0,0,0,0,0,0
3760,Personne morale,RSI,PC,CDI,CRIL2,Bon,0.0,0.0,0.0,0.0,0.0,0.0,0.0,0.0,0.0,0,0,0,1,0,0,0
3761,Personne morale,RSI,PC,CDI,CRIL2,Bon,0.0,0.0,0.0,0.0,0.0,0.0,0.0,0.0,0.0,0,0,0,1,0,0,0
3762,Personne morale,SALARIE,PC,CDI,CRIL2,Bon,0.0,0.0,0.0,0.0,0.0,0.0,0.0,0.0,0.0,0,0,0,2,0,0,0
3763,Personne morale,SALARIE,PC,CDI,CRIL2,Bon,0.0,0.0,0.0,0.0,0.0,0.0,0.0,0.0,0.0,0,0,0,1,0,0,0
3764,Personne morale,SALARIE,PC,CDI,CRIL2,Bon,0.0,0.0,0.0,0.0,0.0,0.0,0.0,0.0,0.0,0,0,0,1,0,0,0
3765,Personne morale,SALARIE,PC,CDI,CRIL2,Bon,0.0,0.0,0.0,0.0,0.0,0.0,0.0,0.0,0.0,0,0,0,2,0,0,0
3766,Personne physique,HRI,PC,CDI,CRIL2,Bon,0.0,0.0,0.0,0.0,0.0,0.0,0.0,0.0,0.0,0,0,0,1,0,0,0
3767,Personne physique,RSI,PC,CDI,CRIL2,Bon,0.0,0.0,0.0,0.0,0.0,0.0,0.0,0.0,0.0,0,0,0,0,0,0,0
3768,Personne physique,RSI,PC,CDI,CRIL2,Bon,0.0,0.0,0.0,0.0,0.0,0.0,0.0,0.0,0.0,0,0,0,1,0,0,0
3769,Personne physique,SALARIE,PC,CDI,CRIL2,Bon,0.0,0.0,0.0,0.0,0.0,0.0,0.0,0.0,0.0,0,0,0,1,0,0,0
3770,Personne morale,RSI,PC,CDI,CRIL2,Bon,0.0,0.0,0.0,0.0,0.0,0.0,0.0,0.0,0.0,0,0,0,0,0,0,0
3771,Personne physique,RSI,PC,CDI,CRIL2,Bon,0.0,0.0,0.0,0.0,0.0,0.0,0.0,0.0,0.0,0,0,0,0,0,0,0
3772,Personne physique,RSI,PC,CDI,CRIL2,Bon,0.0,0.0,0.0,0.0,0.0,0.0,0.0,0.0,0.0,0,0,0,0,0,0,0
3773,Personne physique,RSI,PC,CDI,CRIL2,Bon,0.0,0.0,0.0,0.0,0.0,0.0,0.0,0.0,0.0,0,0,0,0,0,0,0
3774,Personne physique,RSI,PC,CDI,CRIL2,Bon,0.0,0.0,0.0,0.0,0.0,0.0,0.0,0.0,0.0,0,0,0,0,0,0,0
3775,Personne physique,RSI,PC,CDI,CRIL2,Bon,0.0,0.0,0.0,0.0,0.0,0.0,0.0,0.0,0.0,0,0,0,0,0,0,0
3776,Personne morale,RSI,PC,CDI,CRIL2,Bon,0.0,0.0,0.0,0.0,0.0,0.0,0.0,0.0,0.0,0,0,0,1,0,0,0
3777,Personne morale,RSI,PC,CDI,CRIL2,Bon,0.0,0.0,0.0,0.0,0.0,0.0,0.0,0.0,0.0,0,0,0,0,0,0,0
3778,Personne physique,RSI,PC,CDI,CRIL2,Bon,0.0,0.0,0.0,0.0,0.0,0.0,0.0,0.0,0.0,0,0,0,0,0,0,0
3779,Personne morale,RSI,PC,CDI,CRIL2,Bon,0.0,0.0,0.0,0.0,0.0,0.0,0.0,0.0,0.0,0,0,0,0,0,0,0
3780,Personne physique,IL,PC,CDI,CRIL2,Bon,0.0,0.0,0.0,0.0,0.0,0.0,0.0,0.0,0.0,0,0,0,0,0,0,0
3781,Personne morale,SALARIE,PC,CDI,CRIL2,Bon,0.0,0.0,0.0,0.0,0.0,0.0,0.0,0.0,0.0,0,0,0,1,1,0,1
3782,Personne morale,RSI,PC,CDI,CRIL2,Bon,0.0,0.0,0.0,0.0,0.0,0.0,0.0,0.0,0.0,0,0,0,0,1,0,1
3783,Personne physique,RSI,PC,CDI,CRIL2,Bon,0.0,0.0,0.0,0.0,0.0,0.0,0.0,0.0,0.0,0,0,0,0,1,0,1
3784,Personne physique,HRI,PC,CDI,CRIL2,Bon,0.0,0.0,0.0,0.0,0.0,0.0,0.0,0.0,0.0,0,0,0,0,1,0,1
3785,Personne morale,HRI,PC,CDI,CRIL2,Bon,0.0,0.0,0.0,0.0,0.0,0.0,0.0,0.0,0.0,0,0,0,2,1,0,1
3786,Personne morale,RSI,PC,CDI,CRIL2,Bon,0.0,0.0,0.0,0.0,0.0,0.0,0.0,0.0,0.0,0,0,0,0,1,0,1
3787,Personne morale,RSI,PC,CDI,CRIL2,Bon,0.0,0.0,0.0,0.0,0.0,0.0,0.0,0.0,0.0,0,0,0,0,1,0,1
3788,Personne morale,RSI,PC,CDI,CRIL2,Bon,0.0,0.0,0.0,0.0,0.0,0.0,0.0,0.0,0.0,0,0,0,0,1,0,1
3789,Personne physique,SALARIE,PC,CDI,CRIL2,Bon,0.0,0.0,0.0,0.0,0.0,0.0,0.0,0.0,0.0,0,0,0,1,1,0,1
3790,Personne morale,HRI,PC,CDI,CRIL2,Bon,0.0,0.0,0.0,0.0,0.0,0.0,0.0,0.0,0.0,0,0,0,1,1,0,1
3791,Personne physique,HRI,PC,CDI,CRIL2,Bon,0.0,0.0,0.0,0.0,0.0,0.0,0.0,0.0,0.0,0,0,0,1,1,0,1
3792,Personne morale,SALARIE,PC,CDI,CRIL2,Bon,0.0,0.0,0.0,0.0,0.0,0.0,0.0,0.0,0.0,0,0,0,1,1,0,1
3793,Personne physique,RSI,PC,CDI,CRIL2,Bon,0.0,0.0,0.0,0.0,0.0,0.0,0.0,0.0,0.0,0,0,0,0,1,0,1
3794,Personne morale,RSI,PC,CDI,CRIL2,Bon,0.0,0.0,0.0,0.0,0.0,0.0,0.0,0.0,0.0,0,0,0,0,1,0,1
3795,Personne morale,RSI,PC,CDI,CRIL2,Bon,0.0,0.0,0.0,0.0,0.0,0.0,0.0,0.0,0.0,0,0,0,0,1,0,1
3796,Personne morale,SALARIE,PC,CDI,CRIL2,Bon,0.0,0.0,0.0,0.0,0.0,0.0,0.0,0.0,0.0,0,0,0,1,1,0,1
3797,Personne morale,RSI,PC,CDI,CRIL2,Bon,0.0,0.0,0.0,0.0,0.0,0.0,0.0,0.0,0.0,0,0,0,0,1,0,1
3798,Personne physique,RSI,PC,CDI,CRIL2,Bon,0.0,0.0,0.0,0.0,0.0,0.0,0.0,0.0,0.0,0,0,0,0,1,0,1
3799,Personne physique,RSI,PC,CDI,CRIL2,Bon,0.0,0.0,0.0,0.0,0.0,0.0,0.0,0.0,0.0,0,0,0,0,1,0,1
3800,Personne physique,SALARIE,PC,CDI,CRIL2,Bon,0.0,0.0,0.0,0.0,0.0,0.0,0.0,0.0,0.0,0,0,0,1,1,0,1
3801,Personne morale,HRI,PC,CDI,CRIL2,Bon,0.0,0.0,0.0,0.0,0.0,0.0,0.0,0.0,0.0,0,0,0,0,1,0,1
3802,Personne morale,RSI,PC,CDI,CRIL2,Bon,0.0,0.0,0.0,0.0,0.0,0.0,0.0,0.0,0.0,0,0,0,0,1,0,1
3803,Personne morale,HRI,PC,CDI,CRIL2,Bon,0.0,0.0,0.0,0.0,0.0,0.0,0.0,0.0,0.0,0,0,0,0,1,0,1
3804,Personne morale,RSI,PC,CDI,CRIL2,Bon,0.0,0.0,0.0,0.0,0.0,0.0,0.0,0.0,0.0,0,0,0,0,1,0,1
3805,Personne physique,RSI,PC,CDI,CRIL2,Bon,0.0,0.0,0.0,0.0,0.0,0.0,0.0,0.0,0.0,0,0,0,0,1,0,1
3806,Personne physique,RSI,PC,CDI,CRIL2,Bon,0.0,0.0,0.0,0.0,0.0,0.0,0.0,0.0,0.0,0,0,0,0,1,0,1
3807,Personne morale,RSI,PC,CDI,CRIL2,Bon,0.0,0.0,0.0,0.0,0.0,0.0,0.0,0.0,0.0,0,0,0,0,1,0,1
3808,Personne morale,RSI,PC,CDI,CRIL2,Bon,0.0,0.0,0.0,0.0,0.0,0.0,0.0,0.0,0.0,0,0,0,0,1,0,1
3809,Personne morale,RSI,PC,CDI,CRIL2,Bon,0.0,0.0,0.0,0.0,0.0,0.0,0.0,0.0,0.0,0,0,0,0,1,0,1
3810,Personne morale,RSI,PC,CDI,CRIL2,Bon,0.0,0.0,0.0,0.0,0.0,0.0,0.0,0.0,0.0,0,0,0,0,1,0,1
3811,Personne morale,RSI,PC,CDI,CRIL2,Bon,0.0,0.0,0.0,0.0,0.0,0.0,0.0,0.0,0.0,0,0,0,0,1,0,1
3812,Personne morale,RSI,PC,CDI,CRIL2,Bon,0.0,0.0,0.0,0.0,0.0,0.0,0.0,0.0,0.0,0,0,0,0,1,0,1
3813,Personne morale,RSI,PC,CDI,CRIL2,Bon,0.0,0.0,0.0,0.0,0.0,0.0,0.0,0.0,0.0,0,0,0,0,1,0,1
3814,Personne morale,RSI,PC,CDI,CRIL2,Bon,0.0,0.0,0.0,0.0,0.0,0.0,0.0,0.0,0.0,0,0,0,0,1,0,1
3815,Personne morale,RSI,PC,CDI,CRIL2,Bon,0.0,0.0,0.0,0.0,0.0,0.0,0.0,0.0,0.0,0,0,0,0,1,0,1
3816,Personne morale,RSI,PC,CDI,CRIL2,Bon,0.0,0.0,0.0,0.0,0.0,0.0,0.0,0.0,0.0,0,0,0,0,1,0,1
3817,Personne morale,RSI,PC,CDI,CRIL2,Bon,0.0,0.0,0.0,0.0,0.0,0.0,0.0,0.0,0.0,0,0,0,0,1,0,1
3818,Personne physique,IL,PC,CDI,CRILEXT,Bon,0.0,0.0,0.0,0.0,0.0,0.0,0.0,0.0,0.0,0,0,0,1,0,0,0
3819,Personne morale,HRI,PC,CDI,CRILEXT,Bon,0.0,0.0,0.0,0.0,0.0,0.0,0.0,0.0,0.0,0,0,0,0,0,0,0
3820,Personne physique,HRI,PC,CDI,CRILEXT,Bon,0.0,0.0,0.0,0.0,0.0,0.0,0.0,0.0,0.0,0,0,0,1,0,0,0
3821,Personne physique,HRI,PC,CDI,CRILEXT,Bon,0.0,0.0,0.0,0.0,0.0,0.0,0.0,0.0,0.0,0,0,0,1,0,0,0
3822,Personne physique,HRI,PC,CDI,CRILEXT,Bon,0.0,0.0,0.0,0.0,0.0,0.0,0.0,0.0,0.0,0,0,0,0,0,0,0
3823,Personne physique,HRI,PC,CDI,CRILEXT,Bon,0.0,0.0,0.0,0.0,0.0,0.0,0.0,0.0,0.0,0,0,0,1,0,0,0
3824,Personne physique,HRI,PC,CDI,CRILEXT,Bon,0.0,0.0,0.0,0.0,0.0,0.0,0.0,0.0,0.0,0,0,0,1,0,0,0
3825,Personne physique,HRI,PC,CDI,CRILEXT,Bon,0.0,0.0,0.0,0.0,0.0,0.0,0.0,0.0,0.0,0,0,0,1,0,0,0
3826,Personne physique,HRI,PC,CDI,CRILEXT,Bon,0.0,0.0,0.0,0.0,0.0,0.0,0.0,0.0,0.0,0,0,0,1,0,0,0
3827,Personne physique,HRI,PC,CDI,CRILEXT,Bon,0.0,0.0,0.0,0.0,0.0,0.0,0.0,0.0,0.0,0,0,0,1,0,0,0
3828,Personne physique,HRI,PC,CDI,CRILEXT,Bon,0.0,0.0,0.0,0.0,0.0,0.0,0.0,0.0,0.0,0,0,0,1,0,0,0
3829,Personne physique,HRI,PC,CDI,CRILEXT,Bon,0.0,0.0,0.0,0.0,0.0,0.0,0.0,0.0,0.0,0,0,0,1,0,0,0
3830,Personne physique,HRI,PC,CDI,CRILEXT,Bon,0.0,0.0,0.0,0.0,0.0,0.0,0.0,0.0,0.0,0,0,0,1,0,0,0
3831,Personne physique,IL,PC,CDI,CRILEXT,Bon,0.0,0.0,0.0,0.0,0.0,0.0,0.0,0.0,0.0,0,0,0,0,0,0,0
3832,Personne physique,IL,PC,CDI,CRILEXT,Bon,0.0,0.0,0.0,0.0,0.0,0.0,0.0,0.0,0.0,0,0,0,0,0,0,0
3833,Personne physique,IL,PC,CDI,CRILEXT,Bon,0.0,0.0,0.0,0.0,0.0,0.0,0.0,0.0,0.0,0,0,0,1,0,0,0
3834,Personne physique,IL,PC,CDI,CRILEXT,Bon,0.0,0.0,0.0,0.0,0.0,0.0,0.0,0.0,0.0,0,0,0,0,0,0,0
3835,Personne physique,IL,PC,CDI,CRILEXT,Bon,0.0,0.0,0.0,0.0,0.0,0.0,0.0,0.0,0.0,0,0,0,1,0,0,0
3836,Personne physique,IL,PC,CDI,CRILEXT,Bon,0.0,0.0,0.0,0.0,0.0,0.0,0.0,0.0,0.0,0,0,0,0,0,0,0
3837,Personne physique,IL,PC,CDI,CRILEXT,Bon,0.0,0.0,0.0,0.0,0.0,0.0,0.0,0.0,0.0,0,0,0,1,0,0,0
3838,Personne physique,IL,PC,CDI,CRILEXT,Bon,0.0,0.0,0.0,0.0,0.0,0.0,0.0,0.0,0.0,0,0,0,1,0,0,0
3839,Personne physique,IL,PC,CDI,CRILEXT,Bon,0.0,0.0,0.0,0.0,0.0,0.0,0.0,0.0,0.0,0,0,0,1,0,0,0
3840,Personne physique,IL,PC,CDI,CRILEXT,Bon,0.0,0.0,0.0,0.0,0.0,0.0,0.0,0.0,0.0,0,0,0,0,0,0,0
3841,Personne physique,IL,PC,CDI,CRILEXT,Bon,0.0,0.0,0.0,0.0,0.0,0.0,0.0,0.0,0.0,0,0,0,1,0,0,0
3842,Personne physique,IL,PC,CDI,CRILEXT,Bon,0.0,0.0,0.0,0.0,0.0,0.0,0.0,0.0,0.0,0,0,0,1,0,0,0
3843,Personne physique,IL,PC,CDI,CRILEXT,Bon,0.0,0.0,0.0,0.0,0.0,0.0,0.0,0.0,0.0,0,0,0,1,0,0,0
3844,Personne physique,IL,PC,CDI,CRILEXT,Bon,0.0,0.0,0.0,0.0,0.0,0.0,0.0,0.0,0.0,0,0,0,0,0,0,0
3845,Personne physique,IL,PC,CDI,CRILEXT,Bon,0.0,0.0,0.0,0.0,0.0,0.0,0.0,0.0,0.0,0,0,0,0,0,0,0
3846,Personne physique,IL,PC,CDI,CRILEXT,Bon,0.0,0.0,0.0,0.0,0.0,0.0,0.0,0.0,0.0,0,0,0,1,0,0,0
3847,Personne physique,IL,PC,CDI,CRILEXT,Bon,0.0,0.0,0.0,0.0,0.0,0.0,0.0,0.0,0.0,0,0,0,0,0,0,0
3848,Personne physique,IL,PC,CDI,CRILEXT,Bon,0.0,0.0,0.0,0.0,0.0,0.0,0.0,0.0,0.0,0,0,0,1,0,0,0
3849,Personne physique,IL,PC,CDI,CRILEXT,Bon,0.0,0.0,0.0,0.0,0.0,0.0,0.0,0.0,0.0,0,0,0,0,0,0,0
3850,Personne physique,IL,PC,CDI,CRILEXT,Bon,0.0,0.0,0.0,0.0,0.0,0.0,0.0,0.0,0.0,0,0,0,0,0,0,0
3851,Personne physique,IL,PC,CDI,CRILEXT,Bon,0.0,0.0,0.0,0.0,0.0,0.0,0.0,0.0,0.0,0,0,0,1,0,0,0
3852,Personne physique,IL,PC,CDI,CRILEXT,Bon,0.0,0.0,0.0,0.0,0.0,0.0,0.0,0.0,0.0,0,0,0,0,0,0,0
3853,Personne physique,IL,PC,CDI,CRILEXT,Bon,0.0,0.0,0.0,0.0,0.0,0.0,0.0,0.0,0.0,0,0,0,0,0,0,0
3854,Personne morale,RSI,PC,CDI,CRILEXT,Bon,0.0,0.0,0.0,0.0,0.0,0.0,0.0,0.0,0.0,0,0,0,0,0,0,0
3855,Personne morale,RSI,PC,CDI,CRILEXT,Bon,0.0,0.0,0.0,0.0,0.0,0.0,0.0,0.0,0.0,0,0,0,0,0,0,0
3856,Personne morale,RSI,PC,CDI,CRILEXT,Bon,0.0,0.0,0.0,0.0,0.0,0.0,0.0,0.0,0.0,0,0,0,0,0,0,0
3857,Personne morale,RSI,PC,CDI,CRILEXT,Bon,0.0,0.0,0.0,0.0,0.0,0.0,0.0,0.0,0.0,0,0,0,0,0,0,0
3858,Personne morale,RSI,PC,CDI,CRILEXT,Bon,0.0,0.0,0.0,0.0,0.0,0.0,0.0,0.0,0.0,0,0,0,0,0,0,0
3859,Personne morale,RSI,PC,CDI,CRILEXT,Bon,0.0,0.0,0.0,0.0,0.0,0.0,0.0,0.0,0.0,0,0,0,0,0,0,0
3860,Personne morale,RSI,PC,CDI,CRILEXT,Bon,0.0,0.0,0.0,0.0,0.0,0.0,0.0,0.0,0.0,0,0,0,1,0,0,0
3861,Personne morale,RSI,PC,CDI,CRILEXT,Bon,0.0,0.0,0.0,0.0,0.0,0.0,0.0,0.0,0.0,0,0,0,1,0,0,0
3862,Personne morale,RSI,PC,CDI,CRILEXT,Bon,0.0,0.0,0.0,0.0,0.0,0.0,0.0,0.0,0.0,0,0,0,1,0,0,0
3863,Personne morale,RSI,PC,CDI,CRILEXT,Bon,0.0,0.0,0.0,0.0,0.0,0.0,0.0,0.0,0.0,0,0,0,0,0,0,0
3864,Personne physique,RSI,PC,CDI,CRILEXT,Bon,0.0,0.0,0.0,0.0,0.0,0.0,0.0,0.0,0.0,0,0,0,1,0,0,0
3865,Personne physique,RSI,PC,CDI,CRILEXT,Bon,0.0,0.0,0.0,0.0,0.0,0.0,0.0,0.0,0.0,0,0,0,1,0,0,0
3866,Personne physique,RSI,PC,CDI,CRILEXT,Bon,0.0,0.0,0.0,0.0,0.0,0.0,0.0,0.0,0.0,0,0,0,1,0,0,0
3867,Personne physique,RSI,PC,CDI,CRILEXT,Bon,0.0,0.0,0.0,0.0,0.0,0.0,0.0,0.0,0.0,0,0,0,1,0,0,0
3868,Personne physique,RSI,PC,CDI,CRILEXT,Bon,0.0,0.0,0.0,0.0,0.0,0.0,0.0,0.0,0.0,0,0,0,1,0,0,0
3869,Personne physique,RSI,PC,CDI,CRILEXT,Bon,0.0,0.0,0.0,0.0,0.0,0.0,0.0,0.0,0.0,0,0,0,1,0,0,0
3870,Personne physique,RSI,PC,CDI,CRILEXT,Bon,0.0,0.0,0.0,0.0,0.0,0.0,0.0,0.0,0.0,0,0,0,0,0,0,0
3871,Personne physique,RSI,PC,CDI,CRILEXT,Bon,0.0,0.0,0.0,0.0,0.0,0.0,0.0,0.0,0.0,0,0,0,0,0,0,0
3872,Personne physique,RSI,PC,CDI,CRILEXT,Bon,0.0,0.0,0.0,0.0,0.0,0.0,0.0,0.0,0.0,0,0,0,1,0,0,0
3873,Personne physique,RSI,PC,CDI,CRILEXT,Bon,0.0,0.0,0.0,0.0,0.0,0.0,0.0,0.0,0.0,0,0,0,0,0,0,0
3874,Personne physique,RSI,PC,CDI,CRILEXT,Bon,0.0,0.0,0.0,0.0,0.0,0.0,0.0,0.0,0.0,0,0,0,1,0,0,0
3875,Personne physique,RSI,PC,CDI,CRILEXT,Bon,0.0,0.0,0.0,0.0,0.0,0.0,0.0,0.0,0.0,0,0,0,1,0,0,0
3876,Personne physique,RSI,PC,CDI,CRILEXT,Bon,0.0,0.0,0.0,0.0,0.0,0.0,0.0,0.0,0.0,0,0,0,1,0,0,0
3877,Personne physique,RSI,PC,CDI,CRILEXT,Bon,0.0,0.0,0.0,0.0,0.0,0.0,0.0,0.0,0.0,0,0,0,1,0,0,0
3878,Personne physique,RSI,PC,CDI,CRILEXT,Bon,0.0,0.0,0.0,0.0,0.0,0.0,0.0,0.0,0.0,0,0,0,1,0,0,0
3879,Personne physique,RSI,PC,CDI,CRILEXT,Bon,0.0,0.0,0.0,0.0,0.0,0.0,0.0,0.0,0.0,0,0,0,0,0,0,0
3880,Personne physique,RSI,PC,CDI,CRILEXT,Bon,0.0,0.0,0.0,0.0,0.0,0.0,0.0,0.0,0.0,0,0,0,0,0,0,0
3881,Personne physique,SALARIE,PC,CDI,CRILEXT,Bon,0.0,0.0,0.0,0.0,0.0,0.0,0.0,0.0,0.0,0,0,0,1,0,0,0
3882,Personne physique,SALARIE,PC,CDI,CRILEXT,Bon,0.0,0.0,0.0,0.0,0.0,0.0,0.0,0.0,0.0,0,0,0,1,0,0,0
3883,Personne physique,SALARIE,PC,CDI,CRILEXT,Bon,0.0,0.0,0.0,0.0,0.0,0.0,0.0,0.0,0.0,0,0,0,1,0,0,0
3884,Personne physique,SALARIE,PC,CDI,CRILEXT,Bon,0.0,0.0,0.0,0.0,0.0,0.0,0.0,0.0,0.0,0,0,0,1,0,0,0
3885,Personne physique,SALARIE,PC,CDI,CRILEXT,Bon,0.0,0.0,0.0,0.0,0.0,0.0,0.0,0.0,0.0,0,0,0,1,0,0,0
3886,Personne physique,SALARIE,PC,CDI,CRILEXT,Bon,0.0,0.0,0.0,0.0,0.0,0.0,0.0,0.0,0.0,0,0,0,1,0,0,0
3887,Personne physique,SALARIE,PC,CDI,CRILEXT,Bon,0.0,0.0,0.0,0.0,0.0,0.0,0.0,0.0,0.0,0,0,0,1,0,0,0
3888,Personne physique,SALARIE,PC,CDI,CRILEXT,Bon,0.0,0.0,0.0,0.0,0.0,0.0,0.0,0.0,0.0,0,0,0,1,0,0,0
3889,Personne physique,SALARIE,PC,CDI,CRILEXT,Bon,0.0,0.0,0.0,0.0,0.0,0.0,0.0,0.0,0.0,0,0,0,1,0,0,0
3890,Personne physique,SALARIE,PC,CDI,CRILEXT,Bon,0.0,0.0,0.0,0.0,0.0,0.0,0.0,0.0,0.0,0,0,0,1,0,0,0
3891,Personne physique,SALARIE,PC,CDI,CRILEXT,Bon,0.0,0.0,0.0,0.0,0.0,0.0,0.0,0.0,0.0,0,0,0,1,0,0,0
3892,Personne physique,SALARIE,PC,CDI,CRILEXT,Bon,0.0,0.0,0.0,0.0,0.0,0.0,0.0,0.0,0.0,0,0,0,1,0,0,0
3893,Personne physique,SALARIE,PC,CDI,CRILEXT,Bon,0.0,0.0,0.0,0.0,0.0,0.0,0.0,0.0,0.0,0,0,0,1,0,0,0
3894,Personne physique,SALARIE,PC,CDI,CRILEXT,Bon,0.0,0.0,0.0,0.0,0.0,0.0,0.0,0.0,0.0,0,0,0,1,0,0,0
3895,Personne physique,SALARIE,PC,CDI,CRILEXT,Bon,0.0,0.0,0.0,0.0,0.0,0.0,0.0,0.0,0.0,0,0,0,1,0,0,0
3896,Personne physique,SALARIE,PC,CDI,CRILEXT,Bon,0.0,0.0,0.0,0.0,0.0,0.0,0.0,0.0,0.0,0,0,0,1,0,0,0
3897,Personne physique,SALARIE,PC,CDI,CRILEXT,Bon,0.0,0.0,0.0,0.0,0.0,0.0,0.0,0.0,0.0,0,0,0,1,0,0,0
3898,Personne physique,SALARIE,PC,CDI,CRILEXT,Bon,0.0,0.0,0.0,0.0,0.0,0.0,0.0,0.0,0.0,0,0,0,1,0,0,0
3899,Personne physique,SALARIE,PC,CDI,CRILEXT,Bon,0.0,0.0,0.0,0.0,0.0,0.0,0.0,0.0,0.0,0,0,0,1,0,0,0
3900,Personne physique,SALARIE,PC,CDI,CRILEXT,Bon,0.0,0.0,0.0,0.0,0.0,0.0,0.0,0.0,0.0,0,0,0,1,0,0,0
3901,Personne physique,SALARIE,PC,CDI,CRILEXT,Bon,0.0,0.0,0.0,0.0,0.0,0.0,0.0,0.0,0.0,0,0,0,1,0,0,0
3902,Personne physique,SALARIE,PC,CDI,CRILEXT,Bon,0.0,0.0,0.0,0.0,0.0,0.0,0.0,0.0,0.0,0,0,0,1,0,0,0
3903,Personne physique,SALARIE,PC,CDI,CRILEXT,Bon,0.0,0.0,0.0,0.0,0.0,0.0,0.0,0.0,0.0,0,0,0,1,0,0,0
3904,Personne physique,SALARIE,PC,CDI,CRILEXT,Bon,0.0,0.0,0.0,0.0,0.0,0.0,0.0,0.0,0.0,0,0,0,1,0,0,0
3905,Personne physique,SALARIE,PC,CDI,CRILEXT,Bon,0.0,0.0,0.0,0.0,0.0,0.0,0.0,0.0,0.0,0,0,0,1,0,0,0
3906,Personne physique,SALARIE,PC,CDI,CRILEXT,Bon,0.0,0.0,0.0,0.0,0.0,0.0,0.0,0.0,0.0,0,0,0,1,0,0,0
3907,Personne physique,SALARIE,PC,CDI,CRILEXT,Bon,0.0,0.0,0.0,0.0,0.0,0.0,0.0,0.0,0.0,0,0,0,1,0,0,0
3908,Personne physique,SALARIE,PC,CDI,CRILEXT,Bon,0.0,0.0,0.0,0.0,0.0,0.0,0.0,0.0,0.0,0,0,0,1,0,0,0
3909,Personne physique,SALARIE,PC,CDI,CRILEXT,Bon,0.0,0.0,0.0,0.0,0.0,0.0,0.0,0.0,0.0,0,0,0,1,0,0,0
3910,Personne physique,SALARIE,PC,CDI,CRILEXT,Bon,0.0,0.0,0.0,0.0,0.0,0.0,0.0,0.0,0.0,0,0,0,1,0,0,0
3911,Personne physique,SALARIE,PC,CDI,CRILEXT,Bon,0.0,0.0,0.0,0.0,0.0,0.0,0.0,0.0,0.0,0,0,0,1,0,0,0
3912,Personne physique,SALARIE,PC,CDI,CRILEXT,Bon,0.0,0.0,0.0,0.0,0.0,0.0,0.0,0.0,0.0,0,0,0,1,0,0,0
3913,Personne physique,SALARIE,PC,CDI,CRILEXT,Bon,0.0,0.0,0.0,0.0,0.0,0.0,0.0,0.0,0.0,0,0,0,1,0,0,0
3914,Personne physique,SALARIE,PC,CDI,CRILEXT,Bon,0.0,0.0,0.0,0.0,0.0,0.0,0.0,0.0,0.0,0,0,0,1,0,0,0
3915,Personne physique,SALARIE,PC,CDI,CRILEXT,Bon,0.0,0.0,0.0,0.0,0.0,0.0,0.0,0.0,0.0,0,0,0,1,0,0,0
3916,Personne physique,SALARIE,PC,CDI,CRILEXT,Bon,0.0,0.0,0.0,0.0,0.0,0.0,0.0,0.0,0.0,0,0,0,1,0,0,0
3917,Personne physique,SALARIE,PC,CDI,CRILEXT,Bon,0.0,0.0,0.0,0.0,0.0,0.0,0.0,0.0,0.0,0,0,0,1,0,0,0
3918,Personne physique,SALARIE,PC,CDI,CRILEXT,Bon,0.0,0.0,0.0,0.0,0.0,0.0,0.0,0.0,0.0,0,0,0,1,0,0,0
3919,Personne physique,SALARIE,PC,CDI,CRILEXT,Bon,0.0,0.0,0.0,0.0,0.0,0.0,0.0,0.0,0.0,0,0,0,1,0,0,0
3920,Personne physique,SALARIE,PC,CDI,CRILEXT,Bon,0.0,0.0,0.0,0.0,0.0,0.0,0.0,0.0,0.0,0,0,0,1,0,0,0
3921,Personne physique,SALARIE,PC,CDI,CRILEXT,Bon,0.0,0.0,0.0,0.0,0.0,0.0,0.0,0.0,0.0,0,0,0,1,0,0,0
3922,Personne physique,SALARIE,PC,CDI,CRILEXT,Bon,0.0,0.0,0.0,0.0,0.0,0.0,0.0,0.0,0.0,0,0,0,1,0,0,0
3923,Personne physique,SALARIE,PC,CDI,CRILEXT,Bon,0.0,0.0,0.0,0.0,0.0,0.0,0.0,0.0,0.0,0,0,0,1,0,0,0
3924,Personne physique,SALARIE,PC,CDI,CRILEXT,Bon,0.0,0.0,0.0,0.0,0.0,0.0,0.0,0.0,0.0,0,0,0,1,0,0,0
3925,Personne physique,SALARIE,PC,CDI,CRILEXT,Bon,0.0,0.0,0.0,0.0,0.0,0.0,0.0,0.0,0.0,0,0,0,1,0,0,0
3926,Personne physique,SALARIE,PC,CDI,CRILEXT,Bon,0.0,0.0,0.0,0.0,0.0,0.0,0.0,0.0,0.0,0,0,0,1,0,0,0
3927,Personne physique,SALARIE,PC,CDI,CRILEXT,Bon,0.0,0.0,0.0,0.0,0.0,0.0,0.0,0.0,0.0,0,0,0,1,0,0,0
3928,Personne physique,SALARIE,PC,CDI,CRILEXT,Bon,0.0,0.0,0.0,0.0,0.0,0.0,0.0,0.0,0.0,0,0,0,1,0,0,0
3929,Personne physique,SALARIE,PC,CDI,CRILEXT,Bon,0.0,0.0,0.0,0.0,0.0,0.0,0.0,0.0,0.0,0,0,0,1,0,0,0
3930,Personne physique,SALARIE,PC,CDI,CRILEXT,Bon,0.0,0.0,0.0,0.0,0.0,0.0,0.0,0.0,0.0,0,0,0,1,0,0,0
3931,Personne physique,SALARIE,PC,CDI,CRILEXT,Bon,0.0,0.0,0.0,0.0,0.0,0.0,0.0,0.0,0.0,0,0,0,1,0,0,0
3932,Personne physique,SALARIE,PC,CDI,CRILEXT,Bon,0.0,0.0,0.0,0.0,0.0,0.0,0.0,0.0,0.0,0,0,0,1,0,0,0
3933,Personne physique,SALARIE,PC,CDI,CRILEXT,Bon,0.0,0.0,0.0,0.0,0.0,0.0,0.0,0.0,0.0,0,0,0,1,0,0,0
3934,Personne physique,SALARIE,PC,CDI,CRILEXT,Bon,0.0,0.0,0.0,0.0,0.0,0.0,0.0,0.0,0.0,0,0,0,1,0,0,0
3935,Personne physique,SALARIE,PC,CDI,CRILEXT,Bon,0.0,0.0,0.0,0.0,0.0,0.0,0.0,0.0,0.0,0,0,0,1,0,0,0
3936,Personne physique,SALARIE,PC,CDI,CRILEXT,Bon,0.0,0.0,0.0,0.0,0.0,0.0,0.0,0.0,0.0,0,0,0,1,0,0,0
3937,Personne physique,SALARIE,PC,CDI,CRILEXT,Bon,0.0,0.0,0.0,0.0,0.0,0.0,0.0,0.0,0.0,0,0,0,1,0,0,0
3938,Personne physique,SALARIE,PC,CDI,CRILEXT,Bon,0.0,0.0,0.0,0.0,0.0,0.0,0.0,0.0,0.0,0,0,0,1,0,0,0
3939,Personne physique,SALARIE,PC,CDI,CRILEXT,Bon,0.0,0.0,0.0,0.0,0.0,0.0,0.0,0.0,0.0,0,0,0,1,0,0,0
3940,Personne physique,SALARIE,PC,CDI,CRILEXT,Bon,0.0,0.0,0.0,0.0,0.0,0.0,0.0,0.0,0.0,0,0,0,1,0,0,0
3941,Personne physique,SALARIE,PC,CDI,CRILEXT,Bon,0.0,0.0,0.0,0.0,0.0,0.0,0.0,0.0,0.0,0,0,0,1,0,0,0
3942,Personne physique,SALARIE,PC,CDI,CRILEXT,Bon,0.0,0.0,0.0,0.0,0.0,0.0,0.0,0.0,0.0,0,0,0,1,0,0,0
3943,Personne physique,SALARIE,PC,CDI,CRILEXT,Bon,0.0,0.0,0.0,0.0,0.0,0.0,0.0,0.0,0.0,0,0,0,1,0,0,0
3944,Personne physique,SALARIE,PC,CDI,CRILEXT,Bon,0.0,0.0,0.0,0.0,0.0,0.0,0.0,0.0,0.0,0,0,0,1,0,0,0
3945,Personne physique,SALARIE,PC,CDI,CRILEXT,Bon,0.0,0.0,0.0,0.0,0.0,0.0,0.0,0.0,0.0,0,0,0,1,0,0,0
3946,Personne physique,SALARIE,PC,CDI,CRILEXT,Bon,0.0,0.0,0.0,0.0,0.0,0.0,0.0,0.0,0.0,0,0,0,1,0,0,0
3947,Personne physique,SALARIE,PC,CDI,CRILEXT,Bon,0.0,0.0,0.0,0.0,0.0,0.0,0.0,0.0,0.0,0,0,0,1,0,0,0
3948,Personne physique,SALARIE,PC,CDI,CRILEXT,Bon,0.0,0.0,0.0,0.0,0.0,0.0,0.0,0.0,0.0,0,0,0,1,0,0,0
3949,Personne physique,SALARIE,PC,CDI,CRILEXT,Bon,0.0,0.0,0.0,0.0,0.0,0.0,0.0,0.0,0.0,0,0,0,1,0,0,0
3950,Personne physique,SALARIE,PC,CDI,CRILEXT,Bon,0.0,0.0,0.0,0.0,0.0,0.0,0.0,0.0,0.0,0,0,0,1,0,0,0
3951,Personne physique,SALARIE,PC,CDI,CRILEXT,Bon,0.0,0.0,0.0,0.0,0.0,0.0,0.0,0.0,0.0,0,0,0,1,0,0,0
3952,Personne physique,SALARIE,PC,CDI,CRILEXT,Bon,0.0,0.0,0.0,0.0,0.0,0.0,0.0,0.0,0.0,0,0,0,1,0,0,0
3953,Personne physique,SALARIE,PC,CDI,CRILEXT,Bon,0.0,0.0,0.0,0.0,0.0,0.0,0.0,0.0,0.0,0,0,0,1,0,0,0
3954,Personne physique,SALARIE,PC,CDI,CRILEXT,Bon,0.0,0.0,0.0,0.0,0.0,0.0,0.0,0.0,0.0,0,0,0,1,0,0,0
3955,Personne physique,SALARIE,PC,CDI,CRILEXT,Bon,0.0,0.0,0.0,0.0,0.0,0.0,0.0,0.0,0.0,0,0,0,1,0,0,0
3956,Personne physique,SALARIE,PC,CDI,CRILEXT,Bon,0.0,0.0,0.0,0.0,0.0,0.0,0.0,0.0,0.0,0,0,0,1,0,0,0
3957,Personne physique,SALARIE,PC,CDI,CRILEXT,Bon,0.0,0.0,0.0,0.0,0.0,0.0,0.0,0.0,0.0,0,0,0,1,0,0,0
3958,Personne physique,SALARIE,PC,CDI,CRILEXT,Bon,0.0,0.0,0.0,0.0,0.0,0.0,0.0,0.0,0.0,0,0,0,1,0,0,0
3959,Personne physique,SALARIE,PC,CDI,CRILEXT,Bon,0.0,0.0,0.0,0.0,0.0,0.0,0.0,0.0,0.0,0,0,0,1,0,0,0
3960,Personne physique,SALARIE,PC,CDI,CRILEXT,Bon,0.0,0.0,0.0,0.0,0.0,0.0,0.0,0.0,0.0,0,0,0,1,0,0,0
3961,Personne physique,SALARIE,PC,CDI,CRILEXT,Bon,0.0,0.0,0.0,0.0,0.0,0.0,0.0,0.0,0.0,0,0,0,1,0,0,0
3962,Personne physique,SALARIE,PC,CDI,CRILEXT,Bon,0.0,0.0,0.0,0.0,0.0,0.0,0.0,0.0,0.0,0,0,0,1,0,0,0
3963,Personne physique,SALARIE,PC,CDI,CRILEXT,Bon,0.0,0.0,0.0,0.0,0.0,0.0,0.0,0.0,0.0,0,0,0,1,0,0,0
3964,Personne physique,SALARIE,PC,CDI,CRILEXT,Bon,0.0,0.0,0.0,0.0,0.0,0.0,0.0,0.0,0.0,0,0,0,1,0,0,0
3965,Personne physique,SALARIE,PC,CDI,CRILEXT,Bon,0.0,0.0,0.0,0.0,0.0,0.0,0.0,0.0,0.0,0,0,0,1,0,0,0
3966,Personne physique,SALARIE,PC,CDI,CRILEXT,Bon,0.0,0.0,0.0,0.0,0.0,0.0,0.0,0.0,0.0,0,0,0,1,0,0,0
3967,Personne physique,SALARIE,PC,CDI,CRILEXT,Bon,0.0,0.0,0.0,0.0,0.0,0.0,0.0,0.0,0.0,0,0,0,1,0,0,0
3968,Personne physique,SALARIE,PC,CDI,CRILEXT,Bon,0.0,0.0,0.0,0.0,0.0,0.0,0.0,0.0,0.0,0,0,0,1,0,0,0
3969,Personne physique,SALARIE,PC,CDI,CRILEXT,Bon,0.0,0.0,0.0,0.0,0.0,0.0,0.0,0.0,0.0,0,0,0,1,0,0,0
3970,Personne physique,SALARIE,PC,CDI,CRILEXT,Bon,0.0,0.0,0.0,0.0,0.0,0.0,0.0,0.0,0.0,0,0,0,1,0,0,0
3971,Personne physique,SALARIE,PC,CDI,CRILEXT,Bon,0.0,0.0,0.0,0.0,0.0,0.0,0.0,0.0,0.0,0,0,0,1,0,0,0
3972,Personne physique,SALARIE,PC,CDI,CRILEXT,Bon,0.0,0.0,0.0,0.0,0.0,0.0,0.0,0.0,0.0,0,0,0,1,0,0,0
3973,Personne physique,SALARIE,PC,CDI,CRILEXT,Bon,0.0,0.0,0.0,0.0,0.0,0.0,0.0,0.0,0.0,0,0,0,1,0,0,0
3974,Personne physique,SALARIE,PC,CDI,CRILEXT,Bon,0.0,0.0,0.0,0.0,0.0,0.0,0.0,0.0,0.0,0,0,0,1,0,0,0
3975,Personne physique,SALARIE,PC,CDI,CRILEXT,Bon,0.0,0.0,0.0,0.0,0.0,0.0,0.0,0.0,0.0,0,0,0,1,0,0,0
3976,Personne physique,SALARIE,PC,CDI,CRILEXT,Bon,0.0,0.0,0.0,0.0,0.0,0.0,0.0,0.0,0.0,0,0,0,1,0,0,0
3977,Personne physique,SALARIE,PC,CDI,CRILEXT,Bon,0.0,0.0,0.0,0.0,0.0,0.0,0.0,0.0,0.0,0,0,0,1,0,0,0
3978,Personne physique,SALARIE,PC,CDI,CRILEXT,Bon,0.0,0.0,0.0,0.0,0.0,0.0,0.0,0.0,0.0,0,0,0,1,0,0,0
3979,Personne physique,SALARIE,PC,CDI,CRILEXT,Bon,0.0,0.0,0.0,0.0,0.0,0.0,0.0,0.0,0.0,0,0,0,1,0,0,0
3980,Personne physique,SALARIE,PC,CDI,CRILEXT,Bon,0.0,0.0,0.0,0.0,0.0,0.0,0.0,0.0,0.0,0,0,0,1,0,0,0
3981,Personne physique,SALARIE,PC,CDI,CRILEXT,Bon,0.0,0.0,0.0,0.0,0.0,0.0,0.0,0.0,0.0,0,0,0,1,0,0,0
3982,Personne physique,SALARIE,PC,CDI,CRILEXT,Bon,0.0,0.0,0.0,0.0,0.0,0.0,0.0,0.0,0.0,0,0,0,1,0,0,0
3983,Personne physique,SALARIE,PC,CDI,CRILEXT,Bon,0.0,0.0,0.0,0.0,0.0,0.0,0.0,0.0,0.0,0,0,0,1,0,0,0
3984,Personne physique,SALARIE,PC,CDI,CRILEXT,Bon,0.0,0.0,0.0,0.0,0.0,0.0,0.0,0.0,0.0,0,0,0,1,0,0,0
3985,Personne physique,SALARIE,PC,CDI,CRILEXT,Bon,0.0,0.0,0.0,0.0,0.0,0.0,0.0,0.0,0.0,0,0,0,1,0,0,0
3986,Personne physique,SALARIE,PC,CDI,CRILEXT,Bon,0.0,0.0,0.0,0.0,0.0,0.0,0.0,0.0,0.0,0,0,0,1,0,0,0
3987,Personne physique,SALARIE,PC,CDI,CRILEXT,Bon,0.0,0.0,0.0,0.0,0.0,0.0,0.0,0.0,0.0,0,0,0,1,0,0,0
3988,Personne physique,SALARIE,PC,CDI,CRILEXT,Bon,0.0,0.0,0.0,0.0,0.0,0.0,0.0,0.0,0.0,0,0,0,1,0,0,0
3989,Personne physique,SALARIE,PC,CDI,CRILEXT,Bon,0.0,0.0,0.0,0.0,0.0,0.0,0.0,0.0,0.0,0,0,0,1,0,0,0
3990,Personne physique,SALARIE,PC,CDI,CRILEXT,Bon,0.0,0.0,0.0,0.0,0.0,0.0,0.0,0.0,0.0,0,0,0,1,0,0,0
3991,Personne physique,SALARIE,PC,CDI,CRILEXT,Bon,0.0,0.0,0.0,0.0,0.0,0.0,0.0,0.0,0.0,0,0,0,1,0,0,0
3992,Personne physique,SALARIE,PC,CDI,CRILEXT,Bon,0.0,0.0,0.0,0.0,0.0,0.0,0.0,0.0,0.0,0,0,0,1,0,0,0
3993,Personne physique,SALARIE,PC,CDI,CRILEXT,Bon,0.0,0.0,0.0,0.0,0.0,0.0,0.0,0.0,0.0,0,0,0,1,0,0,0
3994,Personne physique,SALARIE,PC,CDI,CRILEXT,Bon,0.0,0.0,0.0,0.0,0.0,0.0,0.0,0.0,0.0,0,0,0,1,0,0,0
3995,Personne physique,SALARIE,PC,CDI,CRILEXT,Bon,0.0,0.0,0.0,0.0,0.0,0.0,0.0,0.0,0.0,0,0,0,1,0,0,0
3996,Personne physique,SALARIE,PC,CDI,CRILEXT,Bon,0.0,0.0,0.0,0.0,0.0,0.0,0.0,0.0,0.0,0,0,0,1,0,0,0
3997,Personne physique,SALARIE,PC,CDI,CRILEXT,Bon,0.0,0.0,0.0,0.0,0.0,0.0,0.0,0.0,0.0,0,0,0,1,0,0,0
3998,Personne physique,SALARIE,PC,CDI,CRILEXT,Bon,0.0,0.0,0.0,0.0,0.0,0.0,0.0,0.0,0.0,0,0,0,1,0,0,0
3999,Personne physique,SALARIE,PC,CDI,CRILEXT,Bon,0.0,0.0,0.0,0.0,0.0,0.0,0.0,0.0,0.0,0,0,0,1,0,0,0
4000,Personne physique,SALARIE,PC,CDI,CRILEXT,Bon,0.0,0.0,0.0,0.0,0.0,0.0,0.0,0.0,0.0,0,0,0,1,0,0,0
4001,Personne physique,SALARIE,PC,CDI,CRILEXT,Bon,0.0,0.0,0.0,0.0,0.0,0.0,0.0,0.0,0.0,0,0,0,1,0,0,0
4002,Personne physique,SALARIE,PC,CDI,CRILEXT,Bon,0.0,0.0,0.0,0.0,0.0,0.0,0.0,0.0,0.0,0,0,0,1,0,0,0
4003,Personne physique,SALARIE,PC,CDI,CRILEXT,Bon,0.0,0.0,0.0,0.0,0.0,0.0,0.0,0.0,0.0,0,0,0,1,0,0,0
4004,Personne physique,SALARIE,PC,CDI,CRILEXT,Bon,0.0,0.0,0.0,0.0,0.0,0.0,0.0,0.0,0.0,0,0,0,1,0,0,0
4005,Personne physique,SALARIE,PC,CDI,CRILEXT,Bon,0.0,0.0,0.0,0.0,0.0,0.0,0.0,0.0,0.0,0,0,0,1,0,0,0
4006,Personne physique,SALARIE,PC,CDI,CRILEXT,Bon,0.0,0.0,0.0,0.0,0.0,0.0,0.0,0.0,0.0,0,0,0,1,0,0,0
4007,Personne physique,SALARIE,PC,CDI,CRILEXT,Bon,0.0,0.0,0.0,0.0,0.0,0.0,0.0,0.0,0.0,0,0,0,1,0,0,0
4008,Personne physique,SALARIE,PC,CDI,CRILEXT,Bon,0.0,0.0,0.0,0.0,0.0,0.0,0.0,0.0,0.0,0,0,0,1,0,0,0
4009,Personne physique,SALARIE,PC,CDI,CRILEXT,Bon,0.0,0.0,0.0,0.0,0.0,0.0,0.0,0.0,0.0,0,0,0,1,0,0,0
4010,Personne physique,SALARIE,PC,CDI,CRILEXT,Bon,0.0,0.0,0.0,0.0,0.0,0.0,0.0,0.0,0.0,0,0,0,1,0,0,0
4011,Personne physique,SALARIE,PC,CDI,CRILEXT,Bon,0.0,0.0,0.0,0.0,0.0,0.0,0.0,0.0,0.0,0,0,0,1,0,0,0
4012,Personne physique,SALARIE,PC,CDI,CRILEXT,Bon,0.0,0.0,0.0,0.0,0.0,0.0,0.0,0.0,0.0,0,0,0,1,0,0,0
4013,Personne physique,SALARIE,PC,CDI,CRILEXT,Bon,0.0,0.0,0.0,0.0,0.0,0.0,0.0,0.0,0.0,0,0,0,1,0,0,0
4014,Personne physique,SALARIE,PC,CDI,CRILEXT,Bon,0.0,0.0,0.0,0.0,0.0,0.0,0.0,0.0,0.0,0,0,0,1,0,0,0
4015,Personne physique,SALARIE,PC,CDI,CRILEXT,Bon,0.0,0.0,0.0,0.0,0.0,0.0,0.0,0.0,0.0,0,0,0,1,0,0,0
4016,Personne physique,SALARIE,PC,CDI,CRILEXT,Bon,0.0,0.0,0.0,0.0,0.0,0.0,0.0,0.0,0.0,0,0,0,1,0,0,0
4017,Personne physique,SALARIE,PC,CDI,CRILEXT,Bon,0.0,0.0,0.0,0.0,0.0,0.0,0.0,0.0,0.0,0,0,0,1,0,0,0
4018,Personne physique,SALARIE,PC,CDI,CRILEXT,Bon,0.0,0.0,0.0,0.0,0.0,0.0,0.0,0.0,0.0,0,0,0,1,0,0,0
4019,Personne physique,SALARIE,PC,CDI,CRILEXT,Bon,0.0,0.0,0.0,0.0,0.0,0.0,0.0,0.0,0.0,0,0,0,1,0,0,0
4020,Personne physique,RSI,PC,CDI,CRILEXT,Bon,0.0,0.0,0.0,0.0,0.0,0.0,0.0,0.0,0.0,0,0,0,1,0,0,0
4021,Personne morale,RSI,PC,CDI,CRILEXT,Bon,0.0,0.0,0.0,0.0,0.0,0.0,0.0,0.0,0.0,0,0,0,0,0,0,0
4022,Personne physique,SALARIE,PC,CDI,CRILEXT,Bon,0.0,0.0,0.0,0.0,0.0,0.0,0.0,0.0,0.0,0,0,0,1,0,0,0
4023,Personne physique,RSI,PC,CDI,CRILEXT,Bon,0.0,0.0,0.0,0.0,0.0,0.0,0.0,0.0,0.0,0,0,0,0,1,0,1
4024,Personne physique,RSI,PC,CDI,CRILEXT,Bon,0.0,0.0,0.0,0.0,0.0,0.0,0.0,0.0,0.0,0,0,0,0,1,0,1
4025,Personne physique,RSI,PC,CDI,CRILEXT,Bon,0.0,0.0,0.0,0.0,0.0,0.0,0.0,0.0,0.0,0,0,0,0,1,0,1
4026,Personne physique,RSI,PC,CDI,CRILEXT,Bon,0.0,0.0,0.0,0.0,0.0,0.0,0.0,0.0,0.0,0,0,0,0,1,0,1
4027,Personne physique,IL,PC,CDI,CRILEXT,Bon,0.0,0.0,0.0,0.0,0.0,0.0,0.0,0.0,0.0,0,0,0,0,1,0,1
4028,Personne physique,RSI,PC,CDI,CRILEXT,Bon,0.0,0.0,0.0,0.0,0.0,0.0,0.0,0.0,0.0,0,0,0,0,1,0,1
4029,Personne physique,RSI,PC,CDI,CRILEXT,Bon,0.0,0.0,0.0,0.0,0.0,0.0,0.0,0.0,0.0,0,0,0,0,1,0,1
4030,Personne morale,RSI,PC,CDI,CRILEXT,Bon,0.0,0.0,0.0,0.0,0.0,0.0,0.0,0.0,0.0,0,0,0,0,1,0,1
4031,Personne physique,SALARIE,PC,CDI,CRILEXT,Bon,0.0,0.0,0.0,0.0,0.0,0.0,0.0,0.0,0.0,0,0,0,1,1,0,1
4032,Personne physique,RSI,PC,CDI,CRILEXT,Bon,0.0,0.0,0.0,0.0,0.0,0.0,0.0,0.0,0.0,0,0,0,0,1,0,1
4033,Personne physique,SALARIE,PC,CDI,CRILEXT,Bon,0.0,0.0,0.0,0.0,0.0,0.0,0.0,0.0,0.0,0,0,0,1,1,0,1
4034,Personne physique,RSI,PC,CDI,CRILEXT,Bon,0.0,0.0,0.0,0.0,0.0,0.0,0.0,0.0,0.0,0,0,0,0,1,0,1
4035,Personne physique,RSI,PC,CDI,CRILEXT,Bon,0.0,0.0,0.0,0.0,0.0,0.0,0.0,0.0,0.0,0,0,0,0,1,0,1
4036,Personne physique,RSI,PC,CDI,CRILEXT,Bon,0.0,0.0,0.0,0.0,0.0,0.0,0.0,0.0,0.0,0,0,0,0,1,0,1
4037,Personne morale,RSI,PC,CDI,CRILEXT,Bon,0.0,0.0,0.0,0.0,0.0,0.0,0.0,0.0,0.0,0,0,0,0,1,0,1
4038,Personne physique,RSI,PC,CDI,CRILEXT,Bon,0.0,0.0,0.0,0.0,0.0,0.0,0.0,0.0,0.0,0,0,0,0,1,0,1
4039,Personne physique,RSI,PC,CDI,CRILEXT,Bon,0.0,0.0,0.0,0.0,0.0,0.0,0.0,0.0,0.0,0,0,0,0,1,0,1
4040,Personne morale,RSI,PC,CDI,CRILEXT,Bon,0.0,0.0,0.0,0.0,0.0,0.0,0.0,0.0,0.0,0,0,0,0,1,0,1
4041,Personne physique,RSI,PC,CDI,CRILEXT,Bon,0.0,0.0,0.0,0.0,0.0,0.0,0.0,0.0,0.0,0,0,0,0,1,0,1
4042,Personne morale,RSI,PC,CDI,CRILEXT,Bon,0.0,0.0,0.0,0.0,0.0,0.0,0.0,0.0,0.0,0,0,0,0,1,0,1
4043,Personne morale,RSI,PC,CDI,CRILEXT,Bon,0.0,0.0,0.0,0.0,0.0,0.0,0.0,0.0,0.0,0,0,0,0,1,0,1
4044,Personne morale,RSI,PC,CDI,CRILEXT,Bon,0.0,0.0,0.0,0.0,0.0,0.0,0.0,0.0,0.0,0,0,0,0,1,0,1
4045,Personne morale,RSI,PC,CDI,CRILEXT,Bon,0.0,0.0,0.0,0.0,0.0,0.0,0.0,0.0,0.0,0,0,0,0,1,0,1
4046,Personne morale,RSI,PC,CDI,CRILEXT,Bon,0.0,0.0,0.0,0.0,0.0,0.0,0.0,0.0,0.0,0,0,0,0,1,0,1
4047,Personne morale,RSI,PC,CDI,CRILEXT,Bon,0.0,0.0,0.0,0.0,0.0,0.0,0.0,0.0,0.0,0,0,0,0,1,0,1
4048,Personne morale,RSI,PC,CDI,CRILEXT,Bon,0.0,0.0,0.0,0.0,0.0,0.0,0.0,0.0,0.0,0,0,0,0,1,0,1
4049,Personne morale,RSI,PC,CDI,CRILEXT,Bon,0.0,0.0,0.0,0.0,0.0,0.0,0.0,0.0,0.0,0,0,0,0,1,0,1
4050,Personne physique,HRI,PC,CDI,CRIN,Bon,0.0,0.0,0.0,0.0,0.0,0.0,0.0,0.0,0.0,0,0,0,1,0,0,0
4051,Personne physique,HRI,PC,CDI,CRIN,Bon,0.0,0.0,0.0,0.0,0.0,0.0,0.0,0.0,0.0,0,0,0,1,0,0,0
4052,Personne physique,HRI,PC,CDI,CRIN,Bon,0.0,0.0,0.0,0.0,0.0,0.0,0.0,0.0,0.0,0,0,0,1,0,0,0
4053,Personne physique,HRI,PC,CDI,CRIN,Bon,0.0,0.0,0.0,0.0,0.0,0.0,0.0,0.0,0.0,0,0,0,1,0,0,0
4054,Personne physique,HRI,PC,CDI,CRIN,Bon,0.0,0.0,0.0,0.0,0.0,0.0,0.0,0.0,0.0,0,0,0,1,0,0,0
4055,Personne physique,HRI,PC,CDI,CRIN,Bon,0.0,0.0,0.0,0.0,0.0,0.0,0.0,0.0,0.0,0,0,0,1,0,0,0
4056,Personne physique,HRI,PC,CDI,CRIN,Bon,0.0,0.0,0.0,0.0,0.0,0.0,0.0,0.0,0.0,0,0,0,1,0,0,0
4057,Personne physique,HRI,PC,CDI,CRIN,Bon,0.0,0.0,0.0,0.0,0.0,0.0,0.0,0.0,0.0,0,0,0,1,0,0,0
4058,Personne physique,HRI,PC,CDI,CRIN,Bon,0.0,0.0,0.0,0.0,0.0,0.0,0.0,0.0,0.0,0,0,0,1,0,0,0
4059,Personne physique,IL,PC,CDI,CRIN,Bon,0.0,0.0,0.0,0.0,0.0,0.0,0.0,0.0,0.0,0,0,0,1,0,0,0
4060,Personne physique,IL,PC,CDI,CRIN,Bon,0.0,0.0,0.0,0.0,0.0,0.0,0.0,0.0,0.0,0,0,0,0,0,0,0
4061,Personne physique,IL,PC,CDI,CRIN,Bon,0.0,0.0,0.0,0.0,0.0,0.0,0.0,0.0,0.0,0,0,0,0,0,0,0
4062,Personne physique,IL,PC,CDI,CRIN,Bon,0.0,0.0,0.0,0.0,0.0,0.0,0.0,0.0,0.0,0,0,0,1,0,0,0
4063,Personne physique,IL,PC,CDI,CRIN,Bon,0.0,0.0,0.0,0.0,0.0,0.0,0.0,0.0,0.0,0,0,0,0,0,0,0
4064,Personne physique,IL,PC,CDI,CRIN,Bon,0.0,0.0,0.0,0.0,0.0,0.0,0.0,0.0,0.0,0,0,0,1,0,0,0
4065,Personne physique,IL,PC,CDI,CRIN,Bon,0.0,0.0,0.0,0.0,0.0,0.0,0.0,0.0,0.0,0,0,0,0,0,0,0
4066,Personne physique,IL,PC,CDI,CRIN,Bon,0.0,0.0,0.0,0.0,0.0,0.0,0.0,0.0,0.0,0,0,0,0,0,0,0
4067,Personne physique,IL,PC,CDI,CRIN,Bon,0.0,0.0,0.0,0.0,0.0,0.0,0.0,0.0,0.0,0,0,0,0,0,0,0
4068,Personne physique,IL,PC,CDI,CRIN,Bon,0.0,0.0,0.0,0.0,0.0,0.0,0.0,0.0,0.0,0,0,0,0,0,0,0
4069,Personne physique,IL,PC,CDI,CRIN,Bon,0.0,0.0,0.0,0.0,0.0,0.0,0.0,0.0,0.0,0,0,0,0,0,0,0
4070,Personne physique,IL,PC,CDI,CRIN,Bon,0.0,0.0,0.0,0.0,0.0,0.0,0.0,0.0,0.0,0,0,0,0,0,0,0
4071,Personne physique,IL,PC,CDI,CRIN,Bon,0.0,0.0,0.0,0.0,0.0,0.0,0.0,0.0,0.0,0,0,0,0,0,0,0
4072,Personne physique,IL,PC,CDI,CRIN,Bon,0.0,0.0,0.0,0.0,0.0,0.0,0.0,0.0,0.0,0,0,0,0,0,0,0
4073,Personne physique,IL,PC,CDI,CRIN,Bon,0.0,0.0,0.0,0.0,0.0,0.0,0.0,0.0,0.0,0,0,0,0,0,0,0
4074,Personne physique,IL,PC,CDI,CRIN,Bon,0.0,0.0,0.0,0.0,0.0,0.0,0.0,0.0,0.0,0,0,0,0,0,0,0
4075,Personne physique,IL,PC,CDI,CRIN,Bon,0.0,0.0,0.0,0.0,0.0,0.0,0.0,0.0,0.0,0,0,0,0,0,0,0
4076,Personne physique,IL,PC,CDI,CRIN,Bon,0.0,0.0,0.0,0.0,0.0,0.0,0.0,0.0,0.0,0,0,0,0,0,0,0
4077,Personne physique,IL,PC,CDI,CRIN,Bon,0.0,0.0,0.0,0.0,0.0,0.0,0.0,0.0,0.0,0,0,0,0,0,0,0
4078,Personne physique,IL,PC,CDI,CRIN,Bon,0.0,0.0,0.0,0.0,0.0,0.0,0.0,0.0,0.0,0,0,0,0,0,0,0
4079,Personne physique,HRI,PC,CDI,CRIN,Bon,0.0,0.0,0.0,0.0,0.0,0.0,0.0,0.0,0.0,0,0,0,1,0,0,0
4080,Personne morale,RSI,PC,CDI,CRIN,Bon,0.0,0.0,0.0,0.0,0.0,0.0,0.0,0.0,0.0,0,0,0,0,0,0,0
4081,Personne morale,RSI,PC,CDI,CRIN,Bon,0.0,0.0,0.0,0.0,0.0,0.0,0.0,0.0,0.0,0,0,0,0,0,0,0
4082,Personne physique,RSI,PC,CDI,CRIN,Bon,0.0,0.0,0.0,0.0,0.0,0.0,0.0,0.0,0.0,0,0,0,0,0,0,0
4083,Personne physique,RSI,PC,CDI,CRIN,Bon,0.0,0.0,0.0,0.0,0.0,0.0,0.0,0.0,0.0,0,0,0,1,0,0,0
4084,Personne physique,RSI,PC,CDI,CRIN,Bon,0.0,0.0,0.0,0.0,0.0,0.0,0.0,0.0,0.0,0,0,0,1,0,0,0
4085,Personne physique,SALARIE,PC,CDI,CRIN,Bon,0.0,0.0,0.0,0.0,0.0,0.0,0.0,0.0,0.0,0,0,0,1,0,0,0
4086,Personne physique,SALARIE,PC,CDI,CRIN,Bon,0.0,0.0,0.0,0.0,0.0,0.0,0.0,0.0,0.0,0,0,0,1,0,0,0
4087,Personne physique,SALARIE,PC,CDI,CRIN,Bon,0.0,0.0,0.0,0.0,0.0,0.0,0.0,0.0,0.0,0,0,0,1,0,0,0
4088,Personne physique,SALARIE,PC,CDI,CRIN,Bon,0.0,0.0,0.0,0.0,0.0,0.0,0.0,0.0,0.0,0,0,0,1,0,0,0
4089,Personne physique,SALARIE,PC,CDI,CRIN,Bon,0.0,0.0,0.0,0.0,0.0,0.0,0.0,0.0,0.0,0,0,0,1,0,0,0
4090,Personne physique,SALARIE,PC,CDI,CRIN,Bon,0.0,0.0,0.0,0.0,0.0,0.0,0.0,0.0,0.0,0,0,0,1,0,0,0
4091,Personne physique,SALARIE,PC,CDI,CRIN,Bon,0.0,0.0,0.0,0.0,0.0,0.0,0.0,0.0,0.0,0,0,0,1,0,0,0
4092,Personne physique,RSI,PC,CDI,CRIN,Bon,0.0,0.0,0.0,0.0,0.0,0.0,0.0,0.0,0.0,0,0,0,0,1,0,1
4093,Personne morale,RSI,PC,CDI,CRIN,Bon,0.0,0.0,0.0,0.0,0.0,0.0,0.0,0.0,0.0,0,0,0,0,1,0,1
4094,Personne physique,RSI,PC,CDI,CRIN,Bon,0.0,0.0,0.0,0.0,0.0,0.0,0.0,0.0,0.0,0,0,0,0,1,0,1
4095,Personne morale,RSI,PC,CDI,CRIN,Bon,0.0,0.0,0.0,0.0,0.0,0.0,0.0,0.0,0.0,0,0,0,0,1,0,1
4096,Personne physique,HRI,PC,CDI,CRINO,Bon,0.0,0.0,0.0,0.0,0.0,0.0,0.0,0.0,0.0,0,0,0,1,0,0,0
4097,Personne physique,HRI,PC,CDI,CRINO,Bon,0.0,0.0,0.0,0.0,0.0,0.0,0.0,0.0,0.0,0,0,0,1,0,0,0
4098,Personne physique,HRI,PC,CDI,CRINO,Bon,0.0,0.0,0.0,0.0,0.0,0.0,0.0,0.0,0.0,0,0,0,1,0,0,0
4099,Personne physique,HRI,PC,CDI,CRINO,Bon,0.0,0.0,0.0,0.0,0.0,0.0,0.0,0.0,0.0,0,0,0,1,0,0,0
4100,Personne physique,IL,PC,CDI,CRINO,Bon,0.0,0.0,0.0,0.0,0.0,0.0,0.0,0.0,0.0,0,0,0,1,0,0,0
4101,Personne physique,IL,PC,CDI,CRINO,Bon,0.0,0.0,0.0,0.0,0.0,0.0,0.0,0.0,0.0,0,0,0,0,0,0,0
4102,Personne physique,IL,PC,CDI,CRINO,Bon,0.0,0.0,0.0,0.0,0.0,0.0,0.0,0.0,0.0,0,0,0,0,0,0,0
4103,Personne physique,IL,PC,CDI,CRINO,Bon,0.0,0.0,0.0,0.0,0.0,0.0,0.0,0.0,0.0,0,0,0,0,0,0,0
4104,Personne physique,IL,PC,CDI,CRINO,Bon,0.0,0.0,0.0,0.0,0.0,0.0,0.0,0.0,0.0,0,0,0,1,0,0,0
4105,Personne physique,IL,PC,CDI,CRINO,Bon,0.0,0.0,0.0,0.0,0.0,0.0,0.0,0.0,0.0,0,0,0,1,0,0,0
4106,Personne physique,IL,PC,CDI,CRINO,Bon,0.0,0.0,0.0,0.0,0.0,0.0,0.0,0.0,0.0,0,0,0,1,0,0,0
4107,Personne physique,IL,PC,CDI,CRINO,Bon,0.0,0.0,0.0,0.0,0.0,0.0,0.0,0.0,0.0,0,0,0,1,0,0,0
4108,Personne physique,IL,PC,CDI,CRINO,Bon,0.0,0.0,0.0,0.0,0.0,0.0,0.0,0.0,0.0,0,0,0,1,0,0,0
4109,Personne physique,IL,PC,CDI,CRINO,Bon,0.0,0.0,0.0,0.0,0.0,0.0,0.0,0.0,0.0,0,0,0,0,0,0,0
4110,Personne physique,IL,PC,CDI,CRINO,Bon,0.0,0.0,0.0,0.0,0.0,0.0,0.0,0.0,0.0,0,0,0,0,0,0,0
4111,Personne physique,IL,PC,CDI,CRINO,Bon,0.0,0.0,0.0,0.0,0.0,0.0,0.0,0.0,0.0,0,0,0,1,0,0,0
4112,Personne physique,IL,PC,CDI,CRINO,Bon,0.0,0.0,0.0,0.0,0.0,0.0,0.0,0.0,0.0,0,0,0,1,0,0,0
4113,Personne morale,SALARIE,PC,CDI,CRINO,Bon,0.0,0.0,0.0,0.0,0.0,0.0,0.0,0.0,0.0,0,0,0,2,0,0,0
4114,Personne physique,RSI,PC,CDI,CRINO,Bon,0.0,0.0,0.0,0.0,0.0,0.0,0.0,0.0,0.0,0,0,0,1,0,0,0
4115,Personne morale,RSI,PC,CDI,CRINO,Bon,0.0,0.0,0.0,0.0,0.0,0.0,0.0,0.0,0.0,0,0,0,1,0,0,0
4116,Personne morale,RSI,PC,CDI,CRINO,Bon,0.0,0.0,0.0,0.0,0.0,0.0,0.0,0.0,0.0,0,0,0,0,0,0,0
4117,Personne morale,RSI,PC,CDI,CRINO,Bon,0.0,0.0,0.0,0.0,0.0,0.0,0.0,0.0,0.0,0,0,0,1,0,0,0
4118,Personne morale,RSI,PC,CDI,CRINO,Bon,0.0,0.0,0.0,0.0,0.0,0.0,0.0,0.0,0.0,0,0,0,1,0,0,0
4119,Personne physique,RSI,PC,CDI,CRINO,Bon,0.0,0.0,0.0,0.0,0.0,0.0,0.0,0.0,0.0,0,0,0,1,0,0,0
4120,Personne physique,RSI,PC,CDI,CRINO,Bon,0.0,0.0,0.0,0.0,0.0,0.0,0.0,0.0,0.0,0,0,0,1,0,0,0
4121,Personne physique,SALARIE,PC,CDI,CRINO,Bon,0.0,0.0,0.0,0.0,0.0,0.0,0.0,0.0,0.0,0,0,0,1,0,0,0
4122,Personne physique,SALARIE,PC,CDI,CRINO,Bon,0.0,0.0,0.0,0.0,0.0,0.0,0.0,0.0,0.0,0,0,0,1,0,0,0
4123,Personne physique,SALARIE,PC,CDI,CRINO,Bon,0.0,0.0,0.0,0.0,0.0,0.0,0.0,0.0,0.0,0,0,0,1,0,0,0
4124,Personne physique,SALARIE,PC,CDI,CRINO,Bon,0.0,0.0,0.0,0.0,0.0,0.0,0.0,0.0,0.0,0,0,0,1,0,0,0
4125,Personne physique,SALARIE,PC,CDI,CRINO,Bon,0.0,0.0,0.0,0.0,0.0,0.0,0.0,0.0,0.0,0,0,0,1,0,0,0
4126,Personne physique,SALARIE,PC,CDI,CRINO,Bon,0.0,0.0,0.0,0.0,0.0,0.0,0.0,0.0,0.0,0,0,0,1,0,0,0
4127,Personne physique,SALARIE,PC,CDI,CRINO,Bon,0.0,0.0,0.0,0.0,0.0,0.0,0.0,0.0,0.0,0,0,0,1,0,0,0
4128,Personne physique,SALARIE,PC,CDI,CRINO,Bon,0.0,0.0,0.0,0.0,0.0,0.0,0.0,0.0,0.0,0,0,0,1,0,0,0
4129,Personne physique,SALARIE,PC,CDI,CRINO,Bon,0.0,0.0,0.0,0.0,0.0,0.0,0.0,0.0,0.0,0,0,0,1,0,0,0
4130,Personne physique,SALARIE,PC,CDI,CRINO,Bon,0.0,0.0,0.0,0.0,0.0,0.0,0.0,0.0,0.0,0,0,0,1,0,0,0
4131,Personne physique,SALARIE,PC,CDI,CRINO,Bon,0.0,0.0,0.0,0.0,0.0,0.0,0.0,0.0,0.0,0,0,0,1,0,0,0
4132,Personne physique,SALARIE,PC,CDI,CRINO,Bon,0.0,0.0,0.0,0.0,0.0,0.0,0.0,0.0,0.0,0,0,0,1,0,0,0
4133,Personne physique,IL,PC,CDI,CRINO,Bon,0.0,0.0,0.0,0.0,0.0,0.0,0.0,0.0,0.0,0,0,0,0,0,0,0
4134,Personne physique,IL,PC,CDI,CRINO,Bon,0.0,0.0,0.0,0.0,0.0,0.0,0.0,0.0,0.0,0,0,0,0,0,0,0
4135,Personne morale,RSI,PC,CDI,CRINO,Bon,0.0,0.0,0.0,0.0,0.0,0.0,0.0,0.0,0.0,0,0,0,0,0,0,0
4136,Personne morale,SALARIE,PC,CDI,CRINO,Bon,0.0,0.0,0.0,0.0,0.0,0.0,0.0,0.0,0.0,0,0,0,1,0,0,0
4137,Personne physique,RSI,PC,CDI,CRINO,Bon,0.0,0.0,0.0,0.0,0.0,0.0,0.0,0.0,0.0,0,0,0,0,0,0,0
4138,Personne physique,RSI,PC,CDI,CRINO,Bon,0.0,0.0,0.0,0.0,0.0,0.0,0.0,0.0,0.0,0,0,0,0,1,0,1
4139,Personne physique,RSI,PC,CDI,CRINO,Bon,0.0,0.0,0.0,0.0,0.0,0.0,0.0,0.0,0.0,0,0,0,0,1,0,1
4140,Personne physique,RSI,PC,CDI,CRINO,Bon,0.0,0.0,0.0,0.0,0.0,0.0,0.0,0.0,0.0,0,0,0,0,1,0,1
4141,Personne physique,RSI,PC,CDI,CRINO,Bon,0.0,0.0,0.0,0.0,0.0,0.0,0.0,0.0,0.0,0,0,0,0,1,0,1
4142,Personne physique,RSI,PC,CDI,CRINO,Bon,0.0,0.0,0.0,0.0,0.0,0.0,0.0,0.0,0.0,0,0,0,0,1,0,1
4143,Personne physique,RSI,PC,CDI,CRINO,Bon,0.0,0.0,0.0,0.0,0.0,0.0,0.0,0.0,0.0,0,0,0,0,1,0,1
4144,Personne morale,RSI,PC,CDI,CRINO,Bon,0.0,0.0,0.0,0.0,0.0,0.0,0.0,0.0,0.0,0,0,0,0,1,0,1
4145,Personne physique,SALARIE,PC,CDI,CRINO,Bon,0.0,0.0,0.0,0.0,0.0,0.0,0.0,0.0,0.0,0,0,0,1,1,0,1
4146,Personne physique,RSI,PC,CDI,CRINO,Bon,0.0,0.0,0.0,0.0,0.0,0.0,0.0,0.0,0.0,0,0,0,0,1,0,1
4147,Personne physique,RSI,PC,CDI,CRINO,Bon,0.0,0.0,0.0,0.0,0.0,0.0,0.0,0.0,0.0,0,0,0,0,1,0,1
4148,Personne morale,RSI,PC,CDI,CRINO,Bon,0.0,0.0,0.0,0.0,0.0,0.0,0.0,0.0,0.0,0,0,0,0,1,0,1
4149,Personne morale,RSI,PC,CDI,CRINO,Bon,0.0,0.0,0.0,0.0,0.0,0.0,0.0,0.0,0.0,0,0,0,0,1,0,1
4150,Personne physique,HRI,PC,CDI,CRINO,Bon,0.0,0.0,0.0,0.0,0.0,0.0,0.0,0.0,0.0,0,0,0,1,1,0,1
4151,Personne morale,RSI,PC,CDI,CRINO,Bon,0.0,0.0,0.0,0.0,0.0,0.0,0.0,0.0,0.0,0,0,0,0,1,0,1
4152,Personne physique,SALARIE,PC,CDI,CRINO,Bon,0.0,0.0,0.0,0.0,0.0,0.0,0.0,0.0,0.0,0,0,0,1,0,0,0
4153,Personne physique,SALARIE,PC,CDI,CRINO,Bon,0.0,0.0,0.0,0.0,0.0,0.0,0.0,0.0,0.0,0,0,0,1,0,0,0
4154,Personne physique,SALARIE,PC,CDI,CRINO,Bon,0.0,0.0,0.0,0.0,0.0,0.0,0.0,0.0,0.0,0,0,0,1,0,0,0
4155,Personne physique,SALARIE,PC,CDI,CRINO,Bon,0.0,0.0,0.0,0.0,0.0,0.0,0.0,0.0,0.0,0,0,0,1,0,0,0
4156,Personne physique,IL,PC,CDI,CRIO,Bon,0.0,0.0,0.0,0.0,0.0,0.0,0.0,0.0,0.0,0,0,0,0,0,0,0
4157,Personne physique,IL,PC,CDI,CRIO,Bon,0.0,0.0,0.0,0.0,0.0,0.0,0.0,0.0,0.0,0,0,0,0,0,0,0
4158,Personne morale,HRI,PC,CDI,CRIO,Bon,0.0,0.0,0.0,0.0,0.0,0.0,0.0,0.0,0.0,0,0,0,0,0,0,0
4159,Personne morale,HRI,PC,CDI,CRIO,Bon,0.0,0.0,0.0,0.0,0.0,0.0,0.0,0.0,0.0,0,0,0,0,0,0,0
4160,Personne physique,HRI,PC,CDI,CRIO,Bon,0.0,0.0,0.0,0.0,0.0,0.0,0.0,0.0,0.0,0,0,0,1,0,0,0
4161,Personne physique,HRI,PC,CDI,CRIO,Bon,0.0,0.0,0.0,0.0,0.0,0.0,0.0,0.0,0.0,0,0,0,1,0,0,0
4162,Personne physique,HRI,PC,CDI,CRIO,Bon,0.0,0.0,0.0,0.0,0.0,0.0,0.0,0.0,0.0,0,0,0,1,0,0,0
4163,Personne physique,HRI,PC,CDI,CRIO,Bon,0.0,0.0,0.0,0.0,0.0,0.0,0.0,0.0,0.0,0,0,0,1,0,0,0
4164,Personne physique,HRI,PC,CDI,CRIO,Bon,0.0,0.0,0.0,0.0,0.0,0.0,0.0,0.0,0.0,0,0,0,0,0,0,0
4165,Personne physique,HRI,PC,CDI,CRIO,Bon,0.0,0.0,0.0,0.0,0.0,0.0,0.0,0.0,0.0,0,0,0,1,0,0,0
4166,Personne physique,HRI,PC,CDI,CRIO,Bon,0.0,0.0,0.0,0.0,0.0,0.0,0.0,0.0,0.0,0,0,0,1,0,0,0
4167,Personne physique,HRI,PC,CDI,CRIO,Bon,0.0,0.0,0.0,0.0,0.0,0.0,0.0,0.0,0.0,0,0,0,1,0,0,0
4168,Personne physique,HRI,PC,CDI,CRIO,Bon,0.0,0.0,0.0,0.0,0.0,0.0,0.0,0.0,0.0,0,0,0,1,0,0,0
4169,Personne physique,HRI,PC,CDI,CRIO,Bon,0.0,0.0,0.0,0.0,0.0,0.0,0.0,0.0,0.0,0,0,0,1,0,0,0
4170,Personne physique,HRI,PC,CDI,CRIO,Bon,0.0,0.0,0.0,0.0,0.0,0.0,0.0,0.0,0.0,0,0,0,1,0,0,0
4171,Personne physique,HRI,PC,CDI,CRIO,Bon,0.0,0.0,0.0,0.0,0.0,0.0,0.0,0.0,0.0,0,0,0,1,0,0,0
4172,Personne physique,HRI,PC,CDI,CRIO,Bon,0.0,0.0,0.0,0.0,0.0,0.0,0.0,0.0,0.0,0,0,0,1,0,0,0
4173,Personne physique,HRI,PC,CDI,CRIO,Bon,0.0,0.0,0.0,0.0,0.0,0.0,0.0,0.0,0.0,0,0,0,1,0,0,0
4174,Personne physique,HRI,PC,CDI,CRIO,Bon,0.0,0.0,0.0,0.0,0.0,0.0,0.0,0.0,0.0,0,0,0,1,0,0,0
4175,Personne physique,HRI,PC,CDI,CRIO,Bon,0.0,0.0,0.0,0.0,0.0,0.0,0.0,0.0,0.0,0,0,0,1,0,0,0
4176,Personne physique,HRI,PC,CDI,CRIO,Bon,0.0,0.0,0.0,0.0,0.0,0.0,0.0,0.0,0.0,0,0,0,1,0,0,0
4177,Personne physique,HRI,PC,CDI,CRIO,Bon,0.0,0.0,0.0,0.0,0.0,0.0,0.0,0.0,0.0,0,0,0,1,0,0,0
4178,Personne physique,HRI,PC,CDI,CRIO,Bon,0.0,0.0,0.0,0.0,0.0,0.0,0.0,0.0,0.0,0,0,0,1,0,0,0
4179,Personne physique,HRI,PC,CDI,CRIO,Bon,0.0,0.0,0.0,0.0,0.0,0.0,0.0,0.0,0.0,0,0,0,1,0,0,0
4180,Personne physique,IL,PC,CDI,CRIO,Bon,0.0,0.0,0.0,0.0,0.0,0.0,0.0,0.0,0.0,0,0,0,0,0,0,0
4181,Personne physique,IL,PC,CDI,CRIO,Bon,0.0,0.0,0.0,0.0,0.0,0.0,0.0,0.0,0.0,0,0,0,0,0,0,0
4182,Personne physique,IL,PC,CDI,CRIO,Bon,0.0,0.0,0.0,0.0,0.0,0.0,0.0,0.0,0.0,0,0,0,1,0,0,0
4183,Personne physique,IL,PC,CDI,CRIO,Bon,0.0,0.0,0.0,0.0,0.0,0.0,0.0,0.0,0.0,0,0,0,0,0,0,0
4184,Personne physique,IL,PC,CDI,CRIO,Bon,0.0,0.0,0.0,0.0,0.0,0.0,0.0,0.0,0.0,0,0,0,0,0,0,0
4185,Personne physique,IL,PC,CDI,CRIO,Bon,0.0,0.0,0.0,0.0,0.0,0.0,0.0,0.0,0.0,0,0,0,0,0,0,0
4186,Personne physique,IL,PC,CDI,CRIO,Bon,0.0,0.0,0.0,0.0,0.0,0.0,0.0,0.0,0.0,0,0,0,0,0,0,0
4187,Personne physique,IL,PC,CDI,CRIO,Bon,0.0,0.0,0.0,0.0,0.0,0.0,0.0,0.0,0.0,0,0,0,1,0,0,0
4188,Personne physique,IL,PC,CDI,CRIO,Bon,0.0,0.0,0.0,0.0,0.0,0.0,0.0,0.0,0.0,0,0,0,1,0,0,0
4189,Personne physique,IL,PC,CDI,CRIO,Bon,0.0,0.0,0.0,0.0,0.0,0.0,0.0,0.0,0.0,0,0,0,1,0,0,0
4190,Personne physique,IL,PC,CDI,CRIO,Bon,0.0,0.0,0.0,0.0,0.0,0.0,0.0,0.0,0.0,0,0,0,1,0,0,0
4191,Personne physique,IL,PC,CDI,CRIO,Bon,0.0,0.0,0.0,0.0,0.0,0.0,0.0,0.0,0.0,0,0,0,0,0,0,0
4192,Personne physique,IL,PC,CDI,CRIO,Bon,0.0,0.0,0.0,0.0,0.0,0.0,0.0,0.0,0.0,0,0,0,1,0,0,0
4193,Personne physique,IL,PC,CDI,CRIO,Bon,0.0,0.0,0.0,0.0,0.0,0.0,0.0,0.0,0.0,0,0,0,1,0,0,0
4194,Personne physique,IL,PC,CDI,CRIO,Bon,0.0,0.0,0.0,0.0,0.0,0.0,0.0,0.0,0.0,0,0,0,0,0,0,0
4195,Personne physique,IL,PC,CDI,CRIO,Bon,0.0,0.0,0.0,0.0,0.0,0.0,0.0,0.0,0.0,0,0,0,0,0,0,0
4196,Personne physique,IL,PC,CDI,CRIO,Bon,0.0,0.0,0.0,0.0,0.0,0.0,0.0,0.0,0.0,0,0,0,0,0,0,0
4197,Personne physique,IL,PC,CDI,CRIO,Bon,0.0,0.0,0.0,0.0,0.0,0.0,0.0,0.0,0.0,0,0,0,1,0,0,0
4198,Personne physique,IL,PC,CDI,CRIO,Bon,0.0,0.0,0.0,0.0,0.0,0.0,0.0,0.0,0.0,0,0,0,0,0,0,0
4199,Personne physique,IL,PC,CDI,CRIO,Bon,0.0,0.0,0.0,0.0,0.0,0.0,0.0,0.0,0.0,0,0,0,1,0,0,0
4200,Personne physique,IL,PC,CDI,CRIO,Bon,0.0,0.0,0.0,0.0,0.0,0.0,0.0,0.0,0.0,0,0,0,0,0,0,0
4201,Personne physique,IL,PC,CDI,CRIO,Bon,0.0,0.0,0.0,0.0,0.0,0.0,0.0,0.0,0.0,0,0,0,1,0,0,0
4202,Personne physique,IL,PC,CDI,CRIO,Bon,0.0,0.0,0.0,0.0,0.0,0.0,0.0,0.0,0.0,0,0,0,0,0,0,0
4203,Personne physique,IL,PC,CDI,CRIO,Bon,0.0,0.0,0.0,0.0,0.0,0.0,0.0,0.0,0.0,0,0,0,0,0,0,0
4204,Personne physique,IL,PC,CDI,CRIO,Bon,0.0,0.0,0.0,0.0,0.0,0.0,0.0,0.0,0.0,0,0,0,0,0,0,0
4205,Personne physique,IL,PC,CDI,CRIO,Bon,0.0,0.0,0.0,0.0,0.0,0.0,0.0,0.0,0.0,0,0,0,1,0,0,0
4206,Personne physique,IL,PC,CDI,CRIO,Bon,0.0,0.0,0.0,0.0,0.0,0.0,0.0,0.0,0.0,0,0,0,0,0,0,0
4207,Personne physique,IL,PC,CDI,CRIO,Bon,0.0,0.0,0.0,0.0,0.0,0.0,0.0,0.0,0.0,0,0,0,1,0,0,0
4208,Personne physique,IL,PC,CDI,CRIO,Bon,0.0,0.0,0.0,0.0,0.0,0.0,0.0,0.0,0.0,0,0,0,1,0,0,0
4209,Personne morale,SALARIE,PC,CDI,CRIO,Bon,0.0,0.0,0.0,0.0,0.0,0.0,0.0,0.0,0.0,0,0,0,1,0,0,0
4210,Personne physique,RSI,PC,CDI,CRIO,Bon,0.0,0.0,0.0,0.0,0.0,0.0,0.0,0.0,0.0,0,0,0,0,0,0,0
4211,Personne morale,RSI,PC,CDI,CRIO,Bon,0.0,0.0,0.0,0.0,0.0,0.0,0.0,0.0,0.0,0,0,0,1,0,0,0
4212,Personne morale,RSI,PC,CDI,CRIO,Bon,0.0,0.0,0.0,0.0,0.0,0.0,0.0,0.0,0.0,0,0,0,0,0,0,0
4213,Personne morale,RSI,PC,CDI,CRIO,Bon,0.0,0.0,0.0,0.0,0.0,0.0,0.0,0.0,0.0,0,0,0,1,0,0,0
4214,Personne morale,RSI,PC,CDI,CRIO,Bon,0.0,0.0,0.0,0.0,0.0,0.0,0.0,0.0,0.0,0,0,0,1,0,0,0
4215,Personne physique,RSI,PC,CDI,CRIO,Bon,0.0,0.0,0.0,0.0,0.0,0.0,0.0,0.0,0.0,0,0,0,1,0,0,0
4216,Personne physique,RSI,PC,CDI,CRIO,Bon,0.0,0.0,0.0,0.0,0.0,0.0,0.0,0.0,0.0,0,0,0,0,0,0,0
4217,Personne physique,RSI,PC,CDI,CRIO,Bon,0.0,0.0,0.0,0.0,0.0,0.0,0.0,0.0,0.0,0,0,0,1,0,0,0
4218,Personne physique,RSI,PC,CDI,CRIO,Bon,0.0,0.0,0.0,0.0,0.0,0.0,0.0,0.0,0.0,0,0,0,1,0,0,0
4219,Personne physique,SALARIE,PC,CDI,CRIO,Bon,0.0,0.0,0.0,0.0,0.0,0.0,0.0,0.0,0.0,0,0,0,1,0,0,0
4220,Personne physique,SALARIE,PC,CDI,CRIO,Bon,0.0,0.0,0.0,0.0,0.0,0.0,0.0,0.0,0.0,0,0,0,1,0,0,0
4221,Personne physique,SALARIE,PC,CDI,CRIO,Bon,0.0,0.0,0.0,0.0,0.0,0.0,0.0,0.0,0.0,0,0,0,1,0,0,0
4222,Personne physique,SALARIE,PC,CDI,CRIO,Bon,0.0,0.0,0.0,0.0,0.0,0.0,0.0,0.0,0.0,0,0,0,1,0,0,0
4223,Personne physique,SALARIE,PC,CDI,CRIO,Bon,0.0,0.0,0.0,0.0,0.0,0.0,0.0,0.0,0.0,0,0,0,1,0,0,0
4224,Personne physique,SALARIE,PC,CDI,CRIO,Bon,0.0,0.0,0.0,0.0,0.0,0.0,0.0,0.0,0.0,0,0,0,1,0,0,0
4225,Personne physique,SALARIE,PC,CDI,CRIO,Bon,0.0,0.0,0.0,0.0,0.0,0.0,0.0,0.0,0.0,0,0,0,1,0,0,0
4226,Personne physique,SALARIE,PC,CDI,CRIO,Bon,0.0,0.0,0.0,0.0,0.0,0.0,0.0,0.0,0.0,0,0,0,1,0,0,0
4227,Personne physique,SALARIE,PC,CDI,CRIO,Bon,0.0,0.0,0.0,0.0,0.0,0.0,0.0,0.0,0.0,0,0,0,1,0,0,0
4228,Personne physique,SALARIE,PC,CDI,CRIO,Bon,0.0,0.0,0.0,0.0,0.0,0.0,0.0,0.0,0.0,0,0,0,1,0,0,0
4229,Personne physique,SALARIE,PC,CDI,CRIO,Bon,0.0,0.0,0.0,0.0,0.0,0.0,0.0,0.0,0.0,0,0,0,1,0,0,0
4230,Personne physique,SALARIE,PC,CDI,CRIO,Bon,0.0,0.0,0.0,0.0,0.0,0.0,0.0,0.0,0.0,0,0,0,1,0,0,0
4231,Personne physique,SALARIE,PC,CDI,CRIO,Bon,0.0,0.0,0.0,0.0,0.0,0.0,0.0,0.0,0.0,0,0,0,1,0,0,0
4232,Personne physique,SALARIE,PC,CDI,CRIO,Bon,0.0,0.0,0.0,0.0,0.0,0.0,0.0,0.0,0.0,0,0,0,1,0,0,0
4233,Personne physique,SALARIE,PC,CDI,CRIO,Bon,0.0,0.0,0.0,0.0,0.0,0.0,0.0,0.0,0.0,0,0,0,1,0,0,0
4234,Personne physique,SALARIE,PC,CDI,CRIO,Bon,0.0,0.0,0.0,0.0,0.0,0.0,0.0,0.0,0.0,0,0,0,1,0,0,0
4235,Personne physique,SALARIE,PC,CDI,CRIO,Bon,0.0,0.0,0.0,0.0,0.0,0.0,0.0,0.0,0.0,0,0,0,1,0,0,0
4236,Personne physique,SALARIE,PC,CDI,CRIO,Bon,0.0,0.0,0.0,0.0,0.0,0.0,0.0,0.0,0.0,0,0,0,1,0,0,0
4237,Personne physique,SALARIE,PC,CDI,CRIO,Bon,0.0,0.0,0.0,0.0,0.0,0.0,0.0,0.0,0.0,0,0,0,1,0,0,0
4238,Personne physique,SALARIE,PC,CDI,CRIO,Bon,0.0,0.0,0.0,0.0,0.0,0.0,0.0,0.0,0.0,0,0,0,1,0,0,0
4239,Personne physique,SALARIE,PC,CDI,CRIO,Bon,0.0,0.0,0.0,0.0,0.0,0.0,0.0,0.0,0.0,0,0,0,1,0,0,0
4240,Personne physique,SALARIE,PC,CDI,CRIO,Bon,0.0,0.0,0.0,0.0,0.0,0.0,0.0,0.0,0.0,0,0,0,1,0,0,0
4241,Personne physique,SALARIE,PC,CDI,CRIO,Bon,0.0,0.0,0.0,0.0,0.0,0.0,0.0,0.0,0.0,0,0,0,1,0,0,0
4242,Personne physique,SALARIE,PC,CDI,CRIO,Bon,0.0,0.0,0.0,0.0,0.0,0.0,0.0,0.0,0.0,0,0,0,1,0,0,0
4243,Personne physique,SALARIE,PC,CDI,CRIO,Bon,0.0,0.0,0.0,0.0,0.0,0.0,0.0,0.0,0.0,0,0,0,1,0,0,0
4244,Personne physique,SALARIE,PC,CDI,CRIO,Bon,0.0,0.0,0.0,0.0,0.0,0.0,0.0,0.0,0.0,0,0,0,1,0,0,0
4245,Personne physique,SALARIE,PC,CDI,CRIO,Bon,0.0,0.0,0.0,0.0,0.0,0.0,0.0,0.0,0.0,0,0,0,1,0,0,0
4246,Personne physique,SALARIE,PC,CDI,CRIO,Bon,0.0,0.0,0.0,0.0,0.0,0.0,0.0,0.0,0.0,0,0,0,1,0,0,0
4247,Personne physique,SALARIE,PC,CDI,CRIO,Bon,0.0,0.0,0.0,0.0,0.0,0.0,0.0,0.0,0.0,0,0,0,1,0,0,0
4248,Personne physique,SALARIE,PC,CDI,CRIO,Bon,0.0,0.0,0.0,0.0,0.0,0.0,0.0,0.0,0.0,0,0,0,1,0,0,0
4249,Personne physique,SALARIE,PC,CDI,CRIO,Bon,0.0,0.0,0.0,0.0,0.0,0.0,0.0,0.0,0.0,0,0,0,1,0,0,0
4250,Personne morale,HRI,PC,CDI,CRIO,Bon,0.0,0.0,0.0,0.0,0.0,0.0,0.0,0.0,0.0,0,0,0,0,0,0,0
4251,Personne morale,RSI,PC,CDI,CRIO,Bon,0.0,0.0,0.0,0.0,0.0,0.0,0.0,0.0,0.0,0,0,0,0,1,0,1
4252,Personne morale,RSI,PC,CDI,CRIO,Bon,0.0,0.0,0.0,0.0,0.0,0.0,0.0,0.0,0.0,0,0,0,0,1,0,1
4253,Personne physique,RSI,PC,CDI,CRIO,Bon,0.0,0.0,0.0,0.0,0.0,0.0,0.0,0.0,0.0,0,0,0,0,1,0,1
4254,Personne physique,RSI,PC,CDI,CRIO,Bon,0.0,0.0,0.0,0.0,0.0,0.0,0.0,0.0,0.0,0,0,0,0,1,0,1
4255,Personne physique,RSI,PC,CDI,CRIO,Bon,0.0,0.0,0.0,0.0,0.0,0.0,0.0,0.0,0.0,0,0,0,0,1,0,1
4256,Personne physique,RSI,PC,CDI,CRIO,Bon,0.0,0.0,0.0,0.0,0.0,0.0,0.0,0.0,0.0,0,0,0,0,1,0,1
4257,Personne physique,RSI,PC,CDI,CRIO,Bon,0.0,0.0,0.0,0.0,0.0,0.0,0.0,0.0,0.0,0,0,0,0,1,0,1
4258,Personne physique,RSI,PC,CDI,CRIO,Bon,0.0,0.0,0.0,0.0,0.0,0.0,0.0,0.0,0.0,0,0,0,0,1,0,1
4259,Personne morale,RSI,PC,CDI,CRIO,Bon,0.0,0.0,0.0,0.0,0.0,0.0,0.0,0.0,0.0,0,0,0,0,1,0,1
4260,Personne physique,HRI,PC,CDI,CRIS,Bon,0.0,0.0,0.0,0.0,0.0,0.0,0.0,0.0,0.0,0,0,0,1,0,0,0
4261,Personne physique,HRI,PC,CDI,CRIS,Bon,0.0,0.0,0.0,0.0,0.0,0.0,0.0,0.0,0.0,0,0,0,1,0,0,0
4262,Personne physique,HRI,PC,CDI,CRIS,Bon,0.0,0.0,0.0,0.0,0.0,0.0,0.0,0.0,0.0,0,0,0,1,0,0,0
4263,Personne physique,IL,PC,CDI,CRIS,Bon,0.0,0.0,0.0,0.0,0.0,0.0,0.0,0.0,0.0,0,0,0,1,0,0,0
4264,Personne physique,IL,PC,CDI,CRIS,Bon,0.0,0.0,0.0,0.0,0.0,0.0,0.0,0.0,0.0,0,0,0,0,0,0,0
4265,Personne physique,IL,PC,CDI,CRIS,Bon,0.0,0.0,0.0,0.0,0.0,0.0,0.0,0.0,0.0,0,0,0,0,0,0,0
4266,Personne physique,IL,PC,CDI,CRIS,Bon,0.0,0.0,0.0,0.0,0.0,0.0,0.0,0.0,0.0,0,0,0,0,0,0,0
4267,Personne physique,IL,PC,CDI,CRIS,Bon,0.0,0.0,0.0,0.0,0.0,0.0,0.0,0.0,0.0,0,0,0,0,0,0,0
4268,Personne physique,IL,PC,CDI,CRIS,Bon,0.0,0.0,0.0,0.0,0.0,0.0,0.0,0.0,0.0,0,0,0,0,0,0,0
4269,Personne physique,IL,PC,CDI,CRIS,Bon,0.0,0.0,0.0,0.0,0.0,0.0,0.0,0.0,0.0,0,0,0,1,0,0,0
4270,Personne morale,RSI,PC,CDI,CRIS,Bon,0.0,0.0,0.0,0.0,0.0,0.0,0.0,0.0,0.0,0,0,0,1,0,0,0
4271,Personne physique,RSI,PC,CDI,CRIS,Bon,0.0,0.0,0.0,0.0,0.0,0.0,0.0,0.0,0.0,0,0,0,0,0,0,0
4272,Personne physique,SALARIE,PC,CDI,CRIS,Bon,0.0,0.0,0.0,0.0,0.0,0.0,0.0,0.0,0.0,0,0,0,1,0,0,0
4273,Personne physique,SALARIE,PC,CDI,CRIS,Bon,0.0,0.0,0.0,0.0,0.0,0.0,0.0,0.0,0.0,0,0,0,1,0,0,0
4274,Personne physique,SALARIE,PC,CDI,CRIS,Bon,0.0,0.0,0.0,0.0,0.0,0.0,0.0,0.0,0.0,0,0,0,1,0,0,0
4275,Personne physique,SALARIE,PC,CDI,CRIS,Bon,0.0,0.0,0.0,0.0,0.0,0.0,0.0,0.0,0.0,0,0,0,1,0,0,0
4276,Personne physique,SALARIE,PC,CDI,CRIS,Bon,0.0,0.0,0.0,0.0,0.0,0.0,0.0,0.0,0.0,0,0,0,1,0,0,0
4277,Personne physique,SALARIE,PC,CDI,CRIS,Bon,0.0,0.0,0.0,0.0,0.0,0.0,0.0,0.0,0.0,0,0,0,1,0,0,0
4278,Personne physique,SALARIE,PC,CDI,CRIS,Bon,0.0,0.0,0.0,0.0,0.0,0.0,0.0,0.0,0.0,0,0,0,1,0,0,0
4279,Personne physique,SALARIE,PC,CDI,CRIS,Bon,0.0,0.0,0.0,0.0,0.0,0.0,0.0,0.0,0.0,0,0,0,1,0,0,0
4280,Personne physique,SALARIE,PC,CDI,CRIS,Bon,0.0,0.0,0.0,0.0,0.0,0.0,0.0,0.0,0.0,0,0,0,1,0,0,0
4281,Personne physique,SALARIE,PC,CDI,CRIS,Bon,0.0,0.0,0.0,0.0,0.0,0.0,0.0,0.0,0.0,0,0,0,1,0,0,0
4282,Personne morale,HRI,PC,CDI,CRISO,Bon,0.0,0.0,0.0,0.0,0.0,0.0,0.0,0.0,0.0,0,0,0,1,0,0,0
4283,Personne physique,HRI,PC,CDI,CRISO,Bon,0.0,0.0,0.0,0.0,0.0,0.0,0.0,0.0,0.0,0,0,0,1,0,0,0
4284,Personne physique,HRI,PC,CDI,CRISO,Bon,0.0,0.0,0.0,0.0,0.0,0.0,0.0,0.0,0.0,0,0,0,1,0,0,0
4285,Personne physique,HRI,PC,CDI,CRISO,Bon,0.0,0.0,0.0,0.0,0.0,0.0,0.0,0.0,0.0,0,0,0,1,0,0,0
4286,Personne physique,HRI,PC,CDI,CRISO,Bon,0.0,0.0,0.0,0.0,0.0,0.0,0.0,0.0,0.0,0,0,0,1,0,0,0
4287,Personne physique,HRI,PC,CDI,CRISO,Bon,0.0,0.0,0.0,0.0,0.0,0.0,0.0,0.0,0.0,0,0,0,1,0,0,0
4288,Personne physique,HRI,PC,CDI,CRISO,Bon,0.0,0.0,0.0,0.0,0.0,0.0,0.0,0.0,0.0,0,0,0,1,0,0,0
4289,Personne physique,HRI,PC,CDI,CRISO,Bon,0.0,0.0,0.0,0.0,0.0,0.0,0.0,0.0,0.0,0,0,0,1,0,0,0
4290,Personne physique,HRI,PC,CDI,CRISO,Bon,0.0,0.0,0.0,0.0,0.0,0.0,0.0,0.0,0.0,0,0,0,1,0,0,0
4291,Personne physique,HRI,PC,CDI,CRISO,Bon,0.0,0.0,0.0,0.0,0.0,0.0,0.0,0.0,0.0,0,0,0,1,0,0,0
4292,Personne physique,HRI,PC,CDI,CRISO,Bon,0.0,0.0,0.0,0.0,0.0,0.0,0.0,0.0,0.0,0,0,0,1,0,0,0
4293,Personne physique,HRI,PC,CDI,CRISO,Bon,0.0,0.0,0.0,0.0,0.0,0.0,0.0,0.0,0.0,0,0,0,1,0,0,0
4294,Personne physique,HRI,PC,CDI,CRISO,Bon,0.0,0.0,0.0,0.0,0.0,0.0,0.0,0.0,0.0,0,0,0,1,0,0,0
4295,Personne physique,HRI,PC,CDI,CRISO,Bon,0.0,0.0,0.0,0.0,0.0,0.0,0.0,0.0,0.0,0,0,0,1,0,0,0
4296,Personne physique,IL,PC,CDI,CRISO,Bon,0.0,0.0,0.0,0.0,0.0,0.0,0.0,0.0,0.0,0,0,0,0,0,0,0
4297,Personne physique,IL,PC,CDI,CRISO,Bon,0.0,0.0,0.0,0.0,0.0,0.0,0.0,0.0,0.0,0,0,0,1,0,0,0
4298,Personne physique,IL,PC,CDI,CRISO,Bon,0.0,0.0,0.0,0.0,0.0,0.0,0.0,0.0,0.0,0,0,0,0,0,0,0
4299,Personne physique,IL,PC,CDI,CRISO,Bon,0.0,0.0,0.0,0.0,0.0,0.0,0.0,0.0,0.0,0,0,0,0,0,0,0
4300,Personne physique,IL,PC,CDI,CRISO,Bon,0.0,0.0,0.0,0.0,0.0,0.0,0.0,0.0,0.0,0,0,0,0,0,0,0
4301,Personne physique,IL,PC,CDI,CRISO,Bon,0.0,0.0,0.0,0.0,0.0,0.0,0.0,0.0,0.0,0,0,0,1,0,0,0
4302,Personne physique,IL,PC,CDI,CRISO,Bon,0.0,0.0,0.0,0.0,0.0,0.0,0.0,0.0,0.0,0,0,0,0,0,0,0
4303,Personne physique,IL,PC,CDI,CRISO,Bon,0.0,0.0,0.0,0.0,0.0,0.0,0.0,0.0,0.0,0,0,0,0,0,0,0
4304,Personne physique,IL,PC,CDI,CRISO,Bon,0.0,0.0,0.0,0.0,0.0,0.0,0.0,0.0,0.0,0,0,0,1,0,0,0
4305,Personne physique,IL,PC,CDI,CRISO,Bon,0.0,0.0,0.0,0.0,0.0,0.0,0.0,0.0,0.0,0,0,0,1,0,0,0
4306,Personne physique,IL,PC,CDI,CRISO,Bon,0.0,0.0,0.0,0.0,0.0,0.0,0.0,0.0,0.0,0,0,0,0,0,0,0
4307,Personne physique,IL,PC,CDI,CRISO,Bon,0.0,0.0,0.0,0.0,0.0,0.0,0.0,0.0,0.0,0,0,0,1,0,0,0
4308,Personne physique,IL,PC,CDI,CRISO,Bon,0.0,0.0,0.0,0.0,0.0,0.0,0.0,0.0,0.0,0,0,0,1,0,0,0
4309,Personne physique,IL,PC,CDI,CRISO,Bon,0.0,0.0,0.0,0.0,0.0,0.0,0.0,0.0,0.0,0,0,0,1,0,0,0
4310,Personne physique,IL,PC,CDI,CRISO,Bon,0.0,0.0,0.0,0.0,0.0,0.0,0.0,0.0,0.0,0,0,0,0,0,0,0
4311,Personne physique,IL,PC,CDI,CRISO,Bon,0.0,0.0,0.0,0.0,0.0,0.0,0.0,0.0,0.0,0,0,0,1,0,0,0
4312,Personne physique,IL,PC,CDI,CRISO,Bon,0.0,0.0,0.0,0.0,0.0,0.0,0.0,0.0,0.0,0,0,0,0,0,0,0
4313,Personne physique,IL,PC,CDI,CRISO,Bon,0.0,0.0,0.0,0.0,0.0,0.0,0.0,0.0,0.0,0,0,0,1,0,0,0
4314,Personne physique,IL,PC,CDI,CRISO,Bon,0.0,0.0,0.0,0.0,0.0,0.0,0.0,0.0,0.0,0,0,0,1,0,0,0
4315,Personne physique,IL,PC,CDI,CRISO,Bon,0.0,0.0,0.0,0.0,0.0,0.0,0.0,0.0,0.0,0,0,0,1,0,0,0
4316,Personne physique,IL,PC,CDI,CRISO,Bon,0.0,0.0,0.0,0.0,0.0,0.0,0.0,0.0,0.0,0,0,0,1,0,0,0
4317,Personne morale,HRI,PC,CDI,CRISO,Bon,0.0,0.0,0.0,0.0,0.0,0.0,0.0,0.0,0.0,0,0,0,1,0,0,0
4318,Personne morale,RSI,PC,CDI,CRISO,Bon,0.0,0.0,0.0,0.0,0.0,0.0,0.0,0.0,0.0,0,0,0,1,0,0,0
4319,Personne morale,RSI,PC,CDI,CRISO,Bon,0.0,0.0,0.0,0.0,0.0,0.0,0.0,0.0,0.0,0,0,0,0,0,0,0
4320,Personne morale,RSI,PC,CDI,CRISO,Bon,0.0,0.0,0.0,0.0,0.0,0.0,0.0,0.0,0.0,0,0,0,1,0,0,0
4321,Personne morale,RSI,PC,CDI,CRISO,Bon,0.0,0.0,0.0,0.0,0.0,0.0,0.0,0.0,0.0,0,0,0,0,0,0,0
4322,Personne physique,RSI,PC,CDI,CRISO,Bon,0.0,0.0,0.0,0.0,0.0,0.0,0.0,0.0,0.0,0,0,0,0,0,0,0
4323,Personne physique,RSI,PC,CDI,CRISO,Bon,0.0,0.0,0.0,0.0,0.0,0.0,0.0,0.0,0.0,0,0,0,1,0,0,0
4324,Personne physique,RSI,PC,CDI,CRISO,Bon,0.0,0.0,0.0,0.0,0.0,0.0,0.0,0.0,0.0,0,0,0,1,0,0,0
4325,Personne physique,RSI,PC,CDI,CRISO,Bon,0.0,0.0,0.0,0.0,0.0,0.0,0.0,0.0,0.0,0,0,0,0,0,0,0
4326,Personne physique,RSI,PC,CDI,CRISO,Bon,0.0,0.0,0.0,0.0,0.0,0.0,0.0,0.0,0.0,0,0,0,1,0,0,0
4327,Personne physique,RSI,PC,CDI,CRISO,Bon,0.0,0.0,0.0,0.0,0.0,0.0,0.0,0.0,0.0,0,0,0,0,0,0,0
4328,Personne physique,RSI,PC,CDI,CRISO,Bon,0.0,0.0,0.0,0.0,0.0,0.0,0.0,0.0,0.0,0,0,0,1,0,0,0
4329,Personne physique,RSI,PC,CDI,CRISO,Bon,0.0,0.0,0.0,0.0,0.0,0.0,0.0,0.0,0.0,0,0,0,1,0,0,0
4330,Personne physique,RSI,PC,CDI,CRISO,Bon,0.0,0.0,0.0,0.0,0.0,0.0,0.0,0.0,0.0,0,0,0,1,0,0,0
4331,Personne physique,RSI,PC,CDI,CRISO,Bon,0.0,0.0,0.0,0.0,0.0,0.0,0.0,0.0,0.0,0,0,0,0,0,0,0
4332,Personne physique,SALARIE,PC,CDI,CRISO,Bon,0.0,0.0,0.0,0.0,0.0,0.0,0.0,0.0,0.0,0,0,0,1,0,0,0
4333,Personne physique,SALARIE,PC,CDI,CRISO,Bon,0.0,0.0,0.0,0.0,0.0,0.0,0.0,0.0,0.0,0,0,0,1,0,0,0
4334,Personne physique,SALARIE,PC,CDI,CRISO,Bon,0.0,0.0,0.0,0.0,0.0,0.0,0.0,0.0,0.0,0,0,0,1,0,0,0
4335,Personne physique,SALARIE,PC,CDI,CRISO,Bon,0.0,0.0,0.0,0.0,0.0,0.0,0.0,0.0,0.0,0,0,0,1,0,0,0
4336,Personne physique,SALARIE,PC,CDI,CRISO,Bon,0.0,0.0,0.0,0.0,0.0,0.0,0.0,0.0,0.0,0,0,0,1,0,0,0
4337,Personne physique,SALARIE,PC,CDI,CRISO,Bon,0.0,0.0,0.0,0.0,0.0,0.0,0.0,0.0,0.0,0,0,0,1,0,0,0
4338,Personne physique,SALARIE,PC,CDI,CRISO,Bon,0.0,0.0,0.0,0.0,0.0,0.0,0.0,0.0,0.0,0,0,0,1,0,0,0
4339,Personne physique,SALARIE,PC,CDI,CRISO,Bon,0.0,0.0,0.0,0.0,0.0,0.0,0.0,0.0,0.0,0,0,0,1,0,0,0
4340,Personne physique,SALARIE,PC,CDI,CRISO,Bon,0.0,0.0,0.0,0.0,0.0,0.0,0.0,0.0,0.0,0,0,0,1,0,0,0
4341,Personne physique,SALARIE,PC,CDI,CRISO,Bon,0.0,0.0,0.0,0.0,0.0,0.0,0.0,0.0,0.0,0,0,0,1,0,0,0
4342,Personne physique,SALARIE,PC,CDI,CRISO,Bon,0.0,0.0,0.0,0.0,0.0,0.0,0.0,0.0,0.0,0,0,0,1,0,0,0
4343,Personne physique,SALARIE,PC,CDI,CRISO,Bon,0.0,0.0,0.0,0.0,0.0,0.0,0.0,0.0,0.0,0,0,0,1,0,0,0
4344,Personne physique,SALARIE,PC,CDI,CRISO,Bon,0.0,0.0,0.0,0.0,0.0,0.0,0.0,0.0,0.0,0,0,0,1,0,0,0
4345,Personne physique,SALARIE,PC,CDI,CRISO,Bon,0.0,0.0,0.0,0.0,0.0,0.0,0.0,0.0,0.0,0,0,0,1,0,0,0
4346,Personne physique,SALARIE,PC,CDI,CRISO,Bon,0.0,0.0,0.0,0.0,0.0,0.0,0.0,0.0,0.0,0,0,0,1,0,0,0
4347,Personne physique,SALARIE,PC,CDI,CRISO,Bon,0.0,0.0,0.0,0.0,0.0,0.0,0.0,0.0,0.0,0,0,0,1,0,0,0
4348,Personne physique,SALARIE,PC,CDI,CRISO,Bon,0.0,0.0,0.0,0.0,0.0,0.0,0.0,0.0,0.0,0,0,0,1,0,0,0
4349,Personne physique,SALARIE,PC,CDI,CRISO,Bon,0.0,0.0,0.0,0.0,0.0,0.0,0.0,0.0,0.0,0,0,0,1,0,0,0
4350,Personne physique,SALARIE,PC,CDI,CRISO,Bon,0.0,0.0,0.0,0.0,0.0,0.0,0.0,0.0,0.0,0,0,0,1,0,0,0
4351,Personne physique,SALARIE,PC,CDI,CRISO,Bon,0.0,0.0,0.0,0.0,0.0,0.0,0.0,0.0,0.0,0,0,0,1,0,0,0
4352,Personne physique,SALARIE,PC,CDI,CRISO,Bon,0.0,0.0,0.0,0.0,0.0,0.0,0.0,0.0,0.0,0,0,0,1,0,0,0
4353,Personne physique,SALARIE,PC,CDI,CRISO,Bon,0.0,0.0,0.0,0.0,0.0,0.0,0.0,0.0,0.0,0,0,0,1,0,0,0
4354,Personne physique,SALARIE,PC,CDI,CRISO,Bon,0.0,0.0,0.0,0.0,0.0,0.0,0.0,0.0,0.0,0,0,0,1,0,0,0
4355,Personne physique,SALARIE,PC,CDI,CRISO,Bon,0.0,0.0,0.0,0.0,0.0,0.0,0.0,0.0,0.0,0,0,0,1,0,0,0
4356,Personne physique,SALARIE,PC,CDI,CRISO,Bon,0.0,0.0,0.0,0.0,0.0,0.0,0.0,0.0,0.0,0,0,0,1,0,0,0
4357,Personne physique,SALARIE,PC,CDI,CRISO,Bon,0.0,0.0,0.0,0.0,0.0,0.0,0.0,0.0,0.0,0,0,0,1,0,0,0
4358,Personne physique,IL,PC,CDI,CRISO,Bon,0.0,0.0,0.0,0.0,0.0,0.0,0.0,0.0,0.0,0,0,0,0,1,0,1
4359,Personne morale,RSI,PC,CDI,CRISO,Bon,0.0,0.0,0.0,0.0,0.0,0.0,0.0,0.0,0.0,0,0,0,0,1,0,1
4360,Personne physique,SALARIE,PC,CDI,CRISO,Bon,0.0,0.0,0.0,0.0,0.0,0.0,0.0,0.0,0.0,0,0,0,0,1,0,1
4361,Personne physique,RSI,PC,CDI,CRISO,Bon,0.0,0.0,0.0,0.0,0.0,0.0,0.0,0.0,0.0,0,0,0,0,1,0,1
4362,Personne physique,RSI,PC,CDI,CRISO,Bon,0.0,0.0,0.0,0.0,0.0,0.0,0.0,0.0,0.0,0,0,0,0,1,0,1
4363,Personne physique,RSI,PC,CDI,CRISO,Bon,0.0,0.0,0.0,0.0,0.0,0.0,0.0,0.0,0.0,0,0,0,0,1,0,1
4364,Personne morale,RSI,PC,CDI,CRISO,Bon,0.0,0.0,0.0,0.0,0.0,0.0,0.0,0.0,0.0,0,0,0,0,1,0,1
4365,Personne morale,RSI,PC,CDI,CRISO,Bon,0.0,0.0,0.0,0.0,0.0,0.0,0.0,0.0,0.0,0,0,0,0,1,0,1
4366,Personne morale,RSI,PC,CDI,CRISO,Bon,0.0,0.0,0.0,0.0,0.0,0.0,0.0,0.0,0.0,0,0,0,0,1,0,1
4367,Personne morale,RSI,PC,CDI,CRISO,Bon,0.0,0.0,0.0,0.0,0.0,0.0,0.0,0.0,0.0,0,0,0,0,1,0,1
4368,Personne morale,RSI,PC,CDI,CRISO,Bon,0.0,0.0,0.0,0.0,0.0,0.0,0.0,0.0,0.0,0,0,0,0,1,0,1
4369,Personne morale,RSI,PC,CDI,CRISO,Bon,0.0,0.0,0.0,0.0,0.0,0.0,0.0,0.0,0.0,0,0,0,0,1,0,1
4370,Personne morale,RSI,PC,CDI,CRIL2,Bon,0.0,0.0,0.0,0.0,0.0,0.0,0.0,0.0,0.0,0,0,0,0,1,0,1
4371,Personne morale,RSI,PC,DGE,DGE,Bon,0.0,0.0,0.0,0.0,0.0,0.0,0.0,0.0,0.0,0,0,0,0,1,0,1
4372,Personne morale,RSI,PC,DGE,DGE,Bon,0.0,0.0,0.0,0.0,0.0,0.0,0.0,0.0,0.0,0,0,0,0,1,0,1
4373,Personne morale,RSI,PC,DGE,DGE,Bon,0.0,0.0,0.0,0.0,0.0,0.0,0.0,0.0,0.0,0,0,0,0,1,0,1
4374,Personne morale,RSI,PC,DGE,DGE,Bon,0.0,0.0,0.0,0.0,0.0,0.0,0.0,0.0,0.0,0,0,0,0,1,0,1
4375,Personne morale,RSI,PC,DGE,DGE,Bon,0.0,0.0,0.0,0.0,0.0,0.0,0.0,0.0,0.0,0,0,0,0,1,0,1
4376,Personne morale,RSI,PC,DGE,DGE,Bon,0.0,0.0,0.0,0.0,0.0,0.0,0.0,0.0,0.0,0,0,0,0,1,0,1
4377,Personne morale,RSI,PC,CDI,CRIC1,Bon,0.0,0.0,0.0,0.0,0.0,0.0,0.0,0.0,0.0,0,0,0,2,0,0,0
4378,Personne physique,SALARIE,PC,CDI,CRIL2,Bon,0.0,0.0,0.0,0.0,0.0,0.0,0.0,0.0,0.0,0,0,0,1,0,0,0
4379,Personne physique,SALARIE,PC,CDI,CRIL2,Bon,0.0,0.0,0.0,0.0,0.0,0.0,0.0,0.0,0.0,0,0,0,1,0,0,0
4380,Personne physique,SALARIE,PC,CDI,CRIL2,Bon,0.0,0.0,0.0,0.0,0.0,0.0,0.0,0.0,0.0,0,0,0,2,0,0,0
4381,Personne physique,SALARIE,PC,CDI,CRIL2,Bon,0.0,0.0,0.0,0.0,0.0,0.0,0.0,0.0,0.0,0,0,0,1,0,0,0
4382,Personne physique,SALARIE,PC,CDI,CRIL2,Bon,0.0,0.0,0.0,0.0,0.0,0.0,0.0,0.0,0.0,0,0,0,1,0,0,0
4383,Personne physique,SALARIE,PC,CDI,CRIL2,Bon,0.0,0.0,0.0,0.0,0.0,0.0,0.0,0.0,0.0,0,0,0,1,0,0,0
4384,Personne physique,SALARIE,PC,CDI,CRIL2,Bon,0.0,0.0,0.0,0.0,0.0,0.0,0.0,0.0,0.0,0,0,0,1,0,0,0
4385,Personne physique,SALARIE,PC,CDI,CRIL2,Bon,0.0,0.0,0.0,0.0,0.0,0.0,0.0,0.0,0.0,0,0,0,1,0,0,0
4386,Personne physique,SALARIE,PC,CDI,CRIL2,Bon,0.0,0.0,0.0,0.0,0.0,0.0,0.0,0.0,0.0,0,0,0,1,0,0,0
4387,Personne physique,SALARIE,PC,CDI,CRIL2,Bon,0.0,0.0,0.0,0.0,0.0,0.0,0.0,0.0,0.0,0,0,0,1,0,0,0
4388,Personne physique,RSI,PC,CDI,CRIL2,Bon,0.0,0.0,0.0,0.0,0.0,0.0,0.0,0.0,0.0,0,0,0,1,0,0,0
4389,Personne morale,SALARIE,PC,CDI,CRIE,Bon,0.0,0.0,0.0,0.0,0.0,0.0,0.0,0.0,0.0,0,0,0,2,0,0,0
4390,Personne physique,RSI,PC,CDI,CRIL1,Bon,0.0,0.0,0.0,0.0,0.0,0.0,0.0,0.0,0.0,0,0,0,0,0,0,0
4391,Personne physique,SALARIE,PC,CDI,CRIL1,Bon,0.0,0.0,0.0,0.0,0.0,0.0,0.0,0.0,0.0,0,0,0,2,0,0,0
4392,Personne physique,SALARIE,PC,CDI,CRIL1,Bon,0.0,0.0,0.0,0.0,0.0,0.0,0.0,0.0,0.0,0,0,0,2,0,0,0
4393,Personne physique,SALARIE,PC,CDI,CRIL1,Bon,0.0,0.0,0.0,0.0,0.0,0.0,0.0,0.0,0.0,0,0,0,2,0,0,0
4394,Personne physique,SALARIE,PC,CDI,CRIL1,Bon,0.0,0.0,0.0,0.0,0.0,0.0,0.0,0.0,0.0,0,0,0,2,0,0,0
4395,Personne physique,SALARIE,PC,CDI,CRIL1,Bon,0.0,0.0,0.0,0.0,0.0,0.0,0.0,0.0,0.0,0,0,0,2,0,0,0
4396,Personne physique,SALARIE,PC,CDI,CRIL1,Bon,0.0,0.0,0.0,0.0,0.0,0.0,0.0,0.0,0.0,0,0,0,2,0,0,0
4397,Personne physique,SALARIE,PC,CDI,CRIL1,Bon,0.0,0.0,0.0,0.0,0.0,0.0,0.0,0.0,0.0,0,0,0,2,0,0,0
4398,Personne physique,SALARIE,PC,CDI,CRIL1,Bon,0.0,0.0,0.0,0.0,0.0,0.0,0.0,0.0,0.0,0,0,0,2,0,0,0
4399,Personne physique,SALARIE,PC,CDI,CRIL1,Bon,0.0,0.0,0.0,0.0,0.0,0.0,0.0,0.0,0.0,0,0,0,2,0,0,0
4400,Personne morale,HRI,PC,CDI,CRIL2,Bon,0.0,0.0,0.0,0.0,0.0,0.0,0.0,0.0,0.0,0,0,0,1,0,0,0
4401,Personne morale,SALARIE,PC,CDI,CRIL2,Bon,0.0,0.0,0.0,0.0,0.0,0.0,0.0,0.0,0.0,0,0,0,2,0,0,0
4402,Personne morale,SALARIE,PC,CDI,CRIL2,Bon,0.0,0.0,0.0,0.0,0.0,0.0,0.0,0.0,0.0,0,0,0,2,0,0,0
4403,Personne morale,SALARIE,PC,CDI,CRIL2,Bon,0.0,0.0,0.0,0.0,0.0,0.0,0.0,0.0,0.0,0,0,0,2,0,0,0
4404,Personne morale,SALARIE,PC,CDI,CRIL2,Bon,0.0,0.0,0.0,0.0,0.0,0.0,0.0,0.0,0.0,0,0,0,2,0,0,0
4405,Personne physique,HRI,PC,CDI,CRIL2,Bon,0.0,0.0,0.0,0.0,0.0,0.0,0.0,0.0,0.0,0,0,0,2,0,0,0
4406,Personne physique,SALARIE,PC,CDI,CRILEXT,Bon,0.0,0.0,0.0,0.0,0.0,0.0,0.0,0.0,0.0,0,0,0,2,0,0,0
4407,Personne physique,SALARIE,PC,CDI,CRIO,Bon,0.0,0.0,0.0,0.0,0.0,0.0,0.0,0.0,0.0,0,0,0,2,0,0,0
4408,Personne morale,SALARIE,PC,CDI,CRIS,Bon,0.0,0.0,0.0,0.0,0.0,0.0,0.0,0.0,0.0,0,0,0,2,0,0,0
4409,Personne physique,HRI,PC,CDI,CRIL2,Bon,0.0,0.0,0.0,0.0,0.0,0.0,0.0,0.0,0.0,0,0,0,1,0,0,0
4410,Personne physique,IL,PC,CDI,CRIL2,Bon,0.0,0.0,0.0,0.0,0.0,0.0,0.0,0.0,0.0,0,0,0,1,0,0,0
4411,Personne physique,IL,PC,CDI,CRIL2,Bon,0.0,0.0,0.0,0.0,0.0,0.0,0.0,0.0,0.0,0,0,0,1,0,0,0
4412,Personne physique,IL,PC,CDI,CRIL2,Bon,0.0,0.0,0.0,0.0,0.0,0.0,0.0,0.0,0.0,0,0,0,1,0,0,0
4413,Personne physique,IL,PC,CDI,CRIL2,Bon,0.0,0.0,0.0,0.0,0.0,0.0,0.0,0.0,0.0,0,0,0,1,0,0,0
4414,Personne physique,SALARIE,PC,CDI,CRIL2,Bon,0.0,0.0,0.0,0.0,0.0,0.0,0.0,0.0,0.0,0,0,0,2,0,0,0
4415,Personne physique,RSI,PC,CDI,CRIL2,Bon,0.0,0.0,0.0,0.0,0.0,0.0,0.0,0.0,0.0,0,0,0,1,0,0,0
4416,Personne physique,IL,PC,CDI,CRIL2,Bon,0.0,0.0,0.0,0.0,0.0,0.0,0.0,0.0,0.0,0,0,0,1,0,0,0
4417,Personne morale,SALARIE,PC,CDI,CRIL2,Bon,0.0,0.0,0.0,0.0,0.0,0.0,0.0,0.0,0.0,0,0,0,2,1,0,1
4418,Personne morale,SALARIE,PC,CDI,CRIL2,Bon,11.417625285115903,0.0,0.0,0.0,0.0,0.0,0.0,0.0,0.0,0,0,0,1,0,1,0
4419,Personne physique,RSI,PC,CDI,CRIC2,Bon,11.445823661429493,0.0,0.0,0.0,,0.0,0.0,0.0,0.0,0,0,0,0,2,1,1
4420,Personne physique,RSI,PC,CDI,CRIC1,Bon,11.982935344196433,0.0,0.0,0.0,,0.0,0.0,0.0,0.0,0,0,0,0,2,1,1
4421,Personne physique,RSI,PC,CDI,CRIC2,Bon,12.04355959836804,0.0,0.0,0.0,,0.0,0.0,0.0,0.0,0,0,0,0,1,1,1
4422,Personne morale,RSI,PC,CDI,CRIO,Bon,12.048839720461636,0.0,0.0,0.0,,0.0,0.0,0.0,0.0,0,0,0,0,1,1,1
4423,Personne morale,RSI,PC,CDI,CRIL1,Bon,12.100717685412471,0.0,0.0,0.0,0.0,0.0,0.0,0.0,0.0,0,0,0,0,0,1,0
4424,Personne morale,RSI,PC,CDI,CRISO,Bon,12.206077645517674,0.0,0.0,0.0,,0.0,0.0,0.0,0.0,0,0,0,0,1,1,1
4425,Personne morale,RSI,PC,CDI,CRIC1,Bon,12.429220196836383,0.0,0.0,0.0,,0.0,0.0,0.0,0.0,0,0,0,0,1,1,1
4426,Personne morale,RSI,PC,CDI,CRIL1,Bon,12.432415074973783,0.0,0.0,0.0,,0.0,0.0,0.0,0.0,0,0,0,0,1,1,1
4427,Personne physique,RSI,PC,CDI,CRIL1,Bon,12.582215356784172,0.0,0.0,0.0,,0.0,0.0,0.0,0.0,0,0,0,0,2,1,1
4428,Personne physique,RSI,PC,CDI,CRIC1,Bon,12.853178505386333,0.0,0.0,0.0,,0.0,0.0,0.0,0.0,0,0,0,0,1,1,1
4429,Personne physique,RSI,PC,CDI,CRIC1,Bon,12.873904582205107,0.0,0.0,0.0,,0.0,0.0,0.0,0.0,0,0,0,0,1,1,1
4430,Personne physique,RSI,PC,CDI,CRILEXT,Bon,12.948012371209098,0.0,0.0,0.0,,0.0,0.0,0.0,0.0,0,0,0,0,2,1,1
4431,Personne morale,RSI,PC,CDI,CRIL1,Bon,13.006445102001308,0.0,0.0,0.0,,0.0,0.0,0.0,0.0,0,0,0,0,1,1,1
4432,Personne morale,RSI,PC,CDI,CRIO,Bon,13.07107218827772,0.0,0.0,0.0,,0.0,0.0,0.0,0.0,0,0,0,0,1,1,1
4433,Personne physique,SALARIE,PC,CDI,CRIL1,Bon,13.122365377402328,0.0,0.0,0.0,0.0,0.0,0.0,0.0,0.0,0,0,0,1,0,1,0
4434,Personne physique,RSI,PC,CDI,CRIL2,Bon,13.122365377402328,0.0,0.0,0.0,,0.0,0.0,0.0,0.0,0,0,0,0,1,1,1
4435,Personne morale,RSI,PC,CDI,CRIL1,Bon,13.139293254852166,0.0,0.0,0.0,,0.0,0.0,0.0,0.0,0,0,0,0,2,1,1
4436,Personne morale,RSI,PC,CDI,CRIL2,Bon,13.201052554083322,0.0,0.0,0.0,,0.0,0.0,0.0,0.0,0,0,0,0,2,1,1
4437,Personne physique,RSI,PC,CDI,CRIL1,Bon,13.28941900052785,0.0,0.0,0.0,,0.0,0.0,0.0,0.0,0,0,0,0,2,1,1
4438,Personne physique,RSI,PC,CDI,CRIL1,Bon,13.45883704259595,0.0,0.0,0.0,,0.0,0.0,0.0,0.0,0,0,0,0,1,1,1
4439,Personne morale,RSI,PC,CDI,CRIL2,Bon,13.461690107508359,0.0,0.0,0.0,,0.0,0.0,0.0,0.0,0,0,0,0,2,1,1
4440,Personne morale,RSI,PC,CDI,CRIL1,Bon,13.462971335840464,0.0,0.0,0.0,,0.0,0.0,0.0,0.0,0,0,0,0,2,1,1
4441,Personne physique,RSI,PC,CDI,CRIL2,Bon,13.500801182986649,0.0,0.0,0.0,,0.0,0.0,0.0,0.0,0,0,0,0,1,1,1
4442,Personne physique,RSI,PC,CDI,CRIL1,Bon,13.507627138738266,0.0,0.0,0.0,,0.0,0.0,0.0,0.0,0,0,0,0,1,1,1
4443,Personne morale,RSI,PC,CDI,CRIL2,Bon,13.567050480716235,0.0,0.0,0.0,,0.0,0.0,0.0,0.0,0,0,0,0,1,1,1
4444,Personne morale,RSI,PC,CDI,CRIL2,Bon,13.579789490265188,0.0,0.0,0.0,,0.0,0.0,0.0,0.0,0,0,0,0,1,1,1
4445,Personne morale,RSI,PC,CDI,CRIL2,Bon,13.580191940407301,0.0,0.0,0.0,,0.0,0.0,0.0,0.0,0,0,0,0,2,1,1
4446,Personne morale,RSI,PC,CDI,CRIC1,Bon,13.609937978988999,0.0,0.0,0.0,,0.0,0.0,0.0,0.0,0,0,0,0,2,1,1
4447,Personne physique,RSI,PC,CDI,CRIL2,Bon,13.619144030710533,0.0,0.0,0.0,,0.0,0.0,0.0,0.0,0,0,0,0,1,1,1
4448,Personne physique,RSI,PC,CDI,CRIC1,Bon,13.641591600250889,0.0,0.0,0.0,0.0,0.0,0.0,0.0,0.0,0,0,0,0,0,1,0
4449,Personne physique,RSI,PC,CDI,CRIC1,Bon,13.710151153416941,0.0,0.0,0.0,,0.0,0.0,0.0,0.0,0,0,0,0,1,1,1
4450,Personne morale,RSI,PC,CDI,CRIL2,Bon,13.712169113720337,0.0,0.0,0.0,,0.0,0.0,0.0,0.0,0,0,0,0,1,1,1
4451,Personne physique,RSI,PC,CDI,CRILEXT,Bon,13.772964160849433,0.0,0.0,0.0,,0.0,0.0,0.0,0.0,0,0,0,0,1,1,1
4452,Personne physique,RSI,PC,CDI,CRILEXT,Bon,13.800508589045927,0.0,0.0,0.0,,0.0,0.0,0.0,0.0,0,0,0,0,2,1,1
4453,Personne physique,RSI,PC,CDI,CRIL1,Bon,13.803327646757237,0.0,0.0,0.0,,0.0,0.0,0.0,0.0,0,0,0,0,1,1,1
4454,Personne physique,RSI,PC,CDI,CRIA,Bon,13.815511557963774,0.0,0.0,0.0,0.0,0.0,0.0,0.0,0.0,0,0,0,0,0,1,0
4455,Personne morale,RSI,PC,CDI,CRIC1,Bon,13.815511557963774,0.0,0.0,0.0,0.0,0.0,0.0,0.0,0.0,0,0,0,0,0,1,0
4456,Personne morale,RSI,PC,CDI,CRIC2,Bon,13.815511557963774,0.0,0.0,0.0,0.0,0.0,0.0,0.0,0.0,0,0,0,0,0,1,0
4457,Personne morale,RSI,PC,CDI,CRINO,Bon,13.815511557963774,0.0,0.0,0.0,0.0,0.0,0.0,0.0,0.0,0,0,0,0,0,1,0
4458,Personne physique,RSI,PC,CDI,CRIL1,Bon,13.834063384977501,0.0,0.0,0.0,,0.0,0.0,0.0,0.0,0,0,0,0,1,1,1
4459,Personne morale,RSI,PC,CDI,CRIL1,Bon,13.837214318138058,0.0,0.0,0.0,,0.0,0.0,0.0,0.0,0,0,0,0,1,1,1
4460,Personne physique,RSI,PC,CDI,CRIL2,Bon,13.910821646859095,0.0,0.0,0.0,,0.0,0.0,0.0,0.0,0,0,0,0,1,1,1
4461,Personne physique,RSI,PC,CDI,CRIC1,Bon,13.989464705423494,0.0,0.0,0.0,,0.0,0.0,0.0,0.0,0,0,0,0,1,1,1
4462,Personne morale,RSI,PC,CDI,CRIL1,Bon,13.997832948091215,0.0,0.0,0.0,,0.0,0.0,0.0,0.0,0,0,0,0,1,1,1
4463,Personne physique,RSI,PC,CDI,CRIL1,Bon,13.997832948091215,0.0,0.0,0.0,,0.0,0.0,0.0,0.0,0,0,0,0,1,1,1
4464,Personne morale,RSI,PC,CDI,CRIL2,Bon,13.997832948091215,0.0,0.0,0.0,,0.0,0.0,0.0,0.0,0,0,0,0,1,1,1
4465,Personne morale,RSI,PC,CDI,CRIC1,Bon,14.013952316645977,0.0,0.0,0.0,,0.0,0.0,0.0,0.0,0,0,0,0,1,1,1
4466,Personne physique,RSI,PC,CDI,CRIL1,Bon,14.026685166398272,0.0,0.0,0.0,,0.0,0.0,0.0,0.0,0,0,0,0,2,1,1
4467,Personne physique,RSI,PC,CDI,CRIL2,Bon,14.04662307257814,0.0,0.0,0.0,,0.0,0.0,0.0,0.0,0,0,0,0,1,1,1
4468,Personne physique,IL,PC,CDI,CRIL1,Bon,14.05667318620957,0.0,0.0,0.0,,0.0,0.0,0.0,0.0,0,0,0,0,2,1,1
4469,Personne physique,IL,PC,CDI,CRIO,Bon,14.077875591662238,0.0,0.0,0.0,,0.0,0.0,0.0,0.0,0,0,0,0,1,1,1
4470,Personne physique,RSI,PC,CDI,CRILEXT,Bon,14.088145741647276,0.0,0.0,0.0,,0.0,0.0,0.0,0.0,0,0,0,0,1,1,1
4471,Personne physique,RSI,PC,CDI,CRIL1,Bon,14.114504163126348,0.0,0.0,0.0,,0.0,0.0,0.0,0.0,0,0,0,0,2,1,1
4472,Personne physique,RSI,PC,CDI,CRISO,Bon,14.18078541640382,0.0,0.0,0.0,,0.0,0.0,0.0,0.0,0,0,0,0,2,1,1
4473,Personne physique,RSI,PC,CDI,CRISO,Bon,14.190214694848574,0.0,0.0,0.0,,0.0,0.0,0.0,0.0,0,0,0,0,2,1,1
4474,Personne morale,RSI,PC,CDI,CRIC1,Bon,14.229893781205895,0.0,0.0,0.0,,0.0,0.0,0.0,0.0,0,0,0,0,2,1,1
4475,Personne morale,RSI,PC,CDI,CRIL1,Bon,14.235746701867784,0.0,0.0,0.0,,0.0,0.0,0.0,0.0,0,0,0,0,1,1,1
4476,Personne physique,RSI,PC,CDI,CRIC1,Bon,14.236610797880852,0.0,0.0,0.0,,0.0,0.0,0.0,0.0,0,0,0,0,2,1,1
4477,Personne physique,RSI,PC,CDI,CRIC1,Bon,14.25669409955165,0.0,0.0,0.0,,0.0,0.0,0.0,0.0,0,0,0,0,2,1,1
4478,Personne physique,RSI,PC,CDI,CRIL2,Bon,14.263594445407623,0.0,0.0,0.0,,0.0,0.0,0.0,0.0,0,0,0,0,1,1,1
4479,Personne morale,RSI,PC,CDI,CRILEXT,Bon,14.26626829240953,0.0,0.0,0.0,,0.0,0.0,0.0,0.0,0,0,0,0,1,1,1
4480,Personne physique,RSI,PC,CDI,CRIC1,Bon,14.282384921160133,0.0,0.0,0.0,,0.0,0.0,0.0,0.0,0,0,0,0,2,1,1
4481,Personne morale,RSI,PC,CDI,CRIO,Bon,14.302740582200974,0.0,0.0,0.0,,0.0,0.0,0.0,0.0,0,0,0,0,1,1,1
4482,Personne physique,RSI,PC,CDI,CRIC2,Bon,14.316286451937186,0.0,0.0,0.0,,0.0,0.0,0.0,0.0,0,0,0,0,1,1,1
4483,Personne morale,RSI,PC,CDI,CRIL2,Bon,14.316286451937186,0.0,0.0,0.0,,0.0,0.0,0.0,0.0,0,0,0,0,1,1,1
4484,Personne physique,RSI,PC,CDI,CRILEXT,Bon,14.329964591084268,0.0,0.0,0.0,,0.0,0.0,0.0,0.0,0,0,0,0,1,1,1
4485,Personne physique,RSI,PC,CDI,CRILEXT,Bon,14.346149985434577,0.0,0.0,0.0,,0.0,0.0,0.0,0.0,0,0,0,0,1,1,1
4486,Personne morale,RSI,PC,CDI,CRIC1,Bon,14.354924221672386,0.0,0.0,0.0,,0.0,0.0,0.0,0.0,0,0,0,0,2,1,1
4487,Personne physique,RSI,PC,CDI,CRIO,Bon,14.357515611792415,0.0,0.0,0.0,,0.0,0.0,0.0,0.0,0,0,0,0,1,1,1
4488,Personne morale,RSI,PC,CDI,CRIL1,Bon,14.38082493519599,0.0,0.0,0.0,,0.0,0.0,0.0,0.0,0,0,0,0,1,1,1
4489,Personne physique,RSI,PC,CDI,CRIL1,Bon,14.38082493519599,0.0,0.0,0.0,,0.0,0.0,0.0,0.0,0,0,0,0,2,1,1
4490,Personne morale,RSI,PC,CDI,CRIL1,Bon,14.390719003247279,0.0,0.0,0.0,,0.0,0.0,0.0,0.0,0,0,0,0,1,1,1
4491,Personne morale,RSI,PC,CDI,CRIL2,Bon,14.392236837241446,0.0,0.0,0.0,,0.0,0.0,0.0,0.0,0,0,0,0,1,1,1
4492,Personne morale,RSI,PC,CDI,CRINO,Bon,14.397321626723436,0.0,0.0,0.0,,0.0,0.0,0.0,0.0,0,0,0,0,2,1,1
4493,Personne morale,RSI,PC,CDI,CRIL1,Bon,14.476332357831284,0.0,0.0,0.0,,0.0,0.0,0.0,0.0,0,0,0,0,1,1,1
4494,Personne physique,RSI,PC,CDI,CRIL1,Bon,14.483468640205203,0.0,0.0,0.0,,0.0,0.0,0.0,0.0,0,0,0,0,1,1,1
4495,Personne morale,RSI,PC,CDI,CRIL1,Bon,14.485645475854822,0.0,0.0,0.0,,0.0,0.0,0.0,0.0,0,0,0,0,1,1,1
4496,Personne morale,RSI,PC,CDI,CRIC2,Bon,14.508658238524095,0.0,0.0,0.0,0.0,0.0,0.0,0.0,0.0,0,0,0,0,0,1,0
4497,Personne physique,RSI,PC,CDI,CRIC1,Bon,14.51319343667589,0.0,0.0,0.0,,0.0,0.0,0.0,0.0,0,0,0,0,1,1,1
4498,Personne physique,RSI,PC,CDI,CRIL1,Bon,14.539672276784247,0.0,0.0,0.0,,0.0,0.0,0.0,0.0,0,0,0,0,1,1,1
4499,Personne morale,RSI,PC,CDI,CRIS,Bon,14.552300869893124,0.0,0.0,0.0,,0.0,0.0,0.0,0.0,0,0,0,0,2,1,1
4500,Personne physique,RSI,PC,CDI,CRIN,Bon,14.555697800729632,0.0,0.0,0.0,,0.0,0.0,0.0,0.0,0,0,0,0,2,1,1
4501,Personne physique,RSI,PC,CDI,CRIL2,Bon,14.557448378884015,0.0,0.0,0.0,,0.0,0.0,0.0,0.0,0,0,0,0,1,1,1
4502,Personne morale,RSI,PC,CDI,CRINO,Bon,14.576632224966438,0.0,0.0,0.0,,0.0,0.0,0.0,0.0,0,0,0,0,1,1,1
4503,Personne physique,RSI,PC,CDI,CRIL1,Bon,14.580978865220017,0.0,0.0,0.0,,0.0,0.0,0.0,0.0,0,0,0,0,1,1,1
4504,Personne morale,RSI,PC,CDI,CRIL1,Bon,14.588871354668994,0.0,0.0,0.0,,0.0,0.0,0.0,0.0,0,0,0,0,1,1,1
4505,Personne morale,RSI,PC,CDI,CRILEXT,Bon,14.595685990371468,0.0,0.0,0.0,,0.0,0.0,0.0,0.0,0,0,0,0,1,1,1
4506,Personne morale,RSI,PC,CDI,CRIL1,Bon,14.597309893700814,0.0,0.0,0.0,,0.0,0.0,0.0,0.0,0,0,0,0,1,1,1
4507,Personne morale,RSI,PC,CDI,CRIL1,Bon,14.599827540600186,0.0,0.0,0.0,,0.0,0.0,0.0,0.0,0,0,0,0,1,1,1
4508,Personne morale,RSI,PC,CDI,CRIL1,Bon,14.613362289083975,0.0,0.0,0.0,,0.0,0.0,0.0,0.0,0,0,0,0,2,1,1
4509,Personne morale,RSI,PC,CDI,CRIL2,Bon,14.615615278259957,0.0,0.0,0.0,,0.0,0.0,0.0,0.0,0,0,0,0,2,1,1
4510,Personne physique,RSI,PC,CDI,CRIC1,Bon,14.61638190854886,0.0,0.0,0.0,,0.0,0.0,0.0,0.0,0,0,0,0,1,1,1
4511,Personne morale,RSI,PC,CDI,CRIL1,Bon,14.619914636303657,0.0,0.0,0.0,,0.0,0.0,0.0,0.0,0,0,0,0,2,1,1
4512,Personne physique,RSI,PC,CDI,CRIC1,Bon,14.64406281221155,0.0,0.0,0.0,0.0,0.0,0.0,0.0,0.0,0,0,0,0,0,1,0
4513,Personne morale,RSI,PC,CDI,CRIL2,Bon,14.664109428813084,0.0,0.0,0.0,,0.0,0.0,0.0,0.0,0,0,0,0,2,1,1
4514,Personne physique,RSI,PC,CDI,CRILEXT,Bon,14.669314209722769,0.0,0.0,0.0,,0.0,0.0,0.0,0.0,0,0,0,0,1,1,1
4515,Personne morale,RSI,PC,CDI,CRILEXT,Bon,14.669926311652166,0.0,0.0,0.0,,0.0,0.0,0.0,0.0,0,0,0,0,1,1,1
4516,Personne morale,RSI,PC,CDI,CRIL2,Bon,14.678400935052153,0.0,0.0,0.0,,0.0,0.0,0.0,0.0,0,0,0,0,1,1,1
4517,Personne physique,RSI,PC,CDI,CRIL2,Bon,14.685129300751393,0.0,0.0,0.0,,0.0,0.0,0.0,0.0,0,0,0,0,1,1,1
4518,Personne physique,RSI,PC,CDI,CRIL1,Bon,14.711598990684092,0.0,0.0,0.0,,0.0,0.0,0.0,0.0,0,0,0,0,1,1,1
4519,Personne morale,RSI,PC,CDI,CRIL2,Bon,14.711598990684092,0.0,0.0,0.0,,0.0,0.0,0.0,0.0,0,0,0,0,1,1,1
4520,Personne physique,RSI,PC,CDI,CRIL1,Bon,14.71345237339243,0.0,0.0,0.0,,0.0,0.0,0.0,0.0,0,0,0,0,1,1,1
4521,Personne physique,RSI,PC,CDI,CRIC2,Bon,14.715013561164577,0.0,0.0,0.0,,0.0,0.0,0.0,0.0,0,0,0,0,1,1,1
4522,Personne physique,RSI,PC,CDI,CRIC2,Bon,14.718270561003234,0.0,0.0,0.0,,0.0,0.0,0.0,0.0,0,0,0,0,1,1,1
4523,Personne morale,RSI,PC,CDI,CRIL1,Bon,14.72084387604743,0.0,0.0,0.0,,0.0,0.0,0.0,0.0,0,0,0,0,1,1,1
4524,Personne physique,RSI,PC,CDI,CRILEXT,Bon,14.73379969170262,0.0,0.0,0.0,,0.0,0.0,0.0,0.0,0,0,0,0,1,1,1
4525,Personne morale,RSI,PC,CDI,CRIC1,Bon,14.77102238760702,0.0,0.0,0.0,,0.0,0.0,0.0,0.0,0,0,0,0,2,1,1
4526,Personne morale,RSI,PC,CDI,CRIL1,Bon,14.780782292939811,0.0,0.0,0.0,,0.0,0.0,0.0,0.0,0,0,0,0,2,1,1
4527,Personne morale,RSI,PC,CDI,CRILEXT,Bon,14.807886762591222,0.0,0.0,0.0,,0.0,0.0,0.0,0.0,0,0,0,0,2,1,1
4528,Personne morale,RSI,PC,CDI,CRIL1,Bon,14.80876270134486,0.0,0.0,0.0,,0.0,0.0,0.0,0.0,0,0,0,0,1,1,1
4529,Personne physique,RSI,PC,CDI,CRIA,Bon,14.819812533461441,0.0,0.0,0.0,,0.0,0.0,0.0,0.0,0,0,0,0,1,1,1
4530,Personne morale,RSI,PC,CDI,CRINO,Bon,14.825457739347911,0.0,0.0,0.0,,0.0,0.0,0.0,0.0,0,0,0,0,1,1,1
4531,Personne physique,RSI,PC,CDI,CRIL1,Bon,14.835440685218117,0.0,0.0,0.0,,0.0,0.0,0.0,0.0,0,0,0,0,1,1,1
4532,Personne physique,RSI,PC,CDI,CRILEXT,Bon,14.840117792259369,0.0,0.0,0.0,,0.0,0.0,0.0,0.0,0,0,0,0,1,1,1
4533,Personne morale,RSI,PC,CDI,CRIC2,Bon,14.854681004223192,0.0,0.0,0.0,,0.0,0.0,0.0,0.0,0,0,0,0,2,1,1
4534,Personne physique,RSI,PC,CDI,CRILEXT,Bon,14.854714255983593,0.0,0.0,0.0,,0.0,0.0,0.0,0.0,0,0,0,0,1,1,1
4535,Personne morale,RSI,PC,CDI,CRIL2,Bon,14.85649408690303,0.0,0.0,0.0,,0.0,0.0,0.0,0.0,0,0,0,0,1,1,1
4536,Personne physique,RSI,PC,CDI,CRIC1,Bon,14.882632523538202,0.0,0.0,0.0,,0.0,0.0,0.0,0.0,0,0,0,0,1,1,1
4537,Personne morale,RSI,PC,CDI,CRIC1,Bon,14.897848128938518,0.0,0.0,0.0,,0.0,0.0,0.0,0.0,0,0,0,0,1,1,1
4538,Personne morale,RSI,PC,CDI,CRIL2,Bon,14.900037106750144,0.0,0.0,0.0,0.0,0.0,0.0,0.0,0.0,0,0,0,0,0,1,0
4539,Personne physique,RSI,PC,CDI,CRIC2,Bon,14.90192913795452,0.0,0.0,0.0,,0.0,0.0,0.0,0.0,0,0,0,0,1,1,1
4540,Personne morale,RSI,PC,CDI,CRINO,Bon,14.912369310085435,0.0,0.0,0.0,,0.0,0.0,0.0,0.0,0,0,0,0,1,1,1
4541,Personne physique,RSI,PC,CDI,CRIN,Bon,14.934818865585042,0.0,0.0,0.0,,0.0,0.0,0.0,0.0,0,0,0,0,2,1,1
4542,Personne physique,RSI,PC,CDI,CRIL1,Bon,14.948378046878148,0.0,0.0,0.0,,0.0,0.0,0.0,0.0,0,0,0,0,1,1,1
4543,Personne physique,RSI,PC,CDI,CRIC1,Bon,14.951290492145406,0.0,0.0,0.0,,0.0,0.0,0.0,0.0,0,0,0,0,1,1,1
4544,Personne physique,RSI,PC,CDI,CRIC2,Bon,14.954663201495913,0.0,0.0,0.0,0.0,0.0,0.0,0.0,0.0,0,0,0,0,0,1,0
4545,Personne physique,RSI,PC,CDI,CRIL1,Bon,14.962913328262083,0.0,0.0,0.0,,0.0,0.0,0.0,0.0,0,0,0,0,1,1,1
4546,Personne physique,RSI,PC,CDI,CRIL1,Bon,14.996642791111885,0.0,0.0,0.0,,0.0,0.0,0.0,0.0,0,0,0,0,1,1,1
4547,Personne physique,RSI,PC,CDI,CRIC2,Bon,15.001135362510254,0.0,0.0,0.0,,0.0,0.0,0.0,0.0,0,0,0,0,1,1,1
4548,Personne physique,RSI,PC,CDI,CRIL1,Bon,15.015750303087103,0.0,0.0,0.0,,0.0,0.0,0.0,0.0,0,0,0,0,1,1,1
4549,Personne physique,RSI,PC,CDI,CRIL1,Bon,15.033061066658158,0.0,0.0,0.0,,0.0,0.0,0.0,0.0,0,0,0,0,2,1,1
4550,Personne physique,RSI,PC,CDI,CRIC2,Bon,15.068273812173887,0.0,0.0,0.0,,0.0,0.0,0.0,0.0,0,0,0,0,1,1,1
4551,Personne morale,RSI,PC,CDI,CRIC2,Bon,15.079419464778661,0.0,0.0,0.0,0.0,0.0,0.0,0.0,0.0,0,0,0,0,0,1,0
4552,Personne physique,RSI,PC,CDI,CRIC1,Bon,15.08527138372705,0.0,0.0,0.0,,0.0,0.0,0.0,0.0,0,0,0,0,1,1,1
4553,Personne morale,RSI,PC,CDI,CRIL1,Bon,15.08703191124535,0.0,0.0,0.0,,0.0,0.0,0.0,0.0,0,0,0,0,2,1,1
4554,Personne physique,IL,PC,CDI,CRIL1,Bon,15.101553275332213,0.0,0.0,0.0,,0.0,0.0,0.0,0.0,0,0,0,0,1,1,1
4555,Personne physique,RSI,PC,CDI,CRIO,Bon,15.123167744020064,0.0,0.0,0.0,,0.0,0.0,0.0,0.0,0,0,0,0,1,1,1
4556,Personne physique,RSI,PC,CDI,CRIL1,Bon,15.13699996245581,0.0,0.0,0.0,,0.0,0.0,0.0,0.0,0,0,0,0,1,1,1
4557,Personne morale,RSI,PC,CDI,CRIL2,Bon,15.138066344570626,0.0,0.0,0.0,,0.0,0.0,0.0,0.0,0,0,0,0,1,1,1
4558,Personne morale,RSI,PC,CDI,CRIL1,Bon,15.157173856349107,0.0,0.0,0.0,,0.0,0.0,0.0,0.0,0,0,0,0,1,1,1
4559,Personne physique,RSI,PC,CDI,CRIL2,Bon,15.169469209802676,0.0,0.0,0.0,,0.0,0.0,0.0,0.0,0,0,0,0,2,1,1
4560,Personne physique,RSI,PC,CDI,CRILEXT,Bon,15.173302815839529,0.0,0.0,0.0,,0.0,0.0,0.0,0.0,0,0,0,0,2,1,1
4561,Personne morale,RSI,PC,CDI,CRIL1,Bon,15.177768597337836,0.0,0.0,0.0,,0.0,0.0,0.0,0.0,0,0,0,0,2,1,1
4562,Personne physique,RSI,PC,CDI,CRIL1,Bon,15.19251212450663,0.0,0.0,0.0,,0.0,0.0,0.0,0.0,0,0,0,0,2,1,1
4563,Personne physique,RSI,PC,CDI,CRIC1,Bon,15.2001037228701,0.0,0.0,0.0,,0.0,0.0,0.0,0.0,0,0,0,0,1,1,1
4564,Personne physique,IL,PC,CDI,CRISO,Bon,15.206792709351392,0.0,0.0,0.0,,0.0,0.0,0.0,0.0,0,0,0,0,2,1,1
4565,Personne physique,RSI,PC,CDI,CRIL2,Bon,15.226497775576945,0.0,0.0,0.0,,0.0,0.0,0.0,0.0,0,0,0,0,2,1,1
4566,Personne physique,RSI,PC,CDI,CRILEXT,Bon,15.227898744638917,0.0,0.0,0.0,,0.0,0.0,0.0,0.0,0,0,0,0,2,1,1
4567,Personne physique,RSI,PC,CDI,CRIC1,Bon,15.23507841524093,0.0,0.0,0.0,0.0,0.0,0.0,0.0,0.0,0,0,0,0,0,1,0
4568,Personne physique,RSI,PC,CDI,CRICEXT,Bon,15.248211530561777,0.0,0.0,0.0,0.0,0.0,0.0,0.0,0.0,0,0,0,0,0,1,0
4569,Personne physique,RSI,PC,CDI,CRIL2,Bon,15.250595321348806,0.0,0.0,0.0,,0.0,0.0,0.0,0.0,0,0,0,0,1,1,1
4570,Personne physique,RSI,PC,CDI,CRISO,Bon,15.250595321348806,0.0,0.0,0.0,,0.0,0.0,0.0,0.0,0,0,0,0,1,1,1
4571,Personne physique,RSI,PC,CDI,CRIL1,Bon,15.267124619396817,0.0,0.0,0.0,,0.0,0.0,0.0,0.0,0,0,0,0,1,1,1
4572,Personne morale,RSI,PC,CDI,CRIL1,Bon,15.269112103932716,0.0,0.0,0.0,,0.0,0.0,0.0,0.0,0,0,0,0,1,1,1
4573,Personne physique,RSI,PC,CDI,CRIA,Bon,15.288816441907118,0.0,0.0,0.0,,0.0,0.0,0.0,0.0,0,0,0,0,2,1,1
4574,Personne physique,RSI,PC,CDI,CRIEN,Bon,15.303746020201924,0.0,0.0,0.0,,0.0,0.0,0.0,0.0,0,0,0,0,1,1,1
4575,Personne physique,RSI,PC,CDI,CRISO,Bon,15.306165159633608,0.0,0.0,0.0,,0.0,0.0,0.0,0.0,0,0,0,0,1,1,1
4576,Personne morale,RSI,PC,CDI,CRIC1,Bon,15.31245166298499,0.0,0.0,0.0,,0.0,0.0,0.0,0.0,0,0,0,0,1,1,1
4577,Personne morale,RSI,PC,CDI,CRIC1,Bon,15.315357016932728,0.0,0.0,0.0,,0.0,0.0,0.0,0.0,0,0,0,0,1,1,1
4578,Personne morale,HRI,PC,CDI,CRIL2,Bon,15.319588176962746,0.0,0.0,0.0,,0.0,0.0,0.0,0.0,0,0,0,1,1,1,1
4579,Personne morale,RSI,PC,CDI,CRIL1,Bon,15.339875431798346,0.0,0.0,0.0,,0.0,0.0,0.0,0.0,0,0,0,0,2,1,1
4580,Personne physique,RSI,PC,CDI,CRIL1,Bon,15.371305892287761,0.0,0.0,0.0,,0.0,0.0,0.0,0.0,0,0,0,0,1,1,1
4581,Personne morale,RSI,PC,CDI,CRIL2,Bon,15.389868500522693,0.0,0.0,0.0,,0.0,0.0,0.0,0.0,0,0,0,0,1,1,1
4582,Personne morale,RSI,PC,CDI,CRIL2,Bon,15.394489469099211,0.0,0.0,0.0,0.0,0.0,0.0,0.0,0.0,0,0,0,0,0,1,0
4583,Personne morale,RSI,PC,CDI,CRIL2,Bon,15.405301730951052,0.0,0.0,0.0,,0.0,0.0,0.0,0.0,0,0,0,0,1,1,1
4584,Personne physique,RSI,PC,CDI,CRIL2,Bon,15.407106647468229,0.0,0.0,0.0,,0.0,0.0,0.0,0.0,0,0,0,0,1,1,1
4585,Personne morale,RSI,PC,CDI,CRIC1,Bon,15.435888608260626,0.0,0.0,0.0,,0.0,0.0,0.0,0.0,0,0,0,0,1,1,1
4586,Personne physique,RSI,PC,CDI,CRILEXT,Bon,15.444671878870551,0.0,0.0,0.0,,0.0,0.0,0.0,0.0,0,0,0,0,2,1,1
4587,Personne morale,RSI,PC,CDI,CRIL1,Bon,15.444751293772967,0.0,0.0,0.0,,0.0,0.0,0.0,0.0,0,0,0,0,1,1,1
4588,Personne physique,RSI,PC,CDI,CRIC2,Bon,15.44617870562823,0.0,0.0,0.0,,0.0,0.0,0.0,0.0,0,0,0,0,2,1,1
4589,Personne physique,RSI,PC,CDI,CRIL1,Bon,15.467049838171546,0.0,0.0,0.0,,0.0,0.0,0.0,0.0,0,0,0,0,1,1,1
4590,Personne morale,RSI,PC,CDI,CRIL1,Bon,15.470515923398592,0.0,0.0,0.0,,0.0,0.0,0.0,0.0,0,0,0,0,1,1,1
4591,Personne physique,RSI,PC,CDI,CRIC1,Bon,15.47431009030349,0.0,0.0,0.0,,0.0,0.0,0.0,0.0,0,0,0,0,1,1,1
4592,Personne physique,RSI,PC,CDI,CRILEXT,Bon,15.481328992870381,0.0,0.0,0.0,,0.0,0.0,0.0,0.0,0,0,0,0,1,1,1
4593,Personne physique,RSI,PC,CDI,CRIC1,Bon,15.481792968305205,0.0,0.0,0.0,,0.0,0.0,0.0,0.0,0,0,0,0,2,1,1
4594,Personne morale,RSI,PC,CDI,CRILEXT,Bon,15.490753439252389,0.0,0.0,0.0,,0.0,0.0,0.0,0.0,0,0,0,0,1,1,1
4595,Personne physique,RSI,PC,CDI,CRIL2,Bon,15.495578587533577,0.0,0.0,0.0,,0.0,0.0,0.0,0.0,0,0,0,0,2,1,1
4596,Personne morale,RSI,PC,CDI,CRIC1,Bon,15.50225037935839,0.0,0.0,0.0,,0.0,0.0,0.0,0.0,0,0,0,0,1,1,1
4597,Personne physique,RSI,PC,CDI,CRIL2,Bon,15.503423365079776,0.0,0.0,0.0,,0.0,0.0,0.0,0.0,0,0,0,0,1,1,1
4598,Personne physique,RSI,PC,CDI,CRIL1,Bon,15.506309078490297,0.0,0.0,0.0,,0.0,0.0,0.0,0.0,0,0,0,0,1,1,1
4599,Personne physique,RSI,PC,CDI,CRIC1,Bon,15.510392135836831,0.0,0.0,0.0,,0.0,0.0,0.0,0.0,0,0,0,0,2,1,1
4600,Personne physique,RSI,PC,CDI,CRIL1,Bon,15.511959947388,0.0,0.0,0.0,,0.0,0.0,0.0,0.0,0,0,0,0,1,1,1
4601,Personne physique,RSI,PC,CDI,CRIO,Bon,15.520985840281346,0.0,0.0,0.0,,0.0,0.0,0.0,0.0,0,0,0,0,1,1,1
4602,Personne physique,IL,PC,CDI,CRINO,Bon,15.532007722386286,0.0,0.0,0.0,,0.0,0.0,0.0,0.0,0,0,0,0,1,1,1
4603,Personne physique,RSI,PC,CDI,CRIL1,Bon,15.546160464894598,0.0,0.0,0.0,,0.0,0.0,0.0,0.0,0,0,0,0,1,1,1
4604,Personne physique,RSI,PC,CDI,CRIL1,Bon,15.570228897021403,0.0,0.0,0.0,,0.0,0.0,0.0,0.0,0,0,0,0,1,1,1
4605,Personne morale,RSI,PC,CDI,CRIL1,Bon,15.576810991528912,0.0,0.0,0.0,,0.0,0.0,0.0,0.0,0,0,0,0,1,1,1
4606,Personne morale,RSI,PC,CDI,CRIL2,Bon,15.607603971426746,0.0,0.0,0.0,,0.0,0.0,0.0,0.0,0,0,0,0,2,1,1
4607,Personne morale,RSI,PC,CDI,CRIL2,Bon,15.616587484555984,0.0,0.0,0.0,0.0,0.0,0.0,0.0,0.0,0,0,0,0,0,1,0
4608,Personne morale,RSI,PC,CDI,CRIL2,Bon,15.624618829327092,0.0,0.0,0.0,,0.0,0.0,0.0,0.0,0,0,0,0,2,1,1
4609,Personne morale,RSI,PC,CDI,CRIL1,Bon,15.671808704579888,0.0,0.0,0.0,,0.0,0.0,0.0,0.0,0,0,0,0,1,1,1
4610,Personne physique,RSI,PC,CDI,CRICEXT,Bon,15.673600067600496,0.0,0.0,0.0,0.0,0.0,0.0,0.0,0.0,0,0,0,0,0,1,0
4611,Personne morale,RSI,PC,CDI,CRIL1,Bon,15.676485251734785,0.0,0.0,0.0,,0.0,0.0,0.0,0.0,0,0,0,0,1,1,1
4612,Personne physique,RSI,PC,CDI,CRILEXT,Bon,15.680069798786622,0.0,0.0,0.0,,0.0,0.0,0.0,0.0,0,0,0,0,1,1,1
4613,Personne morale,HRI,PC,CDI,CRIL2,Bon,15.698241870615446,0.0,0.0,0.0,,0.0,0.0,0.0,0.0,0,0,0,1,1,1,1
4614,Personne morale,RSI,PC,CDI,CRIC2,Bon,15.702580358511794,0.0,0.0,0.0,,0.0,0.0,0.0,0.0,0,0,0,0,1,1,1
4615,Personne physique,IL,PC,CDI,CRIS,Bon,15.704506683481963,0.0,0.0,0.0,,0.0,0.0,0.0,0.0,0,0,0,0,1,1,1
4616,Personne physique,RSI,PC,CDI,CRICEXT,Bon,15.722469431850346,0.0,0.0,0.0,,0.0,0.0,0.0,0.0,0,0,0,0,1,1,1
4617,Personne physique,RSI,PC,CDI,CRIL1,Bon,15.738811315872983,0.0,0.0,0.0,,0.0,0.0,0.0,0.0,0,0,0,0,1,1,1
4618,Personne physique,RSI,PC,CDI,CRIL1,Bon,15.756524454198752,0.0,0.0,0.0,,0.0,0.0,0.0,0.0,0,0,0,0,1,1,1
4619,Personne morale,RSI,PC,CDI,CRIL1,Bon,15.763890511682416,0.0,0.0,0.0,,0.0,0.0,0.0,0.0,0,0,0,0,2,1,1
4620,Personne morale,HRI,PC,CDI,CRIL2,Bon,15.77157342191789,0.0,0.0,0.0,,0.0,0.0,0.0,0.0,0,0,0,1,1,1,1
4621,Personne morale,RSI,PC,CDI,CRIL1,Bon,15.778699283229848,0.0,0.0,0.0,,0.0,0.0,0.0,0.0,0,0,0,0,1,1,1
4622,Personne physique,RSI,PC,CDI,CRIC1,Bon,15.78443958520289,0.0,0.0,0.0,,0.0,0.0,0.0,0.0,0,0,0,0,1,1,1
4623,Personne morale,RSI,PC,CDI,CRIL1,Bon,15.797800300098666,0.0,0.0,0.0,,0.0,0.0,0.0,0.0,0,0,0,0,2,1,1
4624,Personne morale,RSI,PC,CDI,CRILEXT,Bon,15.82970079120068,0.0,0.0,0.0,,0.0,0.0,0.0,0.0,0,0,0,0,2,1,1
4625,Personne physique,RSI,PC,CDI,CRIL1,Bon,15.830413711839864,0.0,0.0,0.0,,0.0,0.0,0.0,0.0,0,0,0,0,1,1,1
4626,Personne morale,HRI,PC,CDI,CRILEXT,Bon,15.830413711839864,0.0,0.0,0.0,0.0,0.0,0.0,0.0,0.0,0,0,0,1,0,1,0
4627,Personne morale,RSI,PC,CDI,CRIL1,Bon,15.859389816268337,0.0,0.0,0.0,,0.0,0.0,0.0,0.0,0,0,0,0,1,1,1
4628,Personne morale,RSI,PC,CDI,CRIL1,Bon,15.896265736445352,0.0,0.0,0.0,,0.0,0.0,0.0,0.0,0,0,0,0,1,1,1
4629,Personne morale,RSI,PC,CDI,CRIL1,Bon,15.898651622961008,0.0,0.0,0.0,,0.0,0.0,0.0,0.0,0,0,0,0,1,1,1
4630,Personne physique,RSI,PC,CDI,CRIE,Bon,15.902548300319818,0.0,0.0,0.0,,0.0,0.0,0.0,0.0,0,0,0,0,1,1,1
4631,Personne morale,RSI,PC,CDI,CRIL1,Bon,15.904902554259646,0.0,0.0,0.0,,0.0,0.0,0.0,0.0,0,0,0,0,2,1,1
4632,Personne morale,RSI,PC,CDI,CRIC2,Bon,15.909002060074897,0.0,0.0,0.0,,0.0,0.0,0.0,0.0,0,0,0,0,1,1,1
4633,Personne physique,RSI,PC,CDI,CRIL1,Bon,15.92116319290528,0.0,0.0,0.0,,0.0,0.0,0.0,0.0,0,0,0,0,2,1,1
4634,Personne physique,RSI,PC,CDI,CRIC1,Bon,15.930670291895305,0.0,0.0,0.0,,0.0,0.0,0.0,0.0,0,0,0,0,1,1,1
4635,Personne physique,RSI,PC,CDI,CRIC1,Bon,15.941835804817762,0.0,0.0,0.0,,0.0,0.0,0.0,0.0,0,0,0,0,1,1,1
4636,Personne morale,RSI,PC,CDI,CRIC1,Bon,15.941955072500024,0.0,0.0,0.0,0.0,0.0,0.0,0.0,0.0,0,0,0,0,0,1,0
4637,Personne morale,RSI,PC,CDI,CRIL1,Bon,15.950064261615745,0.0,0.0,0.0,,0.0,0.0,0.0,0.0,0,0,0,0,1,1,1
4638,Personne morale,RSI,PC,CDI,CRIL1,Bon,15.95448683363087,0.0,0.0,0.0,,0.0,0.0,0.0,0.0,0,0,0,0,2,1,1
4639,Personne morale,RSI,PC,CDI,CRIC2,Bon,15.958513698435901,0.0,0.0,0.0,,0.0,0.0,0.0,0.0,0,0,0,0,1,1,1
4640,Personne morale,RSI,PC,CDI,CRIL2,Bon,15.960599029706986,0.0,0.0,0.0,,0.0,0.0,0.0,0.0,0,0,0,0,1,1,1
4641,Personne morale,RSI,PC,CDI,CRIC1,Bon,15.961344292295582,0.0,0.0,0.0,0.0,0.0,0.0,0.0,0.0,0,0,0,0,0,1,0
4642,Personne physique,RSI,PC,CDI,CRIC1,Bon,15.996860915032713,0.0,0.0,0.0,,0.0,0.0,0.0,0.0,0,0,0,0,2,1,1
4643,Personne physique,RSI,PC,CDI,CRIL1,Bon,16.00154026143596,0.0,0.0,0.0,,0.0,0.0,0.0,0.0,0,0,0,0,1,1,1
4644,Personne morale,RSI,PC,CDI,CRIL2,Bon,16.013451656315766,0.0,0.0,0.0,,0.0,0.0,0.0,0.0,0,0,0,0,1,1,1
4645,Personne morale,RSI,PC,CDI,CRIL1,Bon,16.018865086478495,0.0,0.0,0.0,0.0,0.0,0.0,0.0,0.0,0,0,0,0,0,1,0
4646,Personne physique,RSI,PC,CDI,CRIL1,Bon,16.038512146168333,0.0,0.0,0.0,,0.0,0.0,0.0,0.0,0,0,0,0,1,1,1
4647,Personne morale,RSI,PC,CDI,CRINO,Bon,16.04013421759671,0.0,0.0,0.0,,0.0,0.0,0.0,0.0,0,0,0,0,1,1,1
4648,Personne morale,RSI,PC,CDI,CRIL1,Bon,16.044879803819637,0.0,0.0,0.0,,0.0,0.0,0.0,0.0,0,0,0,0,1,1,1
4649,Personne morale,RSI,PC,CDI,CRIL1,Bon,16.048981450682756,0.0,0.0,0.0,,0.0,0.0,0.0,0.0,0,0,0,0,2,1,1
4650,Personne morale,RSI,PC,CDI,CRILEXT,Bon,16.05409042759221,0.0,0.0,0.0,,0.0,0.0,0.0,0.0,0,0,0,0,2,1,1
4651,Personne morale,RSI,PC,CDI,CRIL1,Bon,16.055102708132335,0.0,0.0,0.0,,0.0,0.0,0.0,0.0,0,0,0,0,1,1,1
4652,Personne morale,RSI,PC,CDI,CRIL1,Bon,16.056539451608245,0.0,0.0,0.0,,0.0,0.0,0.0,0.0,0,0,0,0,1,1,1
4653,Personne morale,RSI,PC,CDI,CRIL1,Bon,16.062006770845567,0.0,0.0,0.0,,0.0,0.0,0.0,0.0,0,0,0,0,2,1,1
4654,Personne physique,RSI,PC,CDI,CRIL1,Bon,16.071895784070346,0.0,0.0,0.0,,0.0,0.0,0.0,0.0,0,0,0,0,1,1,1
4655,Personne morale,RSI,PC,CDI,CRIL1,Bon,16.077912514824583,0.0,0.0,0.0,,0.0,0.0,0.0,0.0,0,0,0,0,1,1,1
4656,Personne physique,RSI,PC,CDI,CRIL1,Bon,16.098374868312774,0.0,0.0,0.0,,0.0,0.0,0.0,0.0,0,0,0,0,1,1,1
4657,Personne morale,RSI,PC,CDI,CRIL1,Bon,16.108954093959387,0.0,0.0,0.0,,0.0,0.0,0.0,0.0,0,0,0,0,1,1,1
4658,Personne physique,RSI,PC,CDI,CRIEN,Bon,16.118095750958314,0.0,0.0,0.0,,0.0,0.0,0.0,0.0,0,0,0,0,2,1,1
4659,Personne morale,SALARIE,PC,CDI,CRIL2,Bon,16.143958407930935,0.0,0.0,0.0,,0.0,0.0,0.0,0.0,0,0,0,1,1,1,1
4660,Personne morale,RSI,PC,CDI,CRIL2,Bon,16.164076730484144,0.0,0.0,0.0,,0.0,0.0,0.0,0.0,0,0,0,0,1,1,1
4661,Personne physique,RSI,PC,CDI,CRIC1,Bon,16.175354709733398,0.0,0.0,0.0,,0.0,0.0,0.0,0.0,0,0,0,0,1,1,1
4662,Personne morale,RSI,PC,CDI,CRIL1,Bon,16.179375211196934,0.0,0.0,0.0,,0.0,0.0,0.0,0.0,0,0,0,0,1,1,1
4663,Personne morale,RSI,PC,CDI,CRIL1,Bon,16.182946716998643,0.0,0.0,0.0,,0.0,0.0,0.0,0.0,0,0,0,0,1,1,1
4664,Personne morale,RSI,PC,CDI,CRIC1,Bon,16.184819376546592,0.0,0.0,0.0,,0.0,0.0,0.0,0.0,0,0,0,0,2,1,1
4665,Personne morale,RSI,PC,CDI,CRIC1,Bon,16.204273438942487,0.0,0.0,0.0,,0.0,0.0,0.0,0.0,0,0,0,0,2,1,1
4666,Personne physique,RSI,PC,CDI,CRIA,Bon,16.207936446365782,0.0,0.0,0.0,,0.0,0.0,0.0,0.0,0,0,0,0,1,1,1
4667,Personne morale,RSI,PC,CDI,CRINO,Bon,16.210720501217686,0.0,0.0,0.0,,0.0,0.0,0.0,0.0,0,0,0,0,2,1,1
4668,Personne morale,RSI,PC,CDI,CRIO,Bon,16.211677155646232,0.0,0.0,0.0,,0.0,0.0,0.0,0.0,0,0,0,0,1,1,1
4669,Personne morale,RSI,PC,CDI,CRIC1,Bon,16.2234772163946,0.0,0.0,0.0,,0.0,0.0,0.0,0.0,0,0,0,0,2,1,1
4670,Personne morale,RSI,PC,CDI,CRIL1,Bon,16.227940327721182,0.0,0.0,0.0,,0.0,0.0,0.0,0.0,0,0,0,0,1,1,1
4671,Personne morale,RSI,PC,CDI,CRIL2,Bon,16.25881374477062,0.0,0.0,0.0,,0.0,0.0,0.0,0.0,0,0,0,0,2,1,1
4672,Personne morale,SALARIE,PC,CDI,CRIC2,Bon,16.347402490133806,0.0,0.0,0.0,0.0,0.0,0.0,0.0,0.0,0,0,0,1,0,1,0
4673,Personne morale,RSI,PC,CDI,CRIL1,Bon,16.359472049088183,0.0,0.0,0.0,,0.0,0.0,0.0,0.0,0,0,0,0,1,1,1
4674,Personne physique,RSI,PC,CDI,CRIEN,Bon,16.364236095015492,0.0,0.0,0.0,,0.0,0.0,0.0,0.0,0,0,0,0,1,1,1
4675,Personne physique,RSI,PC,CDI,CRIC1,Bon,16.368998716863548,0.0,0.0,0.0,0.0,0.0,0.0,0.0,0.0,0,0,0,0,0,1,0
4676,Personne morale,RSI,PC,CDI,CRIL2,Bon,16.379225307457094,0.0,0.0,0.0,,0.0,0.0,0.0,0.0,0,0,0,0,1,1,1
4677,Personne morale,RSI,PC,CDI,CRIO,Bon,16.389845044693846,0.0,0.0,0.0,,0.0,0.0,0.0,0.0,0,0,0,0,1,1,1
4678,Personne physique,RSI,PC,CDI,CRIO,Bon,16.405812797794987,0.0,0.0,0.0,,0.0,0.0,0.0,0.0,0,0,0,0,1,1,1
4679,Personne morale,RSI,PC,CDI,CRIL2,Bon,16.422671786696657,0.0,0.0,0.0,,0.0,0.0,0.0,0.0,0,0,0,0,1,1,1
4680,Personne morale,RSI,PC,CDI,CRIL2,Bon,16.424108753732526,0.0,0.0,0.0,,0.0,0.0,0.0,0.0,0,0,0,0,1,1,1
4681,Personne morale,RSI,PC,CDI,CRIL2,Bon,16.433337684639106,0.0,0.0,0.0,,0.0,0.0,0.0,0.0,0,0,0,0,1,1,1
4682,Personne physique,RSI,PC,CDI,CRIL2,Bon,16.439961807669693,0.0,0.0,0.0,,0.0,0.0,0.0,0.0,0,0,0,0,1,1,1
4683,Personne physique,RSI,PC,CDI,CRIC1,Bon,16.440797871723223,0.0,0.0,0.0,,0.0,0.0,0.0,0.0,0,0,0,0,1,1,1
4684,Personne physique,RSI,PC,CDI,CRIEN,Bon,16.454567959008102,0.0,0.0,0.0,,0.0,0.0,0.0,0.0,0,0,0,0,1,1,1
4685,Personne morale,RSI,PC,CDI,CRIL2,Bon,16.4634746047504,0.0,0.0,0.0,,0.0,0.0,0.0,0.0,0,0,0,0,1,1,1
4686,Personne morale,RSI,PC,CDI,CRIC1,Bon,16.48080752590479,0.0,0.0,0.0,,0.0,0.0,0.0,0.0,0,0,0,0,1,1,1
4687,Personne physique,RSI,PC,CDI,CRIC1,Bon,16.487784140205736,0.0,0.0,0.0,,0.0,0.0,0.0,0.0,0,0,0,0,2,1,1
4688,Personne morale,RSI,PC,CDI,CRILEXT,Bon,16.49231368115591,0.0,0.0,0.0,,0.0,0.0,0.0,0.0,0,0,0,0,1,1,1
4689,Personne morale,RSI,PC,CDI,CRIL1,Bon,16.504026943637157,0.0,0.0,0.0,,0.0,0.0,0.0,0.0,0,0,0,0,1,1,1
4690,Personne physique,RSI,PC,CDI,CRIA,Bon,16.508028556513075,0.0,0.0,0.0,,0.0,0.0,0.0,0.0,0,0,0,0,1,1,1
4691,Personne physique,RSI,PC,CDI,CRIC2,Bon,16.508306536078695,0.0,0.0,0.0,0.0,0.0,0.0,0.0,0.0,0,0,0,0,0,1,0
4692,Personne physique,RSI,PC,CDI,CRIC2,Bon,16.52356082573315,0.0,0.0,0.0,,0.0,0.0,0.0,0.0,0,0,0,0,1,1,1
4693,Personne morale,RSI,PC,CDI,CRIL1,Bon,16.543540494861034,0.0,0.0,0.0,,0.0,0.0,0.0,0.0,0,0,0,0,1,1,1
4694,Personne physique,RSI,PC,CDI,CRICEXT,Bon,16.54987813231892,0.0,0.0,0.0,0.0,0.0,0.0,0.0,0.0,0,0,0,0,0,1,0
4695,Personne physique,RSI,PC,CDI,CRIL2,Bon,16.55940224341098,0.0,0.0,0.0,,0.0,0.0,0.0,0.0,0,0,0,0,1,1,1
4696,Personne physique,RSI,PC,CDI,CRIEN,Bon,16.57409093235118,0.0,0.0,0.0,,0.0,0.0,0.0,0.0,0,0,0,0,2,1,1
4697,Personne physique,RSI,PC,CDI,CRIL1,Bon,16.575520561288332,0.0,0.0,0.0,,0.0,0.0,0.0,0.0,0,0,0,0,1,1,1
4698,Personne morale,RSI,PC,CDI,CRIL1,Bon,16.58458693162318,0.0,0.0,0.0,,0.0,0.0,0.0,0.0,0,0,0,0,1,1,1
4699,Personne morale,RSI,PC,CDI,CRIC2,Bon,16.60747295521924,0.0,0.0,0.0,,0.0,0.0,0.0,0.0,0,0,0,0,2,1,1
4700,Personne physique,RSI,PC,CDI,CRIC1,Bon,16.630035114174774,0.0,0.0,0.0,0.0,0.0,0.0,0.0,0.0,0,0,0,0,0,1,0
4701,Personne physique,RSI,PC,CDI,CRIC2,Bon,16.63514840583556,0.0,0.0,0.0,,0.0,0.0,0.0,0.0,0,0,0,0,1,1,1
4702,Personne physique,RSI,PC,CDI,CRIL2,Bon,16.63544202832447,0.0,0.0,0.0,,0.0,0.0,0.0,0.0,0,0,0,0,1,1,1
4703,Personne morale,RSI,PC,CDI,CRIC2,Bon,16.639492422731614,0.0,0.0,0.0,,0.0,0.0,0.0,0.0,0,0,0,0,1,1,1
4704,Personne physique,RSI,PC,CDI,CRIC1,Bon,16.65280386177158,0.0,0.0,0.0,,0.0,0.0,0.0,0.0,0,0,0,0,2,1,1
4705,Personne morale,RSI,PC,CDI,CRIL2,Bon,16.659167646361077,0.0,0.0,0.0,,0.0,0.0,0.0,0.0,0,0,0,0,1,1,1
4706,Personne morale,RSI,PC,CDI,CRIL1,Bon,16.683352697033758,0.0,0.0,0.0,,0.0,0.0,0.0,0.0,0,0,0,0,2,1,1
4707,Personne morale,RSI,PC,CDI,CRIL2,Bon,16.692791672717313,0.0,0.0,0.0,,0.0,0.0,0.0,0.0,0,0,0,0,1,1,1
4708,Personne physique,RSI,PC,CDI,CRIL1,Bon,16.696856931556738,0.0,0.0,0.0,,0.0,0.0,0.0,0.0,0,0,0,0,1,1,1
4709,Personne morale,RSI,PC,CDI,CRIL2,Bon,16.78219160144017,0.0,0.0,0.0,,0.0,0.0,0.0,0.0,0,0,0,0,1,1,1
4710,Personne morale,RSI,PC,CDI,CRIC1,Bon,16.78756475536172,0.0,0.0,0.0,,0.0,0.0,0.0,0.0,0,0,0,0,1,1,1
4711,Personne physique,RSI,PC,CDI,CRINO,Bon,16.791081449877442,0.0,0.0,0.0,0.0,0.0,0.0,0.0,0.0,0,0,0,0,0,1,0
4712,Personne physique,RSI,PC,CDI,CRIL1,Bon,16.79815764262817,0.0,0.0,0.0,,0.0,0.0,0.0,0.0,0,0,0,0,1,1,1
4713,Personne morale,RSI,PC,CDI,CRIL1,Bon,16.801273956993164,0.0,0.0,0.0,,0.0,0.0,0.0,0.0,0,0,0,0,1,1,1
4714,Personne morale,RSI,PC,CDI,CRIL2,Bon,16.83960101038731,0.0,0.0,0.0,,0.0,0.0,0.0,0.0,0,0,0,0,1,1,1
4715,Personne morale,RSI,PC,CDI,CRIL1,Bon,16.861207781546963,0.0,0.0,0.0,,0.0,0.0,0.0,0.0,0,0,0,0,1,1,1
4716,Personne physique,RSI,PC,CDI,CRIL2,Bon,16.862628956596915,0.0,0.0,0.0,,0.0,0.0,0.0,0.0,0,0,0,0,1,1,1
4717,Personne morale,RSI,PC,CDI,CRINO,Bon,16.880278148771048,0.0,0.0,0.0,,0.0,0.0,0.0,0.0,0,0,0,0,1,1,1
4718,Personne morale,RSI,PC,CDI,CRIL2,Bon,16.893118949774703,0.0,0.0,0.0,,0.0,0.0,0.0,0.0,0,0,0,0,2,1,1
4719,Personne morale,RSI,PC,CDI,CRIL2,Bon,16.896587153076144,0.0,0.0,0.0,0.0,0.0,0.0,0.0,0.0,0,0,0,0,0,1,0
4720,Personne morale,RSI,PC,CDI,CRIL2,Bon,16.89917591277465,0.0,0.0,0.0,,0.0,0.0,0.0,0.0,0,0,0,0,2,1,1
4721,Personne morale,RSI,PC,CDI,CRIL2,Bon,16.914566318841928,0.0,0.0,0.0,,0.0,0.0,0.0,0.0,0,0,0,0,1,1,1
4722,Personne physique,RSI,PC,CDI,CRICEXT,Bon,16.91790272262206,0.0,0.0,0.0,,0.0,0.0,0.0,0.0,0,0,0,0,1,1,1
4723,Personne physique,RSI,PC,CDI,CRIL1,Bon,16.92211318510243,0.0,0.0,0.0,,0.0,0.0,0.0,0.0,0,0,0,0,1,1,1
4724,Personne physique,RSI,PC,CDI,CRIC1,Bon,16.922543569071387,0.0,0.0,0.0,,0.0,0.0,0.0,0.0,0,0,0,0,1,1,1
4725,Personne morale,RSI,PC,CDI,CRIC1,Bon,16.930145284837288,0.0,0.0,0.0,,0.0,0.0,0.0,0.0,0,0,0,0,1,1,1
4726,Personne morale,RSI,PC,CDI,CRIC2,Bon,16.953913626034403,0.0,0.0,0.0,,0.0,0.0,0.0,0.0,0,0,0,0,2,1,1
4727,Personne morale,RSI,PC,CDI,CRIL2,Bon,16.959256072884898,0.0,0.0,0.0,,0.0,0.0,0.0,0.0,0,0,0,0,2,1,1
4728,Personne physique,RSI,PC,CDI,CRIL1,Bon,16.96052457730034,0.0,0.0,0.0,,0.0,0.0,0.0,0.0,0,0,0,0,2,1,1
4729,Personne physique,RSI,PC,CDI,CRIL1,Bon,16.964234697322688,0.0,0.0,0.0,,0.0,0.0,0.0,0.0,0,0,0,0,2,1,1
4730,Personne physique,RSI,PC,CDI,CRIL2,Bon,16.975223679392442,0.0,0.0,0.0,,0.0,0.0,0.0,0.0,0,0,0,0,1,1,1
4731,Personne morale,RSI,PC,CDI,CRIL2,Bon,16.979941728120934,0.0,0.0,0.0,,0.0,0.0,0.0,0.0,0,0,0,0,1,1,1
4732,Personne morale,RSI,PC,CDI,CRIC1,Bon,17.02650165994152,0.0,0.0,0.0,,0.0,0.0,0.0,0.0,0,0,0,0,2,1,1
4733,Personne physique,RSI,PC,CDI,CRIL1,Bon,17.04129252047128,0.0,0.0,0.0,,0.0,0.0,0.0,0.0,0,0,0,0,1,1,1
4734,Personne physique,RSI,PC,CDI,CRIE,Bon,17.04170577063965,0.0,0.0,0.0,,0.0,0.0,0.0,0.0,0,0,0,0,1,1,1
4735,Personne physique,RSI,PC,CDI,CRIL1,Bon,17.04925485719242,0.0,0.0,0.0,0.0,0.0,0.0,0.0,0.0,0,0,0,0,0,1,0
4736,Personne physique,RSI,PC,CDI,CRIL2,Bon,17.05736048548381,0.0,0.0,0.0,,0.0,0.0,0.0,0.0,0,0,0,0,1,1,1
4737,Personne morale,RSI,PC,CDI,CRIL1,Bon,17.08338608695164,0.0,0.0,0.0,,0.0,0.0,0.0,0.0,0,0,0,0,1,1,1
4738,Personne morale,RSI,PC,CDI,CRIL1,Bon,17.0926553286923,0.0,0.0,0.0,,0.0,0.0,0.0,0.0,0,0,0,0,1,1,1
4739,Personne morale,RSI,PC,CDI,CRIL1,Bon,17.096233823759608,0.0,0.0,0.0,,0.0,0.0,0.0,0.0,0,0,0,0,1,1,1
4740,Personne morale,RSI,PC,CDI,CRIL2,Bon,17.112370456048346,0.0,0.0,0.0,,0.0,0.0,0.0,0.0,0,0,0,0,1,1,1
4741,Personne physique,RSI,PC,CDI,CRIC1,Bon,17.115413258361606,0.0,0.0,0.0,0.0,0.0,0.0,0.0,0.0,0,0,0,0,0,1,0
4742,Personne morale,RSI,PC,CDI,CRIL2,Bon,17.143348118307294,0.0,0.0,0.0,,0.0,0.0,0.0,0.0,0,0,0,0,1,1,1
4743,Personne morale,RSI,PC,CDI,CRIL1,Bon,17.145390976672772,0.0,0.0,0.0,,0.0,0.0,0.0,0.0,0,0,0,0,1,1,1
4744,Personne morale,RSI,PC,CDI,CRIC1,Bon,17.147715103853763,0.0,0.0,0.0,,0.0,0.0,0.0,0.0,0,0,0,0,1,1,1
4745,Personne morale,RSI,PC,CDI,CRICEXT,Bon,17.147715103853763,0.0,0.0,0.0,,0.0,0.0,0.0,0.0,0,0,0,0,1,1,1
4746,Personne physique,RSI,PC,CDI,CRIO,Bon,17.151578417215337,0.0,0.0,0.0,,0.0,0.0,0.0,0.0,0,0,0,0,1,1,1
4747,Personne morale,RSI,PC,CDI,CRINO,Bon,17.153632631914228,0.0,0.0,0.0,,0.0,0.0,0.0,0.0,0,0,0,0,1,1,1
4748,Personne morale,RSI,PC,CDI,CRISO,Bon,17.189900989231713,0.0,0.0,0.0,,0.0,0.0,0.0,0.0,0,0,0,0,1,1,1
4749,Personne morale,RSI,PC,CDI,CRIL1,Bon,17.196444720274012,0.0,0.0,0.0,,0.0,0.0,0.0,0.0,0,0,0,0,1,1,1
4750,Personne physique,RSI,PC,CDI,CRIC1,Bon,17.218705975555903,0.0,0.0,0.0,0.0,0.0,0.0,0.0,0.0,0,0,0,0,0,1,0
4751,Personne physique,RSI,PC,CDI,CRIN,Bon,17.22088108658999,0.0,0.0,0.0,,0.0,0.0,0.0,0.0,0,0,0,0,2,1,1
4752,Personne morale,RSI,PC,CDI,CRIL1,Bon,17.23898172677674,0.0,0.0,0.0,,0.0,0.0,0.0,0.0,0,0,0,0,1,1,1
4753,Personne morale,RSI,PC,CDI,CRILEXT,Bon,17.251145307726848,0.0,0.0,0.0,,0.0,0.0,0.0,0.0,0,0,0,0,1,1,1
4754,Personne morale,RSI,PC,CDI,CRIC1,Bon,17.263227941624958,0.0,0.0,0.0,,0.0,0.0,0.0,0.0,0,0,0,0,1,1,1
4755,Personne physique,RSI,PC,CDI,CRIL1,Bon,17.26441818756284,0.0,0.0,0.0,0.0,0.0,0.0,0.0,0.0,0,0,0,0,0,1,0
4756,Personne morale,RSI,PC,CDI,CRILEXT,Bon,17.26807240648116,0.0,0.0,0.0,,0.0,0.0,0.0,0.0,0,0,0,0,2,1,1
4757,Personne morale,RSI,PC,CDI,CRIL2,Bon,17.268232773873226,0.0,0.0,0.0,,0.0,0.0,0.0,0.0,0,0,0,0,1,1,1
4758,Personne morale,RSI,PC,CDI,CRIL1,Bon,17.28237685288003,0.0,0.0,0.0,,0.0,0.0,0.0,0.0,0,0,0,0,1,1,1
4759,Personne morale,RSI,PC,CDI,CRIL1,Bon,17.295610274244787,0.0,0.0,0.0,,0.0,0.0,0.0,0.0,0,0,0,0,1,1,1
4760,Personne physique,RSI,PC,CDI,CRIEN,Bon,17.305162582939314,0.0,0.0,0.0,0.0,0.0,0.0,0.0,0.0,0,0,0,0,0,1,0
4761,Personne morale,RSI,PC,CDI,CRIL1,Bon,17.320852916816616,0.0,0.0,0.0,,0.0,0.0,0.0,0.0,0,0,0,0,1,1,1
4762,Personne morale,RSI,PC,CDI,CRIL1,Bon,17.33212162243375,0.0,0.0,0.0,,0.0,0.0,0.0,0.0,0,0,0,0,1,1,1
4763,Personne morale,HRI,PC,CDI,CRIL2,Bon,17.341871111992198,0.0,0.0,0.0,,0.0,0.0,0.0,0.0,0,0,0,0,1,1,1
4764,Personne morale,RSI,PC,CDI,CRIL2,Bon,17.343774152945706,0.0,0.0,0.0,,0.0,0.0,0.0,0.0,0,0,0,0,2,1,1
4765,Personne morale,RSI,PC,CDI,CRIL2,Bon,17.34423596052156,0.0,0.0,0.0,,0.0,0.0,0.0,0.0,0,0,0,0,1,1,1
4766,Personne morale,RSI,PC,CDI,CRIL1,Bon,17.368921830803114,0.0,0.0,0.0,,0.0,0.0,0.0,0.0,0,0,0,0,2,1,1
4767,Personne morale,RSI,PC,CDI,CRICEXT,Bon,17.37796839924974,0.0,0.0,0.0,,0.0,0.0,0.0,0.0,0,0,0,0,1,1,1
4768,Personne morale,RSI,PC,CDI,CRIL2,Bon,17.38493989699177,0.0,0.0,0.0,,0.0,0.0,0.0,0.0,0,0,0,0,1,1,1
4769,Personne morale,RSI,PC,CDI,CRIE,Bon,17.394050734037474,0.0,0.0,0.0,,0.0,0.0,0.0,0.0,0,0,0,0,1,1,1
4770,Personne morale,RSI,PC,CDI,CRIL2,Bon,17.401222811567436,0.0,0.0,0.0,,0.0,0.0,0.0,0.0,0,0,0,0,1,1,1
4771,Personne morale,RSI,PC,CDI,CRIL2,Bon,17.40732832678329,0.0,0.0,0.0,,0.0,0.0,0.0,0.0,0,0,0,0,1,1,1
4772,Personne morale,RSI,PC,CDI,CRIL2,Bon,17.419382380794097,0.0,0.0,0.0,,0.0,0.0,0.0,0.0,0,0,0,0,2,1,1
4773,Personne physique,RSI,PC,CDI,CRILEXT,Bon,17.429632305816067,0.0,0.0,0.0,,0.0,0.0,0.0,0.0,0,0,0,0,1,1,1
4774,Personne morale,RSI,PC,CDI,CRIL1,Bon,17.44648175541168,0.0,0.0,0.0,,0.0,0.0,0.0,0.0,0,0,0,0,1,1,1
4775,Personne morale,RSI,PC,CDI,CRIL1,Bon,17.450461696437877,0.0,0.0,0.0,,0.0,0.0,0.0,0.0,0,0,0,0,1,1,1
4776,Personne morale,RSI,PC,CDI,CRIL1,Bon,17.452438632779224,0.0,0.0,0.0,,0.0,0.0,0.0,0.0,0,0,0,0,1,1,1
4777,Personne physique,RSI,PC,CDI,CRIS,Bon,17.456289562500977,0.0,0.0,0.0,0.0,0.0,0.0,0.0,0.0,0,0,0,0,0,1,0
4778,Personne morale,RSI,PC,CDI,CRIL2,Bon,17.461196744769907,0.0,0.0,0.0,,0.0,0.0,0.0,0.0,0,0,0,0,1,1,1
4779,Personne morale,RSI,PC,CDI,CRIC1,Bon,17.46616882523204,0.0,0.0,0.0,,0.0,0.0,0.0,0.0,0,0,0,0,1,1,1
4780,Personne physique,RSI,PC,CDI,CRIL1,Bon,17.480081976153752,0.0,0.0,0.0,,0.0,0.0,0.0,0.0,0,0,0,0,1,1,1
4781,Personne physique,RSI,PC,CDI,CRILEXT,Bon,17.49853067966789,0.0,0.0,0.0,,0.0,0.0,0.0,0.0,0,0,0,0,1,1,1
4782,Personne physique,RSI,PC,CDI,CRIC2,Bon,17.50748711111192,0.0,0.0,0.0,,0.0,0.0,0.0,0.0,0,0,0,0,1,1,1
4783,Personne morale,RSI,PC,CDI,CRIS,Bon,17.508282451696434,0.0,0.0,0.0,,0.0,0.0,0.0,0.0,0,0,0,0,1,1,1
4784,Personne morale,RSI,PC,CDI,CRIC2,Bon,17.51688230742019,0.0,0.0,0.0,,0.0,0.0,0.0,0.0,0,0,0,0,1,1,1
4785,Personne morale,RSI,PC,CDI,CRILEXT,Bon,17.533587122703636,0.0,0.0,0.0,,0.0,0.0,0.0,0.0,0,0,0,0,2,1,1
4786,Personne morale,RSI,PC,CDI,CRIL2,Bon,17.541204009297314,0.0,0.0,0.0,,0.0,0.0,0.0,0.0,0,0,0,0,2,1,1
4787,Personne morale,RSI,PC,CDI,CRIL2,Bon,17.545729896470352,0.0,0.0,0.0,,0.0,0.0,0.0,0.0,0,0,0,0,1,1,1
4788,Personne morale,RSI,PC,CDI,CRIC1,Bon,17.561710711360277,0.0,0.0,0.0,,0.0,0.0,0.0,0.0,0,0,0,0,1,1,1
4789,Personne physique,RSI,PC,CDI,CRIL2,Bon,17.562630641500462,0.0,0.0,0.0,0.0,0.0,0.0,0.0,0.0,0,0,0,0,0,1,0
4790,Personne morale,RSI,PC,CDI,CRIL1,Bon,17.565109005912056,0.0,0.0,0.0,,0.0,0.0,0.0,0.0,0,0,0,0,1,1,1
4791,Personne morale,RSI,PC,CDI,CRIC1,Bon,17.57737919433413,0.0,0.0,0.0,,0.0,0.0,0.0,0.0,0,0,0,0,1,1,1
4792,Personne morale,RSI,PC,CDI,CRIL2,Bon,17.590131856468908,0.0,0.0,0.0,,0.0,0.0,0.0,0.0,0,0,0,0,1,1,1
4793,Personne physique,RSI,PC,CDI,CRIL1,Bon,17.59217105529878,0.0,0.0,0.0,0.0,0.0,0.0,0.0,0.0,0,0,0,0,0,1,0
4794,Personne morale,RSI,PC,CDI,CRIL1,Bon,17.604909644545142,0.0,0.0,0.0,,0.0,0.0,0.0,0.0,0,0,0,0,1,1,1
4795,Personne morale,RSI,PC,CDI,CRIO,Bon,17.616825128628683,0.0,0.0,0.0,,0.0,0.0,0.0,0.0,0,0,0,0,1,1,1
4796,Personne physique,RSI,PC,CDI,CRIL1,Bon,17.633503350081373,0.0,0.0,0.0,,0.0,0.0,0.0,0.0,0,0,0,0,1,1,1
4797,Personne morale,RSI,PC,CDI,CRIL2,Bon,17.65014197838558,0.0,0.0,0.0,,0.0,0.0,0.0,0.0,0,0,0,0,1,1,1
4798,Personne morale,RSI,PC,CDI,CRIC2,Bon,17.65309448104315,0.0,0.0,0.0,,0.0,0.0,0.0,0.0,0,0,0,0,1,1,1
4799,Personne morale,RSI,PC,CDI,CRICEXT,Bon,17.667724130469214,0.0,0.0,0.0,,0.0,0.0,0.0,0.0,0,0,0,0,1,1,1
4800,Personne morale,RSI,PC,CDI,CRIL1,Bon,17.68358343134759,0.0,0.0,0.0,,0.0,0.0,0.0,0.0,0,0,0,0,1,1,1
4801,Personne morale,RSI,PC,CDI,CRIC2,Bon,17.693411863347933,0.0,0.0,0.0,,0.0,0.0,0.0,0.0,0,0,0,0,1,1,1
4802,Personne morale,RSI,PC,CDI,CRIC1,Bon,17.69472448371735,0.0,0.0,0.0,,0.0,0.0,0.0,0.0,0,0,0,0,2,1,1
4803,Personne morale,RSI,PC,CDI,CRINO,Bon,17.698112414876167,0.0,0.0,0.0,,0.0,0.0,0.0,0.0,0,0,0,0,1,1,1
4804,Personne morale,RSI,PC,CDI,CRIL2,Bon,17.699603711091232,0.0,0.0,0.0,,0.0,0.0,0.0,0.0,0,0,0,0,1,1,1
4805,Personne physique,REEL,PC,CIME,CRILEXT,Bon,17.728533083705525,0.0,0.0,0.0,,0.0,0.0,0.0,0.0,0,0,0,0,2,1,1
4806,Personne morale,REEL,PC,CIME,CRIL2,Bon,17.729950659859743,0.0,0.0,0.0,,0.0,0.0,0.0,0.0,0,0,0,0,1,1,1
4807,Personne morale,REEL,PC,CIME,CRIL1,Bon,17.731220777256723,0.0,0.0,0.0,,0.0,0.0,0.0,0.0,0,0,0,0,1,1,1
4808,Personne morale,SALARIE,PC,CDI,CRIL1,Bon,17.731437951340197,0.0,0.0,0.0,0.0,0.0,0.0,0.0,0.0,0,0,0,1,0,1,0
4809,Personne morale,REEL,PC,CIME,CRIL1,Bon,17.73667620181322,0.0,0.0,0.0,,0.0,0.0,0.0,0.0,0,0,0,0,2,1,1
4810,Personne morale,REEL,PC,CIME,CRIL2,Bon,17.736741717910757,0.0,0.0,0.0,,0.0,0.0,0.0,0.0,0,0,0,0,1,1,1
4811,Personne morale,REEL,PC,CIME,CRIL2,Bon,17.747336210296442,0.0,0.0,0.0,0.0,0.0,0.0,0.0,0.0,0,0,0,1,0,1,0
4812,Personne morale,REEL,PC,CIME,CRIL2,Bon,17.75114053322736,0.0,0.0,0.0,,0.0,0.0,0.0,0.0,0,0,0,0,1,1,1
4813,Personne morale,REEL,PC,CIME,CRIL1,Bon,17.758586704863415,0.0,0.0,0.0,,0.0,0.0,0.0,0.0,0,0,0,0,1,1,1
4814,Personne morale,REEL,PC,CIME,CRIC1,Bon,17.762874645114035,0.0,0.0,0.0,,0.0,0.0,0.0,0.0,0,0,0,0,1,1,1
4815,Personne morale,REEL,PC,CIME,CRIN,Bon,17.76662436426131,0.0,0.0,0.0,,0.0,0.0,0.0,0.0,0,0,0,0,1,1,1
4816,Personne physique,REEL,PC,CIME,CRIC1,Bon,17.772801914203438,0.0,0.0,0.0,,0.0,0.0,0.0,0.0,0,0,0,0,1,1,1
4817,Personne morale,REEL,PC,CIME,CRIL1,Bon,17.77632374660947,0.0,0.0,0.0,0.0,0.0,0.0,0.0,0.0,0,0,0,0,0,1,0
4818,Personne morale,REEL,PC,CIME,CRIL1,Bon,17.780584750780303,0.0,0.0,0.0,,0.0,0.0,0.0,0.0,0,0,0,0,2,1,1
4819,Personne morale,REEL,PC,CIME,CRIC1,Bon,17.793321322657015,0.0,0.0,0.0,,0.0,0.0,0.0,0.0,0,0,0,0,1,1,1
4820,Personne physique,REEL,PC,CIME,CRIC2,Bon,17.795780842327645,0.0,0.0,0.0,,0.0,0.0,0.0,0.0,0,0,0,0,1,1,1
4821,Personne morale,REEL,PC,CIME,CRIL2,Bon,17.807690861423307,0.0,0.0,0.0,,0.0,0.0,0.0,0.0,0,0,0,0,1,1,1
4822,Personne morale,REEL,PC,CIME,CRIL1,Bon,17.81733772193467,0.0,0.0,0.0,,0.0,0.0,0.0,0.0,0,0,0,0,1,1,1
4823,Personne morale,REEL,PC,CIME,CRIL2,Bon,17.82064602088234,0.0,0.0,0.0,,0.0,0.0,0.0,0.0,0,0,0,0,2,1,1
4824,Personne morale,REEL,PC,CIME,CRISO,Bon,17.822843761378564,0.0,0.0,0.0,,0.0,0.0,0.0,0.0,0,0,0,0,1,1,1
4825,Personne morale,REEL,PC,CIME,CRIL1,Bon,17.846600059505395,0.0,0.0,0.0,,0.0,0.0,0.0,0.0,0,0,0,0,1,1,1
4826,Personne physique,REEL,PC,CIME,CRIL2,Bon,17.847092816196287,0.0,0.0,0.0,,0.0,0.0,0.0,0.0,0,0,0,0,1,1,1
4827,Personne physique,REEL,PC,CIME,CRIO,Bon,17.85053771858517,0.0,0.0,0.0,,0.0,0.0,0.0,0.0,0,0,0,0,1,1,1
4828,Personne morale,REEL,PC,CIME,CRIL1,Bon,17.85254168844942,0.0,0.0,0.0,,0.0,0.0,0.0,0.0,0,0,0,0,2,1,1
4829,Personne morale,REEL,PC,CIME,CRIL1,Bon,17.855717679784128,0.0,0.0,0.0,0.0,0.0,0.0,0.0,0.0,0,0,0,0,0,1,0
4830,Personne morale,REEL,PC,CIME,CRIO,Bon,17.87229690831169,0.0,0.0,0.0,,0.0,0.0,0.0,0.0,0,0,0,0,2,1,1
4831,Personne morale,REEL,PC,CIME,CRIL1,Bon,17.8834127656066,0.0,0.0,0.0,,0.0,0.0,0.0,0.0,0,0,0,0,2,1,1
4832,Personne physique,REEL,PC,CIME,CRIL2,Bon,17.90148688732258,0.0,0.0,0.0,,0.0,0.0,0.0,0.0,0,0,0,0,2,1,1
4833,Personne morale,REEL,PC,CIME,CRIC1,Bon,17.903520616178515,0.0,0.0,0.0,,0.0,0.0,0.0,0.0,0,0,0,0,1,1,1
4834,Personne physique,REEL,PC,CIME,CRIN,Bon,17.907720443384218,0.0,0.0,0.0,0.0,0.0,0.0,0.0,0.0,0,0,0,0,0,1,0
4835,Personne morale,REEL,PC,CIME,CRIL1,Bon,17.90986222016117,0.0,0.0,0.0,,0.0,0.0,0.0,0.0,0,0,0,0,2,1,1
4836,Personne morale,REEL,PC,CIME,CRIL1,Bon,17.910107688288367,0.0,0.0,0.0,,0.0,0.0,0.0,0.0,0,0,0,0,1,1,1
4837,Personne morale,REEL,PC,CIME,CRIS,Bon,17.916632121019497,0.0,0.0,0.0,,0.0,0.0,0.0,0.0,0,0,0,0,1,1,1
4838,Personne physique,REEL,PC,CIME,CRIC2,Bon,17.91776055638637,0.0,0.0,0.0,,0.0,0.0,0.0,0.0,0,0,0,0,1,1,1
4839,Personne morale,REEL,PC,CIME,CRIL1,Bon,17.921743686957686,0.0,0.0,0.0,,0.0,0.0,0.0,0.0,0,0,0,0,2,1,1
4840,Personne physique,REEL,PC,CIME,CRIA,Bon,17.937611781748085,0.0,0.0,0.0,0.0,0.0,0.0,0.0,0.0,0,0,0,0,0,1,0
4841,Personne morale,REEL,PC,CIME,CRIL1,Bon,17.939284415660403,0.0,0.0,0.0,,0.0,0.0,0.0,0.0,0,0,0,0,1,1,1
4842,Personne morale,REEL,PC,CIME,CRIL1,Bon,17.94194718350278,0.0,0.0,0.0,,0.0,0.0,0.0,0.0,0,0,0,0,1,1,1
4843,Personne morale,REEL,PC,CIME,CRIL2,Bon,17.943299583524208,0.0,0.0,0.0,,0.0,0.0,0.0,0.0,0,0,0,0,2,1,1
4844,Personne morale,REEL,PC,CIME,CRIL1,Bon,17.95699632239039,0.0,0.0,0.0,,0.0,0.0,0.0,0.0,0,0,0,0,1,1,1
4845,Personne morale,REEL,PC,CIME,CRIL1,Bon,17.957365354483812,0.0,0.0,0.0,,0.0,0.0,0.0,0.0,0,0,0,0,2,1,1
4846,Personne morale,REEL,PC,CIME,CRIL2,Bon,17.972704731543395,0.0,0.0,0.0,,0.0,0.0,0.0,0.0,0,0,0,0,1,1,1
4847,Personne morale,REEL,PC,CIME,CRINO,Bon,17.984325423118943,0.0,0.0,0.0,,0.0,0.0,0.0,0.0,0,0,0,0,1,1,1
4848,Personne physique,REEL,PC,CIME,CRIL2,Bon,17.995191499316665,0.0,0.0,0.0,,0.0,0.0,0.0,0.0,0,0,0,0,1,1,1
4849,Personne physique,REEL,PC,CIME,CRIC1,Bon,18.0030501859253,0.0,0.0,0.0,,0.0,0.0,0.0,0.0,0,0,0,1,1,1,1
4850,Personne physique,REEL,PC,CIME,CRICEXT,Bon,18.0092380254767,0.0,0.0,0.0,,0.0,0.0,0.0,0.0,0,0,0,0,1,1,1
4851,Personne morale,REEL,PC,CIME,CRIS,Bon,18.010046111850354,0.0,0.0,0.0,,0.0,0.0,0.0,0.0,0,0,0,0,1,1,1
4852,Personne morale,REEL,PC,CIME,CRIL2,Bon,18.015351576603837,0.0,0.0,0.0,,0.0,0.0,0.0,0.0,0,0,0,0,1,1,1
4853,Personne physique,REEL,PC,CIME,CRILEXT,Bon,18.016841443502404,0.0,0.0,0.0,,0.0,0.0,0.0,0.0,0,0,0,0,1,1,1
4854,Personne physique,REEL,PC,CIME,CRIN,Bon,18.025410773363436,0.0,0.0,0.0,,0.0,0.0,0.0,0.0,0,0,0,0,2,1,1
4855,Personne morale,REEL,PC,CIME,CRIL2,Bon,18.030254892163015,0.0,0.0,0.0,,0.0,0.0,0.0,0.0,0,0,0,0,1,1,1
4856,Personne physique,REEL,PC,CIME,CRIL2,Bon,18.03072296329831,0.0,0.0,0.0,,0.0,0.0,0.0,0.0,0,0,0,0,1,1,1
4857,Personne physique,REEL,PC,CIME,CRIC1,Bon,18.033428779992835,0.0,0.0,0.0,0.0,0.0,0.0,0.0,0.0,0,0,0,0,0,1,0
4858,Personne morale,REEL,PC,CIME,CRIN,Bon,18.039892584897267,0.0,0.0,0.0,,0.0,0.0,0.0,0.0,0,0,0,0,2,1,1
4859,Personne morale,REEL,PC,CIME,CRIL1,Bon,18.052649619130523,0.0,0.0,0.0,,0.0,0.0,0.0,0.0,0,0,0,0,2,1,1
4860,Personne physique,REEL,PC,CIME,CRIL2,Bon,18.06228328877114,0.0,0.0,0.0,,0.0,0.0,0.0,0.0,0,0,0,0,1,1,1
4861,Personne morale,REEL,PC,CIME,CRILEXT,Bon,18.091140821222506,0.0,0.0,0.0,,0.0,0.0,0.0,0.0,0,0,0,0,2,1,1
4862,Personne morale,REEL,PC,CIME,CRIL1,Bon,18.098436708698024,0.0,0.0,0.0,,0.0,0.0,0.0,0.0,0,0,0,0,2,1,1
4863,Personne morale,REEL,PC,CIME,CRIL2,Bon,18.099097133618006,0.0,0.0,0.0,,0.0,0.0,0.0,0.0,0,0,0,0,1,1,1
4864,Personne morale,REEL,PC,CIME,CRIL2,Bon,18.100764308603384,0.0,0.0,0.0,,0.0,0.0,0.0,0.0,0,0,0,0,1,1,1
4865,Personne morale,REEL,PC,CIME,CRILEXT,Bon,18.111069058974238,0.0,0.0,0.0,,0.0,0.0,0.0,0.0,0,0,0,0,1,1,1
4866,Personne physique,REEL,PC,CIME,CRIC2,Bon,18.115688660653255,0.0,0.0,0.0,,0.0,0.0,0.0,0.0,0,0,0,0,1,1,1
4867,Personne morale,REEL,PC,CIME,CRIL2,Bon,18.121263428772888,0.0,0.0,0.0,,0.0,0.0,0.0,0.0,0,0,0,0,1,1,1
4868,Personne morale,REEL,PC,CIME,CRIL1,Bon,18.130501837001997,0.0,0.0,0.0,,0.0,0.0,0.0,0.0,0,0,0,0,1,1,1
4869,Personne physique,REEL,PC,CIME,CRIL1,Bon,18.136510112502485,0.0,0.0,0.0,,0.0,0.0,0.0,0.0,0,0,0,0,1,1,1
4870,Personne morale,REEL,PC,CIME,CRIL1,Bon,18.149902644237535,0.0,0.0,0.0,,0.0,0.0,0.0,0.0,0,0,0,0,1,1,1
4871,Personne morale,REEL,PC,CIME,CRIC1,Bon,18.15740199346997,0.0,0.0,0.0,,0.0,0.0,0.0,0.0,0,0,0,0,1,1,1
4872,Personne physique,REEL,PC,CIME,CRIC2,Bon,18.158089383700577,0.0,0.0,0.0,,0.0,0.0,0.0,0.0,0,0,0,0,1,1,1
4873,Personne morale,REEL,PC,CIME,CRIC1,Bon,18.166334809582345,0.0,0.0,0.0,,0.0,0.0,0.0,0.0,0,0,0,0,1,1,1
4874,Personne morale,REEL,PC,CIME,CRIL2,Bon,18.180731565846084,0.0,0.0,0.0,,0.0,0.0,0.0,0.0,0,0,0,0,1,1,1
4875,Personne physique,REEL,PC,CIME,CRILEXT,Bon,18.18252846049283,0.0,0.0,0.0,,0.0,0.0,0.0,0.0,0,0,0,0,1,1,1
4876,Personne morale,REEL,PC,CIME,CRIE,Bon,18.195295256376102,0.0,0.0,0.0,,0.0,0.0,0.0,0.0,0,0,0,0,1,1,1
4877,Personne morale,REEL,PC,CIME,CRILEXT,Bon,18.198119997774246,0.0,0.0,0.0,,0.0,0.0,0.0,0.0,0,0,0,0,1,1,1
4878,Personne morale,REEL,PC,CIME,CRIC1,Bon,18.209612022569896,0.0,0.0,0.0,0.0,0.0,0.0,0.0,0.0,0,0,0,0,0,1,0
4879,Personne physique,REEL,PC,CIME,CRIC1,Bon,18.215651348700103,0.0,0.0,0.0,0.0,0.0,0.0,0.0,0.0,0,0,0,0,0,1,0
4880,Personne morale,REEL,PC,CIME,CRIL1,Bon,18.219004463058617,0.0,0.0,0.0,,0.0,0.0,0.0,0.0,0,0,0,0,1,1,1
4881,Personne morale,REEL,PC,CIME,CRIC1,Bon,18.222451292893446,0.0,0.0,0.0,,0.0,0.0,0.0,0.0,0,0,0,0,1,1,1
4882,Personne morale,HRI,PC,CDI,CRIL1,Bon,18.224100858594007,0.0,0.0,0.0,,0.0,0.0,0.0,0.0,0,0,0,1,1,1,1
4883,Personne morale,REEL,PC,CIME,CRIL2,Bon,18.24567732415356,0.0,0.0,0.0,,0.0,0.0,0.0,0.0,0,0,0,0,2,1,1
4884,Personne morale,HRI,PC,CDI,CRIL1,Bon,18.258161826219297,0.0,0.0,0.0,,0.0,0.0,0.0,0.0,0,0,0,1,1,1,1
4885,Personne morale,REEL,PC,CIME,CRIL2,Bon,18.261150297428827,0.0,0.0,0.0,,0.0,0.0,0.0,0.0,0,0,0,0,1,1,1
4886,Personne morale,REEL,PC,CIME,CRIL2,Bon,18.261154109541476,0.0,0.0,0.0,,0.0,0.0,0.0,0.0,0,0,0,0,1,1,1
4887,Personne morale,REEL,PC,CIME,CRIL2,Bon,18.261315248914357,0.0,0.0,0.0,,0.0,0.0,0.0,0.0,0,0,0,0,1,1,1
4888,Personne morale,REEL,PC,CIME,CRIL2,Bon,18.26236357468355,0.0,0.0,0.0,,0.0,0.0,0.0,0.0,0,0,0,0,1,1,1
4889,Personne morale,REEL,PC,CIME,CRIL1,Bon,18.26671241249863,0.0,0.0,0.0,,0.0,0.0,0.0,0.0,0,0,0,0,2,1,1
4890,Personne morale,REEL,PC,CIME,CRILEXT,Bon,18.26973050890041,0.0,0.0,0.0,,0.0,0.0,0.0,0.0,0,0,0,0,1,1,1
4891,Personne morale,REEL,PC,CIME,CRILEXT,Bon,18.270202992325192,0.0,0.0,0.0,,0.0,0.0,0.0,0.0,0,0,0,0,1,1,1
4892,Personne morale,REEL,PC,CIME,CRISO,Bon,18.273354350622668,0.0,0.0,0.0,,0.0,0.0,0.0,0.0,0,0,0,0,2,1,1
4893,Personne morale,REEL,PC,CIME,CRIL2,Bon,18.292617471017174,0.0,0.0,0.0,,0.0,0.0,0.0,0.0,0,0,0,0,1,1,1
4894,Personne morale,REEL,PC,CIME,CRIL2,Bon,18.318670620568106,0.0,0.0,0.0,,0.0,0.0,0.0,0.0,0,0,0,0,1,1,1
4895,Personne morale,REEL,PC,CIME,CRIL1,Bon,18.32717799076802,0.0,0.0,0.0,,0.0,0.0,0.0,0.0,0,0,0,0,1,1,1
4896,Personne physique,REEL,PC,CIME,CRIC2,Bon,18.339227491928728,0.0,0.0,0.0,,0.0,0.0,0.0,0.0,0,0,0,0,1,1,1
4897,Personne morale,REEL,PC,CIME,CRIL2,Bon,18.339942930582165,0.0,0.0,0.0,,0.0,0.0,0.0,0.0,0,0,0,0,2,1,1
4898,Personne morale,REEL,PC,CIME,CRIL2,Bon,18.352311974102037,0.0,0.0,0.0,,0.0,0.0,0.0,0.0,0,0,0,0,1,1,1
4899,Personne morale,REEL,PC,CIME,CRIL1,Bon,18.37170267262949,0.0,0.0,0.0,,0.0,0.0,0.0,0.0,0,0,0,0,2,1,1
4900,Personne morale,REEL,PC,CIME,CRIL2,Bon,18.371873819142476,0.0,0.0,0.0,,0.0,0.0,0.0,0.0,0,0,0,0,1,1,1
4901,Personne physique,REEL,PC,CIME,CRIC1,Bon,18.373603842809327,0.0,0.0,0.0,,0.0,0.0,0.0,0.0,0,0,0,0,1,1,1
4902,Personne morale,REEL,PC,CIME,CRIO,Bon,18.387130847680055,0.0,0.0,0.0,,0.0,0.0,0.0,0.0,0,0,0,0,1,1,1
4903,Personne morale,REEL,PC,CIME,CRIL2,Bon,18.387742807161043,0.0,0.0,0.0,,0.0,0.0,0.0,0.0,0,0,0,0,1,1,1
4904,Personne morale,REEL,PC,CIME,CRISO,Bon,18.392753935484244,0.0,0.0,0.0,,0.0,0.0,0.0,0.0,0,0,0,0,1,1,1
4905,Personne morale,REEL,PC,CIME,CRIC1,Bon,18.39755580167452,0.0,0.0,0.0,,0.0,0.0,0.0,0.0,0,0,0,0,1,1,1
4906,Personne physique,REEL,PC,CIME,CRIL2,Bon,18.407384620973822,0.0,0.0,0.0,,0.0,0.0,0.0,0.0,0,0,0,0,2,1,1
4907,Personne morale,REEL,PC,CIME,CRIO,Bon,18.409017228836714,0.0,0.0,0.0,,0.0,0.0,0.0,0.0,0,0,0,0,1,1,1
4908,Personne morale,REEL,PC,CIME,CRIL2,Bon,18.411168495627035,0.0,0.0,0.0,,0.0,0.0,0.0,0.0,0,0,0,0,1,1,1
4909,Personne morale,REEL,PC,CIME,CRIL2,Bon,18.432695042368223,0.0,0.0,0.0,,0.0,0.0,0.0,0.0,0,0,0,0,1,1,1
4910,Personne morale,REEL,PC,CIME,CRIC1,Bon,18.437915498652607,0.0,0.0,0.0,,0.0,0.0,0.0,0.0,0,0,0,0,1,1,1
4911,Personne physique,REEL,PC,CIME,CRIC2,Bon,18.439321794919113,0.0,0.0,0.0,0.0,0.0,0.0,0.0,0.0,0,0,0,0,0,1,0
4912,Personne morale,REEL,PC,CIME,CRIC1,Bon,18.47249156040227,0.0,0.0,0.0,0.0,0.0,0.0,0.0,0.0,0,0,0,0,0,1,0
4913,Personne morale,REEL,PC,CIME,CRIL1,Bon,18.475017440489868,0.0,0.0,0.0,,0.0,0.0,0.0,0.0,0,0,0,0,1,1,1
4914,Personne physique,REEL,PC,CIME,CRIL1,Bon,18.477795797963402,0.0,0.0,0.0,,0.0,0.0,0.0,0.0,0,0,0,0,1,1,1
4915,Personne morale,REEL,PC,CIME,CRIL1,Bon,18.487430905110166,0.0,0.0,0.0,,0.0,0.0,0.0,0.0,0,0,0,0,1,1,1
4916,Personne morale,REEL,PC,CIME,CRIL1,Bon,18.49267578042887,0.0,0.0,0.0,,0.0,0.0,0.0,0.0,0,0,0,0,2,1,1
4917,Personne physique,REEL,PC,CIME,CRIL2,Bon,18.51305433437746,0.0,0.0,0.0,,0.0,0.0,0.0,0.0,0,0,0,0,1,1,1
4918,Personne morale,REEL,PC,CIME,CRIL1,Bon,18.527051223424998,0.0,0.0,0.0,,0.0,0.0,0.0,0.0,0,0,0,0,1,1,1
4919,Personne morale,REEL,PC,CIME,CRIC1,Bon,18.530431616872058,0.0,0.0,0.0,,0.0,0.0,0.0,0.0,0,0,0,0,2,1,1
4920,Personne physique,REEL,PC,CIME,CRIN,Bon,18.53468398740814,0.0,0.0,0.0,,0.0,0.0,0.0,0.0,0,0,0,0,2,1,1
4921,Personne morale,REEL,PC,CIME,CRIL2,Bon,18.542441555535564,0.0,0.0,0.0,,0.0,0.0,0.0,0.0,0,0,0,0,1,1,1
4922,Personne morale,REEL,PC,CIME,CRIL2,Bon,18.549668619166304,0.0,0.0,0.0,,0.0,0.0,0.0,0.0,0,0,0,0,2,1,1
4923,Personne morale,REEL,PC,CIME,CRIC1,Bon,18.552729713330304,0.0,0.0,0.0,,0.0,0.0,0.0,0.0,0,0,0,0,1,1,1
4924,Personne physique,REEL,PC,CIME,CRIC2,Bon,18.55792732545817,0.0,0.0,0.0,0.0,0.0,0.0,0.0,0.0,0,0,0,0,0,1,0
4925,Personne morale,REEL,PC,CIME,CRIL2,Bon,18.563482721603716,0.0,0.0,0.0,,0.0,0.0,0.0,0.0,0,0,0,0,2,1,1
4926,Personne physique,REEL,PC,CIME,CRIEN,Bon,18.57026832580825,0.0,0.0,0.0,0.0,0.0,0.0,0.0,0.0,0,0,0,0,0,1,0
4927,Personne morale,REEL,PC,CIME,CRIL2,Bon,18.583111143531482,0.0,0.0,0.0,,0.0,0.0,0.0,0.0,0,0,0,0,1,1,1
4928,Personne morale,REEL,PC,CIME,CRIL2,Bon,18.5887343374017,0.0,0.0,0.0,,0.0,0.0,0.0,0.0,0,0,0,0,1,1,1
4929,Personne physique,REEL,PC,CIME,CRIO,Bon,18.590648868673636,0.0,0.0,0.0,,0.0,0.0,0.0,0.0,0,0,0,0,1,1,1
4930,Personne physique,REEL,PC,CIME,CRIE,Bon,18.59640978445203,0.0,0.0,0.0,,0.0,0.0,0.0,0.0,0,0,0,0,1,1,1
4931,Personne morale,REEL,PC,CIME,CRILEXT,Bon,18.598096872113928,0.0,0.0,0.0,,0.0,0.0,0.0,0.0,0,0,0,0,2,1,1
4932,Personne morale,REEL,PC,CIME,CRIL2,Bon,18.603198764779332,0.0,0.0,0.0,,0.0,0.0,0.0,0.0,0,0,0,0,1,1,1
4933,Personne physique,REEL,PC,CIME,CRIL1,Bon,18.61424208867115,0.0,0.0,0.0,,0.0,0.0,0.0,0.0,0,0,0,0,1,1,1
4934,Personne morale,REEL,PC,CIME,CRIL2,Bon,18.61858805933981,0.0,0.0,0.0,,0.0,0.0,0.0,0.0,0,0,0,0,2,1,1
4935,Personne morale,REEL,PC,CIME,CRIL1,Bon,18.623256206919823,0.0,0.0,0.0,,0.0,0.0,0.0,0.0,0,0,0,0,1,1,1
4936,Personne morale,REEL,PC,CIME,CRIL2,Bon,18.62376195360754,0.0,0.0,0.0,,0.0,0.0,0.0,0.0,0,0,0,1,1,1,1
4937,Personne morale,REEL,PC,CIME,CRIL1,Bon,18.64642567673788,0.0,0.0,0.0,,0.0,0.0,0.0,0.0,0,0,0,0,1,1,1
4938,Personne morale,REEL,PC,CIME,CRIL1,Bon,18.648901568075026,0.0,0.0,0.0,0.0,0.0,0.0,0.0,0.0,0,0,0,0,0,1,0
4939,Personne morale,REEL,PC,CIME,CRIC1,Bon,18.653189235009815,0.0,0.0,0.0,,0.0,0.0,0.0,0.0,0,0,0,0,2,1,1
4940,Personne morale,REEL,PC,CIME,CRIL2,Bon,18.660246123901754,0.0,0.0,0.0,,0.0,0.0,0.0,0.0,0,0,0,0,1,1,1
4941,Personne physique,REEL,PC,CIME,CRINO,Bon,18.660405330961538,0.0,0.0,0.0,0.0,0.0,0.0,0.0,0.0,0,0,0,0,0,1,0
4942,Personne morale,REEL,PC,CIME,CRIL2,Bon,18.662267371340697,0.0,0.0,0.0,,0.0,0.0,0.0,0.0,0,0,0,0,1,1,1
4943,Personne morale,REEL,PC,CIME,CRICEXT,Bon,18.66778034007212,0.0,0.0,0.0,,0.0,0.0,0.0,0.0,0,0,0,0,1,1,1
4944,Personne physique,REEL,PC,CIME,CRIL1,Bon,18.676484791017504,0.0,0.0,0.0,,0.0,0.0,0.0,0.0,0,0,0,0,1,1,1
4945,Personne morale,REEL,PC,CIME,CRIO,Bon,18.67787297185219,0.0,0.0,0.0,,0.0,0.0,0.0,0.0,0,0,0,0,1,1,1
4946,Personne morale,REEL,PC,CIME,CRIC1,Bon,18.686388681340652,0.0,0.0,0.0,,0.0,0.0,0.0,0.0,0,0,0,0,1,1,1
4947,Personne morale,REEL,PC,CIME,CRIC1,Bon,18.698196451092215,0.0,0.0,0.0,,0.0,0.0,0.0,0.0,0,0,0,0,1,1,1
4948,Personne morale,REEL,PC,CIME,CRIL2,Bon,18.72192543439208,0.0,0.0,0.0,,0.0,0.0,0.0,0.0,0,0,0,0,1,1,1
4949,Personne morale,REEL,PC,CIME,CRIL2,Bon,18.725212839050123,0.0,0.0,0.0,,0.0,0.0,0.0,0.0,0,0,0,0,1,1,1
4950,Personne morale,REEL,PC,CIME,CRIL2,Bon,18.725331512791087,0.0,0.0,0.0,,0.0,0.0,0.0,0.0,0,0,0,0,1,1,1
4951,Personne physique,REEL,PC,CIME,CRIO,Bon,18.729383642571158,0.0,0.0,0.0,,0.0,0.0,0.0,0.0,0,0,0,0,1,1,1
4952,Personne physique,REEL,PC,CIME,CRISO,Bon,18.73585050692712,0.0,0.0,0.0,0.0,0.0,0.0,0.0,0.0,0,0,0,0,0,1,0
4953,Personne physique,REEL,PC,CIME,CRIL2,Bon,18.738997534785916,0.0,0.0,0.0,,0.0,0.0,0.0,0.0,0,0,0,0,1,1,1
4954,Personne physique,REEL,PC,CIME,CRIC1,Bon,18.74097083883148,0.0,0.0,0.0,0.0,0.0,0.0,0.0,0.0,0,0,0,0,0,1,0
4955,Personne physique,REEL,PC,CIME,CRIC1,Bon,18.74632745978197,0.0,0.0,0.0,,0.0,0.0,0.0,0.0,0,0,0,0,1,1,1
4956,Personne morale,REEL,PC,CIME,CRIC1,Bon,18.75621744309483,0.0,0.0,0.0,,0.0,0.0,0.0,0.0,0,0,0,0,1,1,1
4957,Personne morale,HRI,PC,CDI,CRINO,Bon,18.784090152394498,0.0,0.0,0.0,,0.0,0.0,0.0,0.0,0,0,0,1,1,1,1
4958,Personne morale,REEL,PC,CIME,CRIL1,Bon,18.7856563022744,0.0,0.0,0.0,,0.0,0.0,0.0,0.0,0,0,0,0,1,1,1
4959,Personne morale,REEL,PC,CIME,CRIC2,Bon,18.793959325440007,0.0,0.0,0.0,,0.0,0.0,0.0,0.0,0,0,0,0,1,1,1
4960,Personne morale,REEL,PC,CIME,CRIN,Bon,18.799959331812246,0.0,0.0,0.0,,0.0,0.0,0.0,0.0,0,0,0,0,1,1,1
4961,Personne morale,REEL,PC,CIME,CRIL1,Bon,18.802975214178844,0.0,0.0,0.0,,0.0,0.0,0.0,0.0,0,0,0,0,1,1,1
4962,Personne morale,REEL,PC,CIME,CRIC1,Bon,18.82203607180434,0.0,0.0,0.0,,0.0,0.0,0.0,0.0,0,0,0,0,1,1,1
4963,Personne morale,REEL,PC,CIME,CRIL2,Bon,18.831518069159834,0.0,0.0,0.0,,0.0,0.0,0.0,0.0,0,0,0,0,1,1,1
4964,Personne morale,REEL,PC,CIME,CRIL1,Bon,18.834792726522664,0.0,0.0,0.0,,0.0,0.0,0.0,0.0,0,0,0,0,1,1,1
4965,Personne morale,REEL,PC,CIME,CRIL2,Bon,18.83718730359658,0.0,0.0,0.0,,0.0,0.0,0.0,0.0,0,0,0,0,1,1,1
4966,Personne morale,REEL,PC,CIME,CRIC1,Bon,18.84515103730129,0.0,0.0,0.0,,0.0,0.0,0.0,0.0,0,0,0,0,1,1,1
4967,Personne morale,REEL,PC,CIME,CRILEXT,Bon,18.845415886573956,0.0,0.0,0.0,,0.0,0.0,0.0,0.0,0,0,0,0,1,1,1
4968,Personne morale,REEL,PC,CIME,CRIL2,Bon,18.848242108415306,0.0,0.0,0.0,,0.0,0.0,0.0,0.0,0,0,0,0,1,1,1
4969,Personne morale,REEL,PC,CIME,CRIL1,Bon,18.853062720865328,0.0,0.0,0.0,,0.0,0.0,0.0,0.0,0,0,0,0,2,1,1
4970,Personne morale,REEL,PC,CIME,CRIL1,Bon,18.85319182989871,0.0,0.0,0.0,,0.0,0.0,0.0,0.0,0,0,0,0,1,1,1
4971,Personne morale,REEL,PC,CIME,CRIL1,Bon,18.856926832704037,0.0,0.0,0.0,,0.0,0.0,0.0,0.0,0,0,0,0,1,1,1
4972,Personne morale,REEL,PC,CIME,CRIL2,Bon,18.869969730016837,0.0,0.0,0.0,,0.0,0.0,0.0,0.0,0,0,0,0,2,1,1
4973,Personne morale,REEL,PC,CIME,CRIL2,Bon,18.87311427532751,0.0,0.0,0.0,,0.0,0.0,0.0,0.0,0,0,0,0,1,1,1
4974,Personne morale,REEL,PC,CIME,CRIL2,Bon,18.886268977168115,0.0,0.0,0.0,,0.0,0.0,0.0,0.0,0,0,0,1,1,1,1
4975,Personne physique,REEL,PC,CIME,CRIC1,Bon,18.88823220032825,0.0,0.0,0.0,0.0,0.0,0.0,0.0,0.0,0,0,0,0,0,1,0
4976,Personne morale,REEL,PC,CIME,CRIC1,Bon,18.889597851897552,0.0,0.0,0.0,,0.0,0.0,0.0,0.0,0,0,0,0,2,1,1
4977,Personne morale,REEL,PC,CIME,CRIC1,Bon,18.924130585389157,0.0,0.0,0.0,,0.0,0.0,0.0,0.0,0,0,0,0,1,1,1
4978,Personne morale,REEL,PC,CIME,CRIL2,Bon,18.95304960867902,0.0,0.0,0.0,,0.0,0.0,0.0,0.0,0,0,0,0,1,1,1
4979,Personne physique,REEL,PC,CIME,CRIO,Bon,18.95695314853529,0.0,0.0,0.0,,0.0,0.0,0.0,0.0,0,0,0,0,1,1,1
4980,Personne morale,REEL,PC,CIME,CRIL1,Bon,18.958347700399287,0.0,0.0,0.0,,0.0,0.0,0.0,0.0,0,0,0,0,1,1,1
4981,Personne morale,REEL,PC,CIME,CRIC2,Bon,18.97999461202886,0.0,0.0,0.0,,0.0,0.0,0.0,0.0,0,0,0,0,1,1,1
4982,Personne morale,REEL,PC,CIME,CRIL2,Bon,19.018051556058943,0.0,0.0,0.0,,0.0,0.0,0.0,0.0,0,0,0,0,1,1,1
4983,Personne morale,REEL,PC,CIME,CRIC1,Bon,19.02419923443598,0.0,0.0,0.0,,0.0,0.0,0.0,0.0,0,0,0,0,1,1,1
4984,Personne morale,REEL,PC,CIME,CRILEXT,Bon,19.03499183857788,0.0,0.0,0.0,,0.0,0.0,0.0,0.0,0,0,0,0,1,1,1
4985,Personne morale,REEL,PC,CIME,CRIL2,Bon,19.05369760894391,0.0,0.0,0.0,,0.0,0.0,0.0,0.0,0,0,0,0,2,1,1
4986,Personne physique,REEL,PC,CIME,CRILEXT,Bon,19.05726335607598,0.0,0.0,0.0,,0.0,0.0,0.0,0.0,0,0,0,0,1,1,1
4987,Personne morale,REEL,PC,CIME,CRIC2,Bon,19.06041587135031,0.0,0.0,0.0,,0.0,0.0,0.0,0.0,0,0,0,0,2,1,1
4988,Personne morale,REEL,PC,CIME,CRIL1,Bon,19.071895902681298,0.0,0.0,0.0,,0.0,0.0,0.0,0.0,0,0,0,0,1,1,1
4989,Personne morale,REEL,PC,CIME,CRIL1,Bon,19.08081076785094,0.0,0.0,0.0,,0.0,0.0,0.0,0.0,0,0,0,0,2,1,1
4990,Personne morale,REEL,PC,CIME,CRISO,Bon,19.085116703871975,0.0,0.0,0.0,,0.0,0.0,0.0,0.0,0,0,0,0,1,1,1
4991,Personne morale,REEL,PC,CIME,CRIL2,Bon,19.096925606749352,0.0,0.0,0.0,,0.0,0.0,0.0,0.0,0,0,0,0,1,1,1
4992,Personne physique,HRI,PC,CDI,CRIL2,Bon,19.101751886794336,0.0,0.0,0.0,,0.0,0.0,0.0,0.0,0,0,0,1,1,1,1
4993,Personne morale,REEL,PC,CIME,CRIL2,Bon,19.10602870451034,0.0,0.0,0.0,,0.0,0.0,0.0,0.0,0,0,0,0,1,1,1
4994,Personne morale,REEL,PC,CIME,CRIL1,Bon,19.114383864948785,0.0,0.0,0.0,0.0,0.0,0.0,0.0,0.0,0,0,0,0,0,1,0
4995,Personne morale,REEL,PC,CIME,CRIL2,Bon,19.11746847964239,0.0,0.0,0.0,,0.0,0.0,0.0,0.0,0,0,0,0,1,1,1
4996,Personne morale,REEL,PC,CIME,CRIL2,Bon,19.123817561523676,0.0,0.0,0.0,,0.0,0.0,0.0,0.0,0,0,0,0,1,1,1
4997,Personne morale,REEL,PC,CIME,CRIL2,Bon,19.12701341263591,0.0,0.0,0.0,,0.0,0.0,0.0,0.0,0,0,0,0,2,1,1
4998,Personne morale,REEL,PC,CIME,CRIL1,Bon,19.14207878925212,0.0,0.0,0.0,,0.0,0.0,0.0,0.0,0,0,0,0,1,1,1
4999,Personne morale,REEL,PC,CIME,CRIL1,Bon,19.193365296833136,0.0,0.0,0.0,,0.0,0.0,0.0,0.0,0,0,0,0,2,1,1
5000,Personne morale,REEL,PC,CIME,CRIL2,Bon,19.20803630665136,0.0,0.0,0.0,,0.0,0.0,0.0,0.0,0,0,0,0,1,1,1
5001,Personne morale,REEL,PC,CIME,CRIC2,Bon,19.211862521537615,0.0,0.0,0.0,,0.0,0.0,0.0,0.0,0,0,0,0,1,1,1
5002,Personne morale,REEL,PC,CIME,CRIO,Bon,19.233824069434803,0.0,0.0,0.0,,0.0,0.0,0.0,0.0,0,0,0,0,1,1,1
5003,Personne morale,REEL,PC,CIME,CRIL1,Bon,19.24152982738057,0.0,0.0,0.0,,0.0,0.0,0.0,0.0,0,0,0,0,1,1,1
5004,Personne physique,REEL,PC,CIME,CRIO,Bon,19.253154428619723,0.0,0.0,0.0,,0.0,0.0,0.0,0.0,0,0,0,0,2,1,1
5005,Personne morale,REEL,PC,CIME,CRIL1,Bon,19.257852230963255,0.0,0.0,0.0,,0.0,0.0,0.0,0.0,0,0,0,0,2,1,1
5006,Personne morale,REEL,PC,CIME,CRIC2,Bon,19.26531465345688,0.0,0.0,0.0,0.0,0.0,0.0,0.0,0.0,0,0,0,0,0,1,0
5007,Personne morale,REEL,PC,CIME,CRIC1,Bon,19.271351153753265,0.0,0.0,0.0,,0.0,0.0,0.0,0.0,0,0,0,0,2,1,1
5008,Personne morale,REEL,PC,CIME,CRILEXT,Bon,19.2823137449064,0.0,0.0,0.0,,0.0,0.0,0.0,0.0,0,0,0,0,2,1,1
5009,Personne morale,REEL,PC,CIME,CRIL2,Bon,19.284871321277997,0.0,0.0,0.0,,0.0,0.0,0.0,0.0,0,0,0,0,2,1,1
5010,Personne morale,REEL,PC,CIME,CRILEXT,Bon,19.284889466274397,0.0,0.0,0.0,,0.0,0.0,0.0,0.0,0,0,0,0,2,1,1
5011,Personne morale,REEL,PC,CIME,CRIL2,Bon,19.300558273284544,0.0,0.0,0.0,,0.0,0.0,0.0,0.0,0,0,0,0,1,1,1
5012,Personne morale,REEL,PC,CIME,CRIC1,Bon,19.30406683121176,0.0,0.0,0.0,,0.0,0.0,0.0,0.0,0,0,0,0,1,1,1
5013,Personne morale,REEL,PC,CIME,CRINO,Bon,19.306341845573254,0.0,0.0,0.0,,0.0,0.0,0.0,0.0,0,0,0,0,1,1,1
5014,Personne morale,REEL,PC,CIME,CRILEXT,Bon,19.309166022370235,0.0,0.0,0.0,,0.0,0.0,0.0,0.0,0,0,0,0,2,1,1
5015,Personne morale,REEL,PC,CIME,CRIL2,Bon,19.32253343107188,0.0,0.0,0.0,,0.0,0.0,0.0,0.0,0,0,0,0,2,1,1
5016,Personne morale,REEL,PC,CIME,CRIC1,Bon,19.34382479012837,0.0,0.0,0.0,,0.0,0.0,0.0,0.0,0,0,0,0,1,1,1
5017,Personne morale,REEL,PC,CIME,CRIO,Bon,19.34680988358485,0.0,0.0,0.0,,0.0,0.0,0.0,0.0,0,0,0,0,1,1,1
5018,Personne morale,REEL,PC,CIME,CRIL1,Bon,19.352576962339164,0.0,0.0,0.0,,0.0,0.0,0.0,0.0,0,0,0,0,1,1,1
5019,Personne morale,REEL,PC,CIME,CRIL2,Bon,19.354024054615014,0.0,0.0,0.0,,0.0,0.0,0.0,0.0,0,0,0,0,1,1,1
5020,Personne morale,REEL,PC,CIME,CRIC2,Bon,19.35621156453538,0.0,0.0,0.0,0.0,0.0,0.0,0.0,0.0,0,0,0,0,0,1,0
5021,Personne morale,REEL,PC,CIME,CRIL2,Bon,19.356327540683438,0.0,0.0,0.0,,0.0,0.0,0.0,0.0,0,0,0,0,1,1,1
5022,Personne morale,REEL,PC,CIME,CRILEXT,Bon,19.37327598329003,0.0,0.0,0.0,,0.0,0.0,0.0,0.0,0,0,0,0,2,1,1
5023,Personne morale,REEL,PC,CIME,CRIC2,Bon,19.383093833133092,0.0,0.0,0.0,,0.0,0.0,0.0,0.0,0,0,0,0,1,1,1
5024,Personne physique,REEL,PC,CIME,CRIC2,Bon,19.384084920801932,0.0,0.0,0.0,0.0,0.0,0.0,0.0,0.0,0,0,0,0,0,1,0
5025,Personne morale,REEL,PC,CIME,CRIL2,Bon,19.390282381267333,0.0,0.0,0.0,,0.0,0.0,0.0,0.0,0,0,0,0,1,1,1
5026,Personne morale,REEL,PC,CIME,CRIC1,Bon,19.413891779095835,0.0,0.0,0.0,,0.0,0.0,0.0,0.0,0,0,0,0,1,1,1
5027,Personne morale,REEL,PC,CIME,CRIL1,Bon,19.414408559192122,0.0,0.0,0.0,,0.0,0.0,0.0,0.0,0,0,0,0,1,1,1
5028,Personne morale,REEL,PC,CIME,CRIL1,Bon,19.42768363911782,0.0,0.0,0.0,,0.0,0.0,0.0,0.0,0,0,0,0,1,1,1
5029,Personne morale,REEL,PC,CIME,CRIL1,Bon,19.441386123892602,0.0,0.0,0.0,0.0,0.0,0.0,0.0,0.0,0,0,0,0,0,1,0
5030,Personne morale,REEL,PC,CIME,CRIL2,Bon,19.446751830390212,0.0,0.0,0.0,,0.0,0.0,0.0,0.0,0,0,0,0,1,1,1
5031,Personne physique,REEL,PC,CIME,CRIC2,Bon,19.45316663102329,0.0,0.0,0.0,,0.0,0.0,0.0,0.0,0,0,0,0,1,1,1
5032,Personne morale,REEL,PC,CIME,CRIC2,Bon,19.468677582129043,0.0,0.0,0.0,,0.0,0.0,0.0,0.0,0,0,0,0,2,1,1
5033,Personne morale,REEL,PC,CIME,CRIL2,Bon,19.469912560253437,0.0,0.0,0.0,,0.0,0.0,0.0,0.0,0,0,0,0,1,1,1
5034,Personne morale,REEL,PC,CIME,CRIC1,Bon,19.482252289870804,0.0,0.0,0.0,,0.0,0.0,0.0,0.0,0,0,0,0,1,1,1
5035,Personne morale,REEL,PC,CIME,CRIL2,Bon,19.48638748821311,0.0,0.0,0.0,,0.0,0.0,0.0,0.0,0,0,0,0,2,1,1
5036,Personne morale,REEL,PC,CIME,CRIL2,Bon,19.486598224950068,0.0,0.0,0.0,0.0,0.0,0.0,0.0,0.0,0,0,0,0,0,1,0
5037,Personne morale,REEL,PC,CIME,CRIL2,Bon,19.492841881791037,0.0,0.0,0.0,,0.0,0.0,0.0,0.0,0,0,0,0,1,1,1
5038,Personne morale,REEL,PC,CIME,CRIC1,Bon,19.506249156620253,0.0,0.0,0.0,,0.0,0.0,0.0,0.0,0,0,0,0,1,1,1
5039,Personne morale,REEL,PC,CIME,CRIL2,Bon,19.50958405937155,0.0,0.0,0.0,,0.0,0.0,0.0,0.0,0,0,0,0,1,1,1
5040,Personne morale,REEL,PC,CIME,CRINO,Bon,19.512001510633628,0.0,0.0,0.0,,0.0,0.0,0.0,0.0,0,0,0,0,1,1,1
5041,Personne physique,REEL,PC,CIME,CRIO,Bon,19.528272869594456,0.0,0.0,0.0,0.0,0.0,0.0,0.0,0.0,0,0,0,0,0,1,0
5042,Personne morale,REEL,PC,CIME,CRIL2,Bon,19.535300949493777,0.0,0.0,0.0,,0.0,0.0,0.0,0.0,0,0,0,0,2,1,1
5043,Personne physique,REEL,PC,CIME,CRIA,Bon,19.560267802669955,0.0,0.0,0.0,,0.0,0.0,0.0,0.0,0,0,0,0,1,1,1
5044,Personne morale,REEL,PC,CIME,CRIC2,Bon,19.56780559635771,0.0,0.0,0.0,,0.0,0.0,0.0,0.0,0,0,0,0,1,1,1
5045,Personne physique,REEL,PC,CIME,CRICEXT,Bon,19.57408864223575,0.0,0.0,0.0,,0.0,0.0,0.0,0.0,0,0,0,0,1,1,1
5046,Personne morale,REEL,PC,CIME,CRIC1,Bon,19.58662978505456,0.0,0.0,0.0,,0.0,0.0,0.0,0.0,0,0,0,0,1,1,1
5047,Personne morale,REEL,PC,CIME,CRIC2,Bon,19.587148421864168,0.0,0.0,0.0,,0.0,0.0,0.0,0.0,0,0,0,0,1,1,1
5048,Personne morale,REEL,PC,CIME,CRIL1,Bon,19.58754333157979,0.0,0.0,0.0,,0.0,0.0,0.0,0.0,0,0,0,0,2,1,1
5049,Personne morale,REEL,PC,CIME,CRILEXT,Bon,19.599898378906296,0.0,0.0,0.0,,0.0,0.0,0.0,0.0,0,0,0,0,2,1,1
5050,Personne morale,REEL,PC,CIME,CRIC2,Bon,19.6013144183419,0.0,0.0,0.0,,0.0,0.0,0.0,0.0,0,0,0,0,1,1,1
5051,Personne morale,REEL,PC,CIME,CRINO,Bon,19.603579651381235,0.0,0.0,0.0,,0.0,0.0,0.0,0.0,0,0,0,0,1,1,1
5052,Personne morale,REEL,PC,CIME,CRIL2,Bon,19.62296638281474,0.0,0.0,0.0,0.0,0.0,0.0,0.0,0.0,0,0,0,0,0,1,0
5053,Personne morale,REEL,PC,CIME,CRIC1,Bon,19.63703415925054,0.0,0.0,0.0,,0.0,0.0,0.0,0.0,0,0,0,0,2,1,1
5054,Personne morale,REEL,PC,CIME,CRIL2,Bon,19.64643853293454,0.0,0.0,0.0,,0.0,0.0,0.0,0.0,0,0,0,0,1,1,1
5055,Personne morale,REEL,PC,CIME,CRISO,Bon,19.681804256921897,0.0,0.0,0.0,,0.0,0.0,0.0,0.0,0,0,0,0,1,1,1
5056,Personne morale,REEL,PC,CIME,CRIL2,Bon,19.682989126821266,0.0,0.0,0.0,,0.0,0.0,0.0,0.0,0,0,0,0,2,1,1
5057,Personne morale,REEL,PC,CIME,CRIL2,Bon,19.68938888410909,0.0,0.0,0.0,,0.0,0.0,0.0,0.0,0,0,0,0,1,1,1
5058,Personne morale,REEL,PC,CIME,CRIO,Bon,19.69493356264134,0.0,0.0,0.0,,0.0,0.0,0.0,0.0,0,0,0,0,2,1,1
5059,Personne morale,REEL,PC,CIME,CRIC1,Bon,19.69528008540657,0.0,0.0,0.0,,0.0,0.0,0.0,0.0,0,0,0,0,2,1,1
5060,Personne morale,REEL,PC,CIME,CRIL2,Bon,19.696120776019406,0.0,0.0,0.0,,0.0,0.0,0.0,0.0,0,0,0,0,1,1,1
5061,Personne morale,REEL,PC,CIME,CRIS,Bon,19.69833939570706,0.0,0.0,0.0,,0.0,0.0,0.0,0.0,0,0,0,0,1,1,1
5062,Personne morale,REEL,PC,CIME,CRIL1,Bon,19.729043536126337,0.0,0.0,0.0,,0.0,0.0,0.0,0.0,0,0,0,0,1,1,1
5063,Personne physique,REEL,PC,CIME,CRIEN,Bon,19.741506151216377,0.0,0.0,0.0,,0.0,0.0,0.0,0.0,0,0,0,0,1,1,1
5064,Personne morale,REEL,PC,CIME,CRIL1,Bon,19.766560022543754,0.0,0.0,0.0,,0.0,0.0,0.0,0.0,0,0,0,0,1,1,1
5065,Personne morale,REEL,PC,CIME,CRIC1,Bon,19.76727421105059,0.0,0.0,0.0,,0.0,0.0,0.0,0.0,0,0,0,0,1,1,1
5066,Personne morale,REEL,PC,CIME,CRIC2,Bon,19.76739106532386,0.0,0.0,0.0,,0.0,0.0,0.0,0.0,0,0,0,0,1,1,1
5067,Personne morale,REEL,PC,CIME,CRIL1,Bon,19.790002506963155,0.0,0.0,0.0,,0.0,0.0,0.0,0.0,0,0,0,0,1,1,1
5068,Personne morale,REEL,PC,CIME,CRIL2,Bon,19.81478196210808,0.0,0.0,0.0,,0.0,0.0,0.0,0.0,0,0,0,0,1,1,1
5069,Personne morale,REEL,PC,CIME,CRIL2,Bon,19.82015206880162,0.0,0.0,0.0,,0.0,0.0,0.0,0.0,0,0,0,0,2,1,1
5070,Personne morale,REEL,PC,CIME,CRIL1,Bon,19.836604914501468,0.0,0.0,0.0,,0.0,0.0,0.0,0.0,0,0,0,0,1,1,1
5071,Personne morale,REEL,PC,CIME,CRIL2,Bon,19.864303070648607,0.0,0.0,0.0,,0.0,0.0,0.0,0.0,0,0,0,0,1,1,1
5072,Personne morale,REEL,PC,CIME,CRISO,Bon,19.87559387659254,0.0,0.0,0.0,,0.0,0.0,0.0,0.0,0,0,0,0,2,1,1
5073,Personne morale,REEL,PC,CIME,CRIL2,Bon,19.88090351074774,0.0,0.0,0.0,,0.0,0.0,0.0,0.0,0,0,0,0,1,1,1
5074,Personne morale,REEL,PC,CIME,CRIC2,Bon,19.892726878052066,0.0,0.0,0.0,,0.0,0.0,0.0,0.0,0,0,0,0,1,1,1
5075,Personne morale,REEL,PC,CIME,CRIL2,Bon,19.904637944746195,0.0,0.0,0.0,,0.0,0.0,0.0,0.0,0,0,0,0,1,1,1
5076,Personne physique,REEL,PC,CIME,CRIA,Bon,19.9112045420517,0.0,0.0,0.0,0.0,0.0,0.0,0.0,0.0,0,0,0,0,0,1,0
5077,Personne morale,REEL,PC,CIME,CRIC1,Bon,19.919837451749586,0.0,0.0,0.0,,0.0,0.0,0.0,0.0,0,0,0,0,1,1,1
5078,Personne morale,REEL,PC,CIME,CRIL1,Bon,19.935284906071587,0.0,0.0,0.0,,0.0,0.0,0.0,0.0,0,0,0,0,1,1,1
5079,Personne morale,REEL,PC,CIME,CRIL2,Bon,19.939676403576463,0.0,0.0,0.0,,0.0,0.0,0.0,0.0,0,0,0,0,1,1,1
5080,Personne morale,REEL,PC,CIME,CRIC2,Bon,19.949038883146283,0.0,0.0,0.0,0.0,0.0,0.0,0.0,0.0,0,0,0,0,0,1,0
5081,Personne morale,REEL,PC,CIME,CRIL2,Bon,19.955199504854157,0.0,0.0,0.0,,0.0,0.0,0.0,0.0,0,0,0,0,2,1,1
5082,Personne morale,REEL,PC,CIME,CRICEXT,Bon,19.957685678799635,0.0,0.0,0.0,,0.0,0.0,0.0,0.0,0,0,0,0,2,1,1
5083,Personne morale,REEL,PC,CIME,CRIL2,Bon,19.961391359631424,0.0,0.0,0.0,,0.0,0.0,0.0,0.0,0,0,0,0,1,1,1
5084,Personne morale,REEL,PC,CIME,CRIN,Bon,19.964397144591292,0.0,0.0,0.0,,0.0,0.0,0.0,0.0,0,0,0,0,1,1,1
5085,Personne morale,REEL,PC,CIME,CRIL2,Bon,19.972529771554232,0.0,0.0,0.0,,0.0,0.0,0.0,0.0,0,0,0,0,1,1,1
5086,Personne morale,REEL,PC,CIME,CRIL2,Bon,20.001117309417854,0.0,0.0,0.0,,0.0,0.0,0.0,0.0,0,0,0,0,1,1,1
5087,Personne morale,REEL,PC,CIME,CRIL2,Bon,20.052835386498778,0.0,0.0,0.0,,0.0,0.0,0.0,0.0,0,0,0,0,1,1,1
5088,Personne morale,REEL,PC,CIME,CRIL1,Bon,20.06648826284113,0.0,0.0,0.0,,0.0,0.0,0.0,0.0,0,0,0,0,1,1,1
5089,Personne morale,REEL,PC,CIME,CRINO,Bon,20.073455668636583,0.0,0.0,0.0,,0.0,0.0,0.0,0.0,0,0,0,0,1,1,1
5090,Personne morale,REEL,PC,CIME,CRIL2,Bon,20.109588037893808,0.0,0.0,0.0,,0.0,0.0,0.0,0.0,0,0,0,0,1,1,1
5091,Personne physique,REEL,PC,CIME,CRIL2,Bon,20.116675416553527,0.0,0.0,0.0,,0.0,0.0,0.0,0.0,0,0,0,0,1,1,1
5092,Personne morale,REEL,PC,CIME,CRILEXT,Bon,20.122811439248533,0.0,0.0,0.0,,0.0,0.0,0.0,0.0,0,0,0,0,1,1,1
5093,Personne morale,REEL,PC,CIME,CRIL2,Bon,20.133691920861967,0.0,0.0,0.0,,0.0,0.0,0.0,0.0,0,0,0,0,1,1,1
5094,Personne morale,REEL,PC,CIME,CRIL2,Bon,20.1349080677953,0.0,0.0,0.0,,0.0,0.0,0.0,0.0,0,0,0,0,2,1,1
5095,Personne physique,REEL,PC,CIME,CRIN,Bon,20.139633225405046,0.0,0.0,0.0,,0.0,0.0,0.0,0.0,0,0,0,0,1,1,1
5096,Personne morale,REEL,PC,CIME,CRIL1,Bon,20.15731821796126,0.0,0.0,0.0,,0.0,0.0,0.0,0.0,0,0,0,0,1,1,1
5097,Personne morale,REEL,PC,CIME,CRISO,Bon,20.17109268128403,0.0,0.0,0.0,,0.0,0.0,0.0,0.0,0,0,0,0,1,1,1
5098,Personne morale,REEL,PC,CIME,CRIL2,Bon,20.177676136188424,0.0,0.0,0.0,,0.0,0.0,0.0,0.0,0,0,0,0,1,1,1
5099,Personne morale,REEL,PC,CIME,CRIL2,Bon,20.23636304338548,0.0,0.0,0.0,,0.0,0.0,0.0,0.0,0,0,0,0,2,1,1
5100,Personne morale,REEL,PC,CIME,CRIC2,Bon,20.25373406116032,0.0,0.0,0.0,,0.0,0.0,0.0,0.0,0,0,0,0,1,1,1
5101,Personne morale,REEL,PC,CIME,CRIC1,Bon,20.2802109332556,0.0,0.0,0.0,,0.0,0.0,0.0,0.0,0,0,0,0,1,1,1
5102,Personne morale,REEL,PC,CIME,CRIC2,Bon,20.301004203686098,0.0,0.0,0.0,,0.0,0.0,0.0,0.0,0,0,0,0,1,1,1
5103,Personne morale,REEL,PC,CIME,CRIC1,Bon,20.305691868099732,0.0,0.0,0.0,,0.0,0.0,0.0,0.0,0,0,0,0,1,1,1
5104,Personne morale,REEL,PC,CIME,CRIC1,Bon,20.306276208423593,0.0,0.0,0.0,,0.0,0.0,0.0,0.0,0,0,0,0,1,1,1
5105,Personne physique,REEL,PC,CIME,CRIE,Bon,20.341626700149867,0.0,0.0,0.0,,0.0,0.0,0.0,0.0,0,0,0,0,2,1,1
5106,Personne morale,REEL,PC,CIME,CRILEXT,Bon,20.355598988476356,0.0,0.0,0.0,,0.0,0.0,0.0,0.0,0,0,0,0,2,1,1
5107,Personne physique,REEL,PC,CIME,CRIC1,Bon,20.35765245536071,0.0,0.0,0.0,,0.0,0.0,0.0,0.0,0,0,0,0,1,1,1
5108,Personne morale,REEL,PC,CIME,CRIL2,Bon,20.3758256043585,0.0,0.0,0.0,,0.0,0.0,0.0,0.0,0,0,0,0,1,1,1
5109,Personne morale,REEL,PC,CIME,CRIL1,Bon,20.380818297507542,0.0,0.0,0.0,,0.0,0.0,0.0,0.0,0,0,0,0,1,1,1
5110,Personne morale,REEL,PC,CIME,CRIL2,Bon,20.43152284611574,0.0,0.0,0.0,,0.0,0.0,0.0,0.0,0,0,0,0,2,1,1
5111,Personne morale,REEL,PC,CIME,CRIL2,Bon,20.43361952330203,0.0,0.0,0.0,,0.0,0.0,0.0,0.0,0,0,0,0,1,1,1
5112,Personne morale,REEL,PC,CIME,CRIL2,Bon,20.4586383429059,0.0,0.0,0.0,,0.0,0.0,0.0,0.0,0,0,0,0,1,1,1
5113,Personne morale,REEL,PC,CIME,CRIL2,Bon,20.458885191949374,0.0,0.0,0.0,,0.0,0.0,0.0,0.0,0,0,0,0,1,1,1
5114,Personne morale,REEL,PC,CIME,CRIL2,Bon,20.48798130377931,0.0,0.0,0.0,,0.0,0.0,0.0,0.0,0,0,0,0,2,1,1
5115,Personne physique,REEL,PC,CIME,CRIC2,Bon,20.514032052217495,0.0,0.0,0.0,,0.0,0.0,0.0,0.0,0,0,0,0,1,1,1
5116,Personne morale,REEL,PC,CIME,CRIL2,Bon,20.582705882894615,0.0,0.0,0.0,,0.0,0.0,0.0,0.0,0,0,0,0,1,1,1
5117,Personne morale,REEL,PC,CIME,CRIL1,Bon,20.609975563701656,0.0,0.0,0.0,,0.0,0.0,0.0,0.0,0,0,0,0,1,1,1
5118,Personne morale,REEL,PC,CIME,CRIL2,Bon,20.638230905500873,0.0,0.0,0.0,,0.0,0.0,0.0,0.0,0,0,0,0,1,1,1
5119,Personne morale,REEL,PC,CIME,CRIL2,Bon,20.74697689675191,0.0,0.0,0.0,,0.0,0.0,0.0,0.0,0,0,0,0,1,1,1
5120,Personne morale,REEL,PC,CIME,CRIL2,Bon,20.759357288872575,0.0,0.0,0.0,,0.0,0.0,0.0,0.0,0,0,0,0,1,1,1
5121,Personne morale,REEL,PC,CIME,CRIC1,Bon,20.763111862243605,0.0,0.0,0.0,,0.0,0.0,0.0,0.0,0,0,0,0,1,1,1
5122,Personne morale,REEL,PC,CIME,CRIL2,Bon,20.779269786704624,0.0,0.0,0.0,,0.0,0.0,0.0,0.0,0,0,0,0,1,1,1
5123,Personne morale,REEL,PC,CIME,CRIC1,Bon,20.800638343419067,0.0,0.0,0.0,0.0,0.0,0.0,0.0,0.0,0,0,0,0,0,1,0
5124,Personne morale,REEL,PC,CIME,CRIC1,Bon,20.80979308401406,0.0,0.0,0.0,,0.0,0.0,0.0,0.0,0,0,0,0,1,1,1
5125,Personne morale,REEL,PC,CIME,CRINO,Bon,20.82908871239947,0.0,0.0,0.0,,0.0,0.0,0.0,0.0,0,0,0,0,1,1,1
5126,Personne morale,REEL,PC,CIME,CRIC1,Bon,20.83740958553479,0.0,0.0,0.0,,0.0,0.0,0.0,0.0,0,0,0,0,1,1,1
5127,Personne morale,REEL,PC,CIME,CRIL1,Bon,20.854527067827586,0.0,0.0,0.0,,0.0,0.0,0.0,0.0,0,0,0,0,1,1,1
5128,Personne morale,REEL,PC,CIME,CRIL2,Bon,20.855470574578224,0.0,0.0,0.0,,0.0,0.0,0.0,0.0,0,0,0,0,1,1,1
5129,Personne morale,REEL,PC,CIME,CRIL1,Bon,20.855929104109045,0.0,0.0,0.0,,0.0,0.0,0.0,0.0,0,0,0,0,1,1,1
5130,Personne morale,REEL,PC,CIME,CRIC1,Bon,20.88219316270025,0.0,0.0,0.0,,0.0,0.0,0.0,0.0,0,0,0,0,1,1,1
5131,Personne morale,REEL,PC,CIME,CRIL2,Bon,20.886046827703133,0.0,0.0,0.0,,0.0,0.0,0.0,0.0,0,0,0,0,1,1,1
5132,Personne morale,REEL,PC,CIME,CRIC1,Bon,20.888384725170397,0.0,0.0,0.0,,0.0,0.0,0.0,0.0,0,0,0,0,1,1,1
5133,Personne morale,REEL,PC,CIME,CRIC1,Bon,20.912191914962822,0.0,0.0,0.0,,0.0,0.0,0.0,0.0,0,0,0,0,2,1,1
5134,Personne morale,REEL,PC,CIME,CRIC1,Bon,21.00074655380845,0.0,0.0,0.0,,0.0,0.0,0.0,0.0,0,0,0,0,1,1,1
5135,Personne morale,REEL,PC,CIME,CRIL1,Bon,21.044566601597904,0.0,0.0,0.0,,0.0,0.0,0.0,0.0,0,0,0,0,1,1,1
5136,Personne morale,HRI,PC,CDI,CRIL1,Bon,21.091054025984416,0.0,0.0,0.0,,0.0,0.0,0.0,0.0,0,0,0,1,1,1,1
5137,Personne morale,REEL,PC,CIME,CRIC1,Bon,21.164086886769923,0.0,0.0,0.0,,0.0,0.0,0.0,0.0,0,0,0,0,2,1,1
5138,Personne morale,REEL,PC,CIME,CRIL2,Bon,21.166139629012584,0.0,0.0,0.0,,0.0,0.0,0.0,0.0,0,0,0,0,1,1,1
5139,Personne morale,REEL,PC,CIME,CRINO,Bon,21.16981443562176,0.0,0.0,0.0,,0.0,0.0,0.0,0.0,0,0,0,0,1,1,1
5140,Personne morale,REEL,PC,CIME,CRIL2,Bon,21.171726274091526,0.0,0.0,0.0,,0.0,0.0,0.0,0.0,0,0,0,0,1,1,1
5141,Personne morale,REEL,PC,CIME,CRISO,Bon,21.26632320319236,0.0,0.0,0.0,,0.0,0.0,0.0,0.0,0,0,0,0,2,1,1
5142,Personne morale,REEL,PC,CIME,CRIL1,Bon,21.277010093701318,0.0,0.0,0.0,,0.0,0.0,0.0,0.0,0,0,0,0,1,1,1
5143,Personne morale,REEL,PC,CIME,CRIL1,Bon,21.34099088414401,0.0,0.0,0.0,,0.0,0.0,0.0,0.0,0,0,0,0,1,1,1
5144,Personne morale,REEL,PC,CIME,CRIO,Bon,21.424346960875376,0.0,0.0,0.0,,0.0,0.0,0.0,0.0,0,0,0,0,1,1,1
5145,Personne morale,REEL,PC,CIME,CRIN,Bon,21.447501023221015,0.0,0.0,0.0,,0.0,0.0,0.0,0.0,0,0,0,0,1,1,1
5146,Personne morale,REEL,PC,CIME,CRIL1,Bon,21.481654997721062,0.0,0.0,0.0,,0.0,0.0,0.0,0.0,0,0,0,0,1,1,1
5147,Personne morale,REEL,PC,CIME,CRIL2,Bon,21.516954223423888,0.0,0.0,0.0,,0.0,0.0,0.0,0.0,0,0,0,0,1,1,1
5148,Personne morale,REEL,PC,CIME,CRIL2,Bon,21.53532076843333,0.0,0.0,0.0,,0.0,0.0,0.0,0.0,0,0,0,0,1,1,1
5149,Personne morale,REEL,PC,CIME,CRIC2,Bon,21.564947361777314,0.0,0.0,0.0,,0.0,0.0,0.0,0.0,0,0,0,0,1,1,1
5150,Personne morale,REEL,PC,CIME,CRIL1,Bon,21.578340860647003,0.0,0.0,0.0,0.0,0.0,0.0,0.0,0.0,0,0,0,0,0,1,0
5151,Personne morale,REEL,PC,DGE,DGE,Bon,21.594763096746416,0.0,0.0,0.0,,0.0,0.0,0.0,0.0,0,0,0,0,2,1,1
5152,Personne morale,REEL,PC,CIME,CRIC1,Bon,21.620558472810284,0.0,0.0,0.0,,0.0,0.0,0.0,0.0,0,0,0,0,1,1,1
5153,Personne morale,REEL,PC,CIME,CRIC1,Bon,21.68005338049061,0.0,0.0,0.0,,0.0,0.0,0.0,0.0,0,0,0,0,1,1,1
5154,Personne morale,REEL,PC,DGE,DGE,Bon,21.888880490245374,0.0,0.0,0.0,,0.0,0.0,0.0,0.0,0,0,0,0,1,1,1
5155,Personne morale,REEL,PC,DGE,DGE,Bon,21.966238499846742,0.0,0.0,0.0,,0.0,0.0,0.0,0.0,0,0,0,0,1,1,1
5156,Personne morale,REEL,PC,DGE,DGE,Bon,22.008462347108324,0.0,0.0,0.0,,0.0,0.0,0.0,0.0,0,0,0,0,1,1,1
5157,Personne morale,REEL,PC,DGE,DGE,Bon,22.01547912932041,0.0,0.0,0.0,,0.0,0.0,0.0,0.0,0,0,0,0,1,1,1
5158,Personne morale,REEL,PC,DGE,DGE,Bon,22.04185662249078,0.0,0.0,0.0,,0.0,0.0,0.0,0.0,0,0,0,0,1,1,1
5159,Personne morale,REEL,PC,DGE,DGE,Bon,22.062768350893325,0.0,0.0,0.0,,0.0,0.0,0.0,0.0,0,0,0,0,1,1,1
5160,Personne morale,REEL,PC,DGE,DGE,Bon,22.085125638108735,0.0,0.0,0.0,,0.0,0.0,0.0,0.0,0,0,0,0,2,1,1
5161,Personne morale,REEL,PC,DGE,DGE,Bon,22.143757482208827,0.0,0.0,0.0,,0.0,0.0,0.0,0.0,0,0,0,0,1,1,1
5162,Personne morale,REEL,PC,DGE,DGE,Bon,22.205543337518844,0.0,0.0,0.0,,0.0,0.0,0.0,0.0,0,0,0,0,1,1,1
5163,Personne morale,REEL,PC,DGE,DGE,Bon,22.280674506143765,0.0,0.0,0.0,,0.0,0.0,0.0,0.0,0,0,0,0,1,1,1
5164,Personne morale,REEL,PC,DGE,DGE,Bon,22.31362781579049,0.0,0.0,0.0,,0.0,0.0,0.0,0.0,0,0,0,0,1,1,1
5165,Personne morale,REEL,PC,DGE,DGE,Bon,22.314368380561955,0.0,0.0,0.0,,0.0,0.0,0.0,0.0,0,0,0,0,1,1,1
5166,Personne morale,REEL,PC,DGE,DGE,Bon,22.342632151478394,0.0,0.0,0.0,,0.0,0.0,0.0,0.0,0,0,0,0,2,1,1
5167,Personne morale,REEL,PC,DGE,DGE,Bon,22.519239067963998,0.0,0.0,0.0,,0.0,0.0,0.0,0.0,0,0,0,0,2,1,1
5168,Personne morale,REEL,PC,DGE,DGE,Bon,22.527579093935636,0.0,0.0,0.0,,0.0,0.0,0.0,0.0,0,0,0,0,1,1,1
5169,Personne morale,REEL,PC,DGE,DGE,Bon,22.564336476501378,0.0,0.0,0.0,,0.0,0.0,0.0,0.0,0,0,0,0,2,1,1
5170,Personne morale,REEL,PC,DGE,DGE,Bon,22.57887386731312,0.0,0.0,0.0,,0.0,0.0,0.0,0.0,0,0,0,0,2,1,1
5171,Personne morale,REEL,PC,DGE,DGE,Bon,22.5913938848023,0.0,0.0,0.0,,0.0,0.0,0.0,0.0,0,0,0,0,2,1,1
5172,Personne morale,REEL,PC,DGE,DGE,Bon,22.735827665569705,0.0,0.0,0.0,,0.0,0.0,0.0,0.0,0,0,0,0,1,1,1
5173,Personne morale,REEL,PC,DGE,DGE,Bon,22.826281818245388,0.0,0.0,0.0,,0.0,0.0,0.0,0.0,0,0,0,0,1,1,1
5174,Personne morale,REEL,PC,DGE,DGE,Bon,22.828675325315185,0.0,0.0,0.0,,0.0,0.0,0.0,0.0,0,0,0,0,2,1,1
5175,Personne morale,REEL,PC,DGE,DGE,Bon,23.264909771578658,0.0,0.0,0.0,,0.0,0.0,0.0,0.0,0,0,0,0,1,1,1
